id,limit_bal,sex,age,education,marriage,pay_status_1,pay_status_2,pay_status_3,pay_status_4,pay_status_5,pay_status_6,bill_amt_1,bill_amt_2,bill_amt_3,bill_amt_4,bill_amt_5,bill_amt_6,pay_amt_1,pay_amt_2,pay_amt_3,pay_amt_4,pay_amt_5,pay_amt_6,default_next_month
1,160000.0,2,30,2,2,3,2,3,2,0,0,110750.0,98203.0,89384.0,134511.0,79640.0,109156.0,725.0,348.0,959.0,966.0,3373.0,4497.0,1
2,140000.0,2,51,3,2,-1,0,1,-1,-1,0,29625.0,30103.0,29782.0,46898.0,29810.0,58032.0,30103.0,831.0,9372.0,29810.0,58032.0,22619.0,0
3,140000.0,2,26,2,2,0,0,0,-1,-1,-1,51620.0,40837.0,50825.0,33618.0,31166.0,54560.0,8772.0,15115.0,17373.0,31166.0,54560.0,54560.0,0
4,50000.0,1,30,1,2,0,0,0,-1,0,0,29080.0,16099.0,27500.0,24869.0,25432.0,25257.0,11844.0,7971.0,1987.0,25432.0,9205.0,8396.0,0
5,50000.0,1,43,2,1,-1,0,1,0,-1,-1,14656.0,11208.0,19633.0,15681.0,14464.0,18949.0,11208.0,1430.0,2184.0,3775.0,18949.0,18949.0,1
6,100000.0,2,35,1,1,4,3,2,1,0,-2,56328.0,48221.0,48680.0,29092.0,45924.0,0.0,996.0,825.0,569.0,920.0,0.0,0.0,1
7,70000.0,1,39,2,1,0,-2,0,-1,0,-1,30842.0,0.0,24924.0,22254.0,28494.0,21549.0,0.0,13130.0,5450.0,28494.0,672.0,21549.0,0
8,320000.0,2,44,1,1,0,-2,-1,0,0,0,129116.0,0.0,76381.0,77473.0,81908.0,104782.0,0.0,1608.0,77473.0,8447.0,35664.0,15706.0,0
9,100000.0,2,37,2,2,2,0,0,0,0,0,22357.0,27324.0,29583.0,35493.0,37248.0,41629.0,830.0,13325.0,5804.0,11305.0,15838.0,3006.0,0
10,290000.0,2,23,2,2,0,0,1,-2,-1,0,123075.0,79701.0,101515.0,0.0,72730.0,109000.0,518.0,10626.0,0.0,14715.0,109000.0,2932.0,0
11,140000.0,1,47,2,2,0,0,0,0,2,0,46762.0,38035.0,34311.0,34996.0,40188.0,48135.0,1861.0,4362.0,10622.0,1034.0,872.0,1297.0,0
12,220000.0,1,46,2,1,0,0,0,0,0,-1,149004.0,129594.0,159528.0,157895.0,165180.0,131645.0,1577.0,47405.0,5213.0,3931.0,7254.0,131645.0,0
13,80000.0,1,33,2,1,0,0,0,3,2,1,48589.0,46200.0,38790.0,40955.0,38739.0,34271.0,3505.0,4357.0,1705.0,1309.0,741.0,1082.0,0
14,90000.0,2,42,2,2,0,0,0,0,0,0,29766.0,20952.0,34178.0,26626.0,31580.0,28615.0,1987.0,6529.0,5577.0,2736.0,11864.0,2753.0,1
15,280000.0,2,47,1,2,0,0,2,1,0,0,154284.0,179196.0,108885.0,161432.0,131458.0,133199.0,4624.0,1682.0,6426.0,4076.0,55712.0,17020.0,0
16,240000.0,2,40,2,2,-1,0,-1,-1,0,-2,64487.0,59646.0,62311.0,46477.0,32250.0,0.0,59646.0,25405.0,46477.0,32250.0,0.0,0.0,0
17,80000.0,2,32,2,2,0,0,0,0,-1,-2,37449.0,22093.0,23741.0,33017.0,30404.0,0.0,12749.0,1833.0,12044.0,4379.0,0.0,0.0,1
18,330000.0,2,42,2,1,-1,0,2,0,1,2,233440.0,199884.0,189371.0,162256.0,163856.0,214196.0,199884.0,11606.0,3988.0,6818.0,1201.0,5836.0,0
19,130000.0,2,48,2,1,0,0,-1,-1,0,-1,38994.0,39439.0,39283.0,37627.0,28149.0,21413.0,5617.0,28936.0,37627.0,28149.0,7192.0,21413.0,0
20,580000.0,2,44,1,1,0,0,0,0,-1,0,152896.0,104983.0,147448.0,240942.0,230562.0,105398.0,41102.0,41355.0,57761.0,133791.0,105398.0,51344.0,0
21,40000.0,1,36,3,1,1,-1,-1,0,0,-1,13919.0,17053.0,12255.0,14687.0,15129.0,17682.0,1352.0,12255.0,14687.0,3333.0,4682.0,17682.0,0
22,80000.0,1,41,3,1,0,0,-1,-1,-1,-1,7416.0,7243.0,20598.0,13885.0,11046.0,16639.0,2820.0,4476.0,13885.0,11046.0,16639.0,16639.0,0
23,210000.0,2,39,4,2,0,2,-1,2,0,-2,91756.0,104970.0,76937.0,56456.0,70906.0,0.0,30727.0,1098.0,56456.0,312.0,0.0,0.0,1
24,120000.0,1,31,2,2,-1,0,0,0,0,-2,17384.0,21882.0,13542.0,13804.0,15155.0,0.0,21882.0,1366.0,3364.0,3909.0,0.0,0.0,0
25,60000.0,1,36,3,2,2,1,0,2,1,2,43326.0,37775.0,37769.0,40353.0,43749.0,43557.0,161.0,89.0,1152.0,115.0,133.0,232.0,0
26,180000.0,2,52,3,2,3,2,1,0,0,0,86422.0,120429.0,115932.0,115555.0,120216.0,114478.0,1777.0,314.0,2160.0,4942.0,3838.0,709.0,0
27,260000.0,2,41,2,2,0,0,-1,0,0,0,94576.0,97435.0,82274.0,83170.0,108711.0,84909.0,11530.0,4408.0,83170.0,12659.0,5155.0,27141.0,1
28,90000.0,2,54,3,2,0,0,0,0,-1,0,35923.0,17049.0,35328.0,23477.0,29069.0,24629.0,2597.0,6771.0,5420.0,11103.0,24629.0,13803.0,0
29,230000.0,2,42,2,2,-1,0,-2,0,0,-1,64698.0,48934.0,0.0,96320.0,65678.0,89757.0,48934.0,0.0,5292.0,7624.0,4392.0,89757.0,0
30,120000.0,2,26,1,2,1,-1,0,0,-1,0,28230.0,46722.0,30824.0,36862.0,12007.0,34129.0,2098.0,30824.0,8847.0,2842.0,34129.0,7586.0,0
31,110000.0,2,40,1,2,0,1,0,2,1,0,98928.0,87823.0,92285.0,66540.0,94724.0,91578.0,6984.0,4306.0,5704.0,646.0,3183.0,5933.0,0
32,410000.0,1,60,2,2,-1,-1,-1,-1,-1,-1,785.0,-8200.0,42782.0,1522.0,56548.0,24313.0,0.0,42782.0,1522.0,56548.0,24313.0,24313.0,0
33,110000.0,1,52,2,1,-1,0,0,0,0,-2,87710.0,68867.0,71686.0,77266.0,65776.0,0.0,68867.0,12399.0,10668.0,4871.0,0.0,0.0,0
34,80000.0,1,27,2,2,1,0,0,-1,0,0,37090.0,24290.0,39934.0,26913.0,33930.0,29435.0,550.0,5390.0,5918.0,33930.0,4488.0,1898.0,0
35,190000.0,2,26,2,2,-1,0,0,0,0,0,62266.0,95649.0,79118.0,105628.0,86639.0,109807.0,95649.0,8977.0,23576.0,49021.0,24557.0,20724.0,0
36,40000.0,1,27,3,1,0,1,-2,0,0,-2,31376.0,29885.0,0.0,27666.0,35504.0,0.0,1447.0,0.0,1453.0,3814.0,0.0,0.0,0
37,60000.0,1,29,2,2,-1,0,0,0,0,0,10126.0,13793.0,14644.0,5358.0,8004.0,12096.0,13793.0,1424.0,710.0,1798.0,1703.0,4529.0,0
38,150000.0,1,34,1,2,0,0,0,-1,0,0,61445.0,70653.0,65018.0,59437.0,67071.0,66449.0,2080.0,1043.0,10097.0,67071.0,13020.0,7534.0,0
39,190000.0,2,33,1,1,0,0,-1,0,-1,0,22909.0,32813.0,21656.0,64860.0,9155.0,38490.0,8954.0,8655.0,64860.0,2035.0,38490.0,4984.0,0
40,180000.0,1,35,3,2,0,-1,0,2,-1,0,97202.0,89083.0,85303.0,104783.0,88592.0,85153.0,5404.0,85303.0,4767.0,316.0,85153.0,5400.0,0
41,130000.0,1,45,2,2,0,1,2,1,0,2,61046.0,48968.0,62492.0,61384.0,50722.0,19425.0,2517.0,4305.0,528.0,1298.0,4058.0,208.0,0
42,120000.0,2,40,1,2,-1,0,0,-1,-2,0,46194.0,75600.0,64232.0,69217.0,0.0,58649.0,75600.0,31540.0,5814.0,0.0,4823.0,4684.0,0
43,50000.0,2,37,2,2,5,4,3,2,0,0,42777.0,43177.0,37403.0,42711.0,41066.0,45417.0,578.0,155.0,1071.0,123.0,517.0,3303.0,1
44,140000.0,2,33,1,1,-2,0,-1,-1,-2,-1,0.0,40094.0,31624.0,37934.0,0.0,27043.0,6480.0,4648.0,37934.0,0.0,4929.0,27043.0,0
45,90000.0,2,29,2,1,0,-2,0,-1,0,-1,29776.0,0.0,28009.0,11406.0,20973.0,32907.0,0.0,3476.0,4351.0,20973.0,13518.0,32907.0,0
46,280000.0,2,37,6,2,0,0,0,0,0,0,172944.0,149657.0,126701.0,126642.0,101616.0,122799.0,25899.0,9584.0,10612.0,8847.0,18934.0,23151.0,0
47,60000.0,1,34,1,1,0,0,0,0,0,-2,21633.0,17754.0,22122.0,12219.0,28577.0,0.0,5148.0,3402.0,546.0,3274.0,0.0,0.0,0
48,30000.0,2,39,3,2,1,0,0,0,1,0,11512.0,11334.0,11518.0,15698.0,13764.0,10861.0,770.0,1414.0,2605.0,1092.0,364.0,1023.0,1
49,30000.0,2,29,2,2,0,0,0,-2,0,0,6540.0,10275.0,11852.0,0.0,4771.0,12992.0,2639.0,3197.0,0.0,436.0,6096.0,1700.0,0
50,110000.0,2,38,4,2,0,0,0,1,0,0,44081.0,16858.0,20051.0,19536.0,15780.0,33187.0,1059.0,2565.0,4474.0,150.0,1851.0,4064.0,0
51,130000.0,1,37,3,1,0,0,0,0,0,1,80383.0,89857.0,77290.0,76021.0,100538.0,85704.0,4850.0,5688.0,10221.0,29516.0,2388.0,1761.0,1
52,510000.0,2,31,1,2,-1,0,0,0,-1,0,12479.0,20794.0,49292.0,11418.0,-1227.0,97289.0,20794.0,9026.0,3202.0,0.0,97289.0,76163.0,0
53,40000.0,1,24,2,2,0,0,-1,-1,-1,0,11665.0,11055.0,17418.0,6237.0,10052.0,13094.0,6644.0,7765.0,6237.0,10052.0,13094.0,7531.0,0
54,100000.0,1,28,3,2,0,0,0,0,0,1,70769.0,91225.0,80634.0,75815.0,86578.0,72051.0,9879.0,11579.0,5952.0,3825.0,6220.0,4869.0,0
55,110000.0,1,28,1,2,-1,-1,0,-2,0,-1,28346.0,40419.0,24115.0,0.0,33388.0,49981.0,40419.0,24115.0,0.0,9521.0,11518.0,49981.0,0
56,360000.0,1,31,2,1,-2,2,0,-1,0,0,0.0,133525.0,206741.0,121690.0,199046.0,96799.0,6017.0,1910.0,15018.0,199046.0,2764.0,7601.0,0
57,240000.0,2,41,1,1,0,0,0,0,0,0,193585.0,203724.0,195427.0,192513.0,175032.0,194593.0,12335.0,8597.0,5679.0,16855.0,9599.0,15941.0,0
58,500000.0,1,34,1,2,-1,0,-1,-1,-1,-1,40256.0,107409.0,85922.0,40795.0,89911.0,69883.0,107409.0,37314.0,40795.0,89911.0,69883.0,69883.0,0
59,200000.0,2,45,1,1,3,2,1,0,0,2,82301.0,90978.0,93195.0,118887.0,112638.0,119941.0,409.0,744.0,145.0,6023.0,3194.0,625.0,1
60,350000.0,2,30,1,2,0,-1,-1,0,0,-1,109408.0,40057.0,122734.0,128868.0,71854.0,106737.0,7946.0,122734.0,128868.0,36074.0,36216.0,106737.0,0
61,110000.0,2,26,3,2,0,0,0,0,-1,0,33425.0,50698.0,13985.0,19955.0,59576.0,38545.0,8671.0,5176.0,1738.0,9302.0,38545.0,4503.0,0
62,100000.0,2,27,1,2,2,-2,0,-2,0,-1,46451.0,0.0,30178.0,0.0,28939.0,52894.0,0.0,1883.0,0.0,1060.0,7987.0,52894.0,1
63,240000.0,2,35,2,2,4,3,2,1,0,0,90674.0,87824.0,73349.0,72049.0,85018.0,71072.0,2034.0,2015.0,1534.0,4336.0,15507.0,15503.0,1
64,100000.0,1,30,2,1,4,3,2,1,0,0,71608.0,74886.0,77960.0,71192.0,76234.0,74380.0,2983.0,358.0,745.0,2315.0,5397.0,6802.0,0
65,20000.0,2,25,2,2,0,5,4,3,2,-1,10294.0,8796.0,9016.0,9249.0,10171.0,7603.0,315.0,70.0,132.0,235.0,275.0,7603.0,0
66,100000.0,1,49,3,2,0,0,0,-2,0,-1,26236.0,32299.0,34902.0,0.0,26425.0,27710.0,8239.0,10194.0,0.0,2098.0,20065.0,27710.0,1
67,50000.0,2,35,2,1,0,0,0,0,0,-1,13059.0,16701.0,14672.0,14352.0,12222.0,11608.0,1765.0,2614.0,1514.0,1533.0,2284.0,11608.0,0
68,140000.0,1,39,3,1,0,-1,-1,-1,-2,0,7695.0,-2800.0,13578.0,32237.0,0.0,25236.0,0.0,13578.0,32237.0,0.0,2875.0,11865.0,0
69,480000.0,2,30,1,1,-1,0,-1,0,-1,-1,78429.0,6066.0,27088.0,79524.0,19686.0,19625.0,6066.0,16196.0,79524.0,10424.0,19625.0,19625.0,1
70,200000.0,1,58,2,1,0,0,0,0,0,-1,38809.0,40760.0,54454.0,56865.0,28498.0,33463.0,3264.0,12194.0,10119.0,17197.0,4526.0,33463.0,0
71,290000.0,2,44,1,2,-1,0,0,0,0,0,70164.0,131109.0,160698.0,90222.0,98711.0,148164.0,131109.0,12772.0,14722.0,7706.0,18119.0,18395.0,0
72,50000.0,1,49,3,1,0,-1,-1,0,0,-1,21110.0,16314.0,21882.0,13908.0,24210.0,17316.0,4316.0,21882.0,13908.0,854.0,3482.0,17316.0,0
73,70000.0,2,35,2,1,0,-1,-1,2,1,0,20652.0,29657.0,39051.0,33400.0,34997.0,39478.0,12519.0,39051.0,33400.0,449.0,1082.0,1764.0,0
74,110000.0,2,27,1,2,-1,0,-1,0,-1,-2,39686.0,29067.0,40015.0,45452.0,12732.0,0.0,29067.0,7100.0,45452.0,1852.0,0.0,0.0,0
75,340000.0,1,31,3,1,0,0,0,0,0,-2,115935.0,106375.0,108870.0,99026.0,132051.0,0.0,31239.0,26842.0,23124.0,7861.0,0.0,0.0,0
76,90000.0,2,34,2,1,0,0,0,0,0,0,28318.0,50165.0,58563.0,54939.0,46071.0,52940.0,960.0,2725.0,1918.0,5354.0,11917.0,2960.0,0
77,140000.0,2,30,2,2,0,0,0,0,0,-1,79738.0,77484.0,91375.0,70060.0,84392.0,83083.0,4648.0,3484.0,5976.0,1898.0,2231.0,83083.0,1
78,40000.0,2,24,1,2,3,2,3,2,1,0,17586.0,28106.0,19922.0,21911.0,23713.0,19220.0,102.0,104.0,198.0,159.0,345.0,1628.0,1
79,60000.0,2,27,3,2,0,-2,0,0,-1,0,27549.0,0.0,17867.0,21520.0,13821.0,19977.0,0.0,3405.0,2480.0,1089.0,19977.0,2672.0,1
80,150000.0,1,41,2,2,0,-1,-2,0,0,-1,49265.0,24807.0,0.0,43472.0,40615.0,41120.0,1692.0,0.0,5777.0,5357.0,9773.0,41120.0,0
81,90000.0,1,40,3,1,-1,-1,-1,-1,0,0,-1264.0,5414.0,13424.0,1638.0,8739.0,15477.0,5414.0,13424.0,1638.0,8739.0,4840.0,7831.0,0
82,210000.0,2,64,1,1,0,0,0,3,2,0,103418.0,108926.0,113749.0,146502.0,120060.0,118145.0,27165.0,3142.0,9191.0,646.0,2713.0,8994.0,0
83,150000.0,2,26,2,2,-2,-1,0,-1,-1,-2,0.0,25133.0,26198.0,-3000.0,502.0,0.0,13291.0,26198.0,0.0,502.0,0.0,0.0,0
84,170000.0,1,34,2,2,0,0,0,-1,2,0,38702.0,26644.0,9974.0,31104.0,17673.0,33955.0,3516.0,588.0,9891.0,17673.0,1764.0,11268.0,0
85,50000.0,2,27,2,2,0,0,0,-1,-2,-2,14343.0,7364.0,15869.0,10987.0,0.0,0.0,2681.0,5891.0,4494.0,0.0,0.0,0.0,0
86,50000.0,2,31,2,2,0,0,-2,0,1,0,4036.0,15275.0,0.0,16556.0,26610.0,13159.0,441.0,0.0,3628.0,375.0,576.0,2012.0,1
87,130000.0,2,29,3,2,0,-2,0,0,0,-1,87826.0,0.0,87945.0,70802.0,88784.0,64467.0,0.0,8323.0,4281.0,35173.0,4899.0,64467.0,0
88,180000.0,1,45,3,2,2,1,0,0,0,0,157398.0,158407.0,144432.0,163550.0,149821.0,137510.0,2238.0,1798.0,15164.0,16636.0,7804.0,23626.0,0
89,90000.0,2,52,1,2,-1,-1,0,0,0,0,25116.0,38062.0,23135.0,28083.0,21524.0,43630.0,38062.0,23135.0,1914.0,7494.0,7710.0,18433.0,1
90,150000.0,1,37,3,1,0,-1,0,1,-1,0,86771.0,68722.0,79126.0,88599.0,97875.0,93617.0,1407.0,79126.0,19572.0,742.0,93617.0,15437.0,1
91,70000.0,1,37,1,1,0,0,0,0,-1,0,28001.0,36770.0,23947.0,51470.0,27753.0,26593.0,14406.0,2450.0,5262.0,13978.0,26593.0,8311.0,0
92,150000.0,2,31,1,3,0,0,0,0,0,0,45499.0,37108.0,29480.0,28905.0,24699.0,38141.0,13710.0,12453.0,13076.0,16381.0,12758.0,17825.0,0
93,420000.0,2,35,1,1,-1,-2,0,0,0,0,47271.0,0.0,83733.0,-8400.0,56310.0,11755.0,0.0,35978.0,0.0,37921.0,4902.0,1740.0,0
94,50000.0,2,27,1,1,0,0,-2,-1,-2,1,10445.0,10502.0,0.0,-674.0,0.0,3339.0,683.0,0.0,0.0,0.0,250.0,525.0,0
95,130000.0,1,36,2,1,1,2,0,0,3,2,113568.0,78780.0,124395.0,108046.0,107706.0,108186.0,813.0,173.0,13805.0,3404.0,1359.0,806.0,1
96,120000.0,2,44,2,2,5,4,3,2,1,-1,49619.0,83114.0,65571.0,67735.0,69298.0,63071.0,1675.0,1775.0,994.0,2629.0,2924.0,63071.0,0
97,60000.0,1,40,2,1,-2,3,4,3,2,0,0.0,26121.0,18926.0,29010.0,26229.0,30680.0,2706.0,351.0,554.0,255.0,618.0,1065.0,1
98,240000.0,1,45,2,2,-1,0,-1,-1,-2,-1,58455.0,54301.0,42308.0,27295.0,0.0,41696.0,54301.0,29576.0,27295.0,0.0,7589.0,41696.0,0
99,40000.0,1,29,3,2,-2,-2,0,0,0,-1,0.0,0.0,21454.0,21204.0,23401.0,27803.0,0.0,2717.0,4813.0,11401.0,8012.0,27803.0,0
100,80000.0,1,38,2,1,-2,-1,0,2,0,0,0.0,57893.0,52292.0,54598.0,57085.0,59745.0,3094.0,52292.0,4542.0,190.0,1964.0,8308.0,0
101,60000.0,2,35,2,1,-1,-1,0,-1,0,-2,18247.0,6710.0,18422.0,16514.0,17845.0,0.0,6710.0,18422.0,6202.0,17845.0,0.0,0.0,0
102,120000.0,2,31,3,2,2,1,-2,-2,0,2,64897.0,60022.0,0.0,0.0,66159.0,58253.0,1187.0,0.0,0.0,3220.0,3570.0,3163.0,0
103,260000.0,2,35,1,1,0,-1,-1,-2,-1,-1,41823.0,37537.0,39318.0,0.0,66460.0,60009.0,12239.0,39318.0,0.0,21611.0,60009.0,60009.0,0
104,400000.0,2,54,0,1,-1,0,0,-1,-1,0,53150.0,40590.0,47535.0,111931.0,37380.0,18409.0,40590.0,2770.0,24250.0,37380.0,18409.0,4684.0,0
105,170000.0,2,47,1,2,0,0,1,2,0,-2,59463.0,68323.0,62930.0,53970.0,59806.0,0.0,1437.0,9616.0,6035.0,1965.0,0.0,0.0,0
106,100000.0,1,33,1,2,0,-1,0,0,0,-1,40365.0,64247.0,46882.0,65127.0,47821.0,59492.0,5055.0,46882.0,16717.0,15874.0,6060.0,59492.0,0
107,270000.0,2,40,3,2,0,0,0,0,0,0,53173.0,32581.0,65831.0,53236.0,64125.0,52764.0,2181.0,40698.0,1481.0,8402.0,9500.0,14652.0,0
108,120000.0,2,39,1,1,0,0,0,0,0,1,95224.0,82895.0,82679.0,81957.0,104698.0,94118.0,6284.0,3812.0,8008.0,6600.0,14884.0,2492.0,0
109,280000.0,1,36,1,1,0,0,1,0,-2,-1,178108.0,194783.0,172013.0,172923.0,0.0,195602.0,51882.0,3992.0,1657.0,0.0,19898.0,195602.0,0
110,470000.0,2,54,2,1,1,2,0,0,0,0,182057.0,209764.0,175210.0,187798.0,201566.0,197441.0,821.0,1199.0,19902.0,19333.0,16108.0,8092.0,1
111,290000.0,2,32,1,2,0,0,1,0,0,0,148929.0,190020.0,188374.0,157541.0,147151.0,203297.0,3798.0,22892.0,9547.0,7298.0,5762.0,28328.0,0
112,40000.0,2,36,2,1,0,3,2,1,0,0,27056.0,27305.0,24887.0,30431.0,25873.0,23886.0,1942.0,538.0,291.0,472.0,2951.0,4214.0,0
113,60000.0,1,35,2,1,0,-1,0,0,1,-1,8401.0,8204.0,6181.0,6762.0,26714.0,8719.0,6384.0,6181.0,3405.0,18507.0,1389.0,8719.0,0
114,100000.0,2,33,1,2,0,-1,0,0,0,-1,7274.0,29887.0,23712.0,39849.0,43720.0,30040.0,6344.0,23712.0,19887.0,12473.0,6101.0,30040.0,0
115,210000.0,1,32,2,2,-1,-2,0,1,-2,0,75636.0,0.0,42747.0,66699.0,0.0,60238.0,0.0,8969.0,6294.0,0.0,10661.0,16355.0,0
116,80000.0,2,46,2,1,0,0,0,0,1,0,55273.0,62623.0,68174.0,64651.0,56994.0,63510.0,5058.0,1153.0,1996.0,3380.0,693.0,4585.0,0
117,340000.0,2,45,1,1,3,2,1,-1,0,0,171381.0,140254.0,149085.0,147610.0,146054.0,88667.0,1598.0,1572.0,4556.0,146054.0,14659.0,2029.0,0
118,130000.0,1,25,2,2,0,-2,0,0,-1,0,48589.0,0.0,55324.0,40917.0,68481.0,41715.0,0.0,8029.0,2987.0,5267.0,41715.0,16432.0,0
119,130000.0,2,28,2,1,0,0,-1,0,2,1,47031.0,27090.0,48586.0,31194.0,38100.0,38651.0,8968.0,12401.0,31194.0,20836.0,3210.0,577.0,0
120,170000.0,2,36,1,2,0,0,0,0,0,0,90141.0,70486.0,76693.0,99092.0,90116.0,75870.0,909.0,4323.0,22053.0,5785.0,9296.0,4589.0,0
121,50000.0,1,31,3,1,4,5,4,3,2,0,15591.0,20031.0,13874.0,3279.0,5584.0,10925.0,651.0,283.0,113.0,182.0,403.0,2092.0,1
122,300000.0,2,32,2,2,-1,0,0,0,2,0,208500.0,222857.0,191509.0,224936.0,202256.0,193956.0,222857.0,39466.0,31256.0,40904.0,7494.0,17666.0,0
123,180000.0,2,31,1,1,0,0,0,0,0,2,144887.0,155795.0,142653.0,127801.0,155873.0,137282.0,14189.0,22242.0,5329.0,1089.0,5486.0,1912.0,0
124,580000.0,2,48,1,2,0,0,0,0,0,0,167766.0,126401.0,77509.0,112872.0,98139.0,-1855.0,33988.0,11466.0,18608.0,31656.0,0.0,0.0,0
125,90000.0,2,32,1,2,0,-1,-1,0,-1,-1,5311.0,4298.0,19867.0,-1800.0,1812.0,9665.0,3629.0,19867.0,0.0,1300.0,9665.0,9665.0,0
126,60000.0,1,37,1,1,0,0,0,0,0,-1,20407.0,24552.0,20058.0,22711.0,22116.0,21114.0,3753.0,3531.0,1453.0,3110.0,2401.0,21114.0,0
127,460000.0,1,35,1,2,-1,-1,0,-1,-1,0,-9200.0,14668.0,-8347.0,21344.0,3650.0,9853.0,14668.0,0.0,11981.0,3650.0,9853.0,8429.0,0
128,70000.0,1,26,1,1,0,0,0,0,0,1,35065.0,32138.0,39647.0,44997.0,30371.0,25873.0,5339.0,4127.0,3989.0,8414.0,2596.0,588.0,0
129,190000.0,1,35,1,1,2,0,0,0,0,0,162980.0,174853.0,144324.0,152923.0,172561.0,171065.0,793.0,4321.0,1191.0,4563.0,1255.0,3249.0,1
130,100000.0,1,43,2,2,2,0,0,-2,1,0,57733.0,57076.0,69201.0,0.0,63118.0,69142.0,437.0,3203.0,0.0,2001.0,688.0,26317.0,0
131,160000.0,2,36,1,2,-1,0,-2,0,0,0,96157.0,103620.0,0.0,105095.0,102932.0,119566.0,103620.0,0.0,10189.0,14226.0,10178.0,12908.0,0
132,170000.0,2,52,1,1,0,0,3,2,1,2,107185.0,139455.0,136585.0,135278.0,152697.0,153530.0,16489.0,1726.0,951.0,3426.0,168.0,501.0,1
133,90000.0,1,44,1,2,0,0,0,-1,0,0,17864.0,13769.0,19580.0,12820.0,5380.0,16880.0,3647.0,2624.0,1307.0,5380.0,9496.0,4345.0,0
134,70000.0,1,30,1,2,0,0,0,4,3,2,36498.0,18474.0,25970.0,27352.0,19017.0,28108.0,1887.0,1686.0,3452.0,296.0,1052.0,612.0,0
135,200000.0,2,36,1,3,0,3,2,0,0,0,130277.0,106537.0,112641.0,95451.0,123144.0,123122.0,6332.0,2984.0,3033.0,19200.0,8786.0,5179.0,0
136,90000.0,2,53,2,2,-1,-1,1,0,0,0,27643.0,22035.0,20162.0,17919.0,12203.0,13736.0,22035.0,20162.0,541.0,982.0,3782.0,3907.0,0
137,290000.0,2,33,3,2,0,0,0,0,-2,-2,112813.0,120943.0,79587.0,154178.0,0.0,0.0,56273.0,29117.0,38110.0,0.0,0.0,0.0,0
138,90000.0,2,35,3,2,0,0,0,0,0,0,48291.0,53341.0,46570.0,59161.0,48132.0,31658.0,772.0,2549.0,3079.0,4063.0,2396.0,1958.0,0
139,320000.0,2,36,2,2,0,0,0,2,0,0,116587.0,97348.0,129571.0,122610.0,137631.0,136530.0,16730.0,8596.0,23503.0,10753.0,15054.0,33974.0,0
140,80000.0,2,26,2,2,-1,0,0,0,0,2,46805.0,44389.0,46704.0,46608.0,35704.0,42940.0,44389.0,7541.0,13069.0,4077.0,4512.0,4512.0,0
141,210000.0,2,34,2,1,0,0,0,0,0,0,62536.0,81041.0,77358.0,55754.0,44957.0,45881.0,25108.0,11867.0,4785.0,23332.0,6604.0,4787.0,0
142,80000.0,2,33,2,2,2,-2,0,2,0,0,75535.0,0.0,74113.0,64180.0,64713.0,62612.0,0.0,5673.0,3205.0,1406.0,11571.0,5819.0,1
143,60000.0,2,33,2,1,0,2,-2,0,0,1,13816.0,14940.0,0.0,22230.0,21806.0,25685.0,2255.0,0.0,2450.0,1396.0,4483.0,227.0,0
144,100000.0,2,35,2,1,0,0,-1,0,0,-1,37219.0,37555.0,33858.0,38656.0,41976.0,33587.0,2457.0,5109.0,38656.0,10396.0,7132.0,33587.0,0
145,120000.0,2,44,2,1,0,0,0,0,-1,0,64596.0,67762.0,74599.0,89928.0,82957.0,72832.0,23492.0,7848.0,9815.0,7682.0,72832.0,13031.0,0
146,740000.0,2,36,2,1,0,1,-1,0,0,-1,178117.0,203705.0,194877.0,120186.0,300863.0,172653.0,41310.0,4034.0,120186.0,39557.0,49462.0,172653.0,0
147,40000.0,1,28,2,2,3,2,3,2,0,0,23862.0,16919.0,16398.0,22491.0,15307.0,22185.0,82.0,653.0,118.0,279.0,6218.0,1553.0,0
148,80000.0,2,37,2,2,0,1,0,0,0,0,9813.0,14889.0,13749.0,21858.0,6010.0,21894.0,6534.0,566.0,5451.0,2842.0,2822.0,1550.0,0
149,270000.0,2,33,1,2,0,0,0,-1,0,-2,126514.0,94499.0,108705.0,91237.0,83283.0,0.0,34916.0,4413.0,13674.0,83283.0,0.0,0.0,0
150,100000.0,2,53,3,1,-1,-1,0,-2,0,0,31252.0,52515.0,44150.0,0.0,26512.0,47938.0,52515.0,44150.0,0.0,5392.0,10317.0,2467.0,0
151,190000.0,1,36,1,2,0,-2,-1,-1,-1,-1,34548.0,0.0,-3800.0,16409.0,9668.0,14305.0,0.0,0.0,16409.0,9668.0,14305.0,14305.0,0
152,200000.0,2,33,2,1,4,3,2,1,0,0,80137.0,87479.0,85903.0,111446.0,85304.0,78520.0,760.0,2338.0,842.0,168.0,1908.0,9555.0,1
153,100000.0,2,31,2,1,0,0,0,0,0,0,43823.0,49240.0,46362.0,45640.0,43533.0,33873.0,7299.0,8032.0,1292.0,19091.0,3761.0,720.0,0
154,60000.0,2,41,3,1,0,0,-1,-1,2,0,25674.0,32244.0,29960.0,25124.0,34677.0,32999.0,1511.0,3045.0,25124.0,34677.0,2267.0,2477.0,0
155,90000.0,2,61,1,2,1,0,0,0,0,-2,35529.0,38159.0,45060.0,55164.0,29712.0,0.0,379.0,2126.0,2751.0,1050.0,0.0,0.0,0
156,100000.0,2,26,2,2,0,1,2,1,2,1,72939.0,86349.0,82503.0,72210.0,69835.0,75731.0,5318.0,1328.0,1913.0,678.0,715.0,629.0,0
157,250000.0,1,36,1,1,-2,0,0,1,-2,0,0.0,203861.0,238763.0,221156.0,0.0,172414.0,12730.0,13681.0,43363.0,0.0,16452.0,14492.0,0
158,190000.0,1,31,1,1,-1,0,0,2,-1,-2,50677.0,40658.0,61198.0,73160.0,45630.0,0.0,40658.0,19610.0,43017.0,1240.0,0.0,0.0,1
159,410000.0,1,41,1,2,0,0,0,0,0,-1,170559.0,90625.0,131333.0,176950.0,191774.0,166098.0,12871.0,7041.0,17284.0,11001.0,95470.0,166098.0,0
160,90000.0,1,33,2,2,0,0,0,-2,-1,0,17905.0,21791.0,24173.0,0.0,31395.0,28700.0,8708.0,2534.0,0.0,896.0,28700.0,9416.0,0
161,210000.0,1,37,1,1,0,-1,-2,0,1,-1,81332.0,78829.0,0.0,81153.0,51358.0,78834.0,9598.0,0.0,6432.0,19914.0,1369.0,78834.0,0
162,50000.0,2,30,3,2,1,-1,0,0,2,1,26119.0,29988.0,26724.0,26494.0,33027.0,27010.0,677.0,26724.0,920.0,1774.0,470.0,728.0,0
163,50000.0,2,40,1,1,3,4,3,2,1,0,32880.0,31054.0,32549.0,31310.0,35579.0,29840.0,140.0,577.0,353.0,139.0,1269.0,637.0,0
164,250000.0,1,34,1,2,-1,-1,-1,0,0,0,29963.0,45110.0,41807.0,16489.0,-1390.0,64752.0,45110.0,41807.0,16489.0,0.0,13102.0,43668.0,0
165,130000.0,2,41,1,1,0,2,-2,0,0,0,64465.0,72981.0,0.0,63170.0,72911.0,74812.0,5535.0,0.0,26505.0,3722.0,22482.0,16521.0,0
166,250000.0,2,30,1,2,4,3,2,0,0,0,180264.0,175744.0,130655.0,161265.0,166084.0,173873.0,4420.0,4595.0,3528.0,9369.0,6770.0,35529.0,1
167,50000.0,2,26,3,2,0,1,-1,0,0,0,7895.0,5127.0,4693.0,2581.0,12704.0,6809.0,1622.0,147.0,2581.0,3641.0,2031.0,490.0,0
168,30000.0,2,28,3,2,3,2,3,2,1,0,27932.0,23421.0,30342.0,25034.0,28196.0,33276.0,76.0,11.0,36.0,28.0,121.0,389.0,1
169,50000.0,1,38,3,2,4,3,2,0,0,0,23928.0,23809.0,23216.0,19568.0,21360.0,20736.0,419.0,798.0,726.0,1358.0,7179.0,496.0,1
170,130000.0,2,29,1,2,0,1,-1,0,0,0,96160.0,90473.0,90584.0,82833.0,99278.0,98416.0,4047.0,731.0,82833.0,4032.0,8312.0,3341.0,1
171,50000.0,2,33,3,1,0,0,0,0,0,0,17814.0,16967.0,22183.0,20659.0,18241.0,17638.0,426.0,2709.0,1993.0,507.0,1275.0,1480.0,1
172,150000.0,2,42,1,1,0,0,-1,0,0,-2,84996.0,88308.0,106468.0,121544.0,99446.0,0.0,9481.0,16868.0,121544.0,6857.0,0.0,0.0,0
173,210000.0,2,22,1,2,0,0,0,1,2,1,138144.0,173173.0,129108.0,152455.0,153522.0,139467.0,11983.0,13669.0,10790.0,2038.0,2406.0,2348.0,0
174,110000.0,1,30,2,1,0,1,2,0,0,0,67668.0,72989.0,65494.0,46196.0,60945.0,66224.0,6092.0,2561.0,1836.0,8490.0,12119.0,8457.0,0
175,220000.0,1,29,1,2,0,0,0,0,0,0,158431.0,139106.0,130811.0,111940.0,167313.0,131724.0,11204.0,28360.0,15067.0,21551.0,38026.0,29199.0,0
176,130000.0,2,23,1,2,0,0,0,-1,-2,0,97749.0,81642.0,78592.0,86358.0,0.0,89408.0,12182.0,2718.0,868.0,0.0,5583.0,1427.0,1
177,60000.0,2,41,3,2,0,-1,0,2,1,-2,48616.0,40567.0,47465.0,44891.0,42439.0,0.0,2314.0,47465.0,543.0,614.0,0.0,0.0,1
178,50000.0,2,27,2,2,4,3,2,1,2,1,46066.0,46085.0,47311.0,45178.0,49579.0,39565.0,821.0,125.0,79.0,259.0,79.0,68.0,1
179,30000.0,2,39,2,1,0,-2,0,-2,0,0,17607.0,0.0,14760.0,0.0,17558.0,16383.0,0.0,1146.0,0.0,615.0,494.0,1929.0,0
180,180000.0,1,38,2,2,-1,-1,-1,0,-1,-1,8292.0,13808.0,2997.0,8323.0,39211.0,19573.0,13808.0,2997.0,8323.0,18206.0,19573.0,19573.0,0
181,370000.0,2,36,1,1,0,-2,-1,-2,-1,0,35556.0,0.0,28372.0,0.0,-7400.0,-7400.0,0.0,13928.0,0.0,0.0,0.0,0.0,0
182,50000.0,2,26,2,2,0,0,0,0,0,0,37303.0,37261.0,39381.0,37569.0,38770.0,32367.0,2141.0,6400.0,486.0,7884.0,2053.0,1404.0,0
183,80000.0,2,31,1,2,0,0,0,0,0,0,19556.0,14847.0,19470.0,25912.0,10215.0,11682.0,4791.0,4892.0,4559.0,2169.0,817.0,2577.0,0
184,90000.0,2,29,1,2,-1,0,0,-1,0,0,6428.0,21173.0,15138.0,22212.0,14616.0,11653.0,21173.0,7290.0,3251.0,14616.0,2578.0,7266.0,0
185,200000.0,2,29,1,2,3,2,1,-2,0,0,143623.0,132150.0,131701.0,0.0,129570.0,123841.0,2786.0,1397.0,0.0,24772.0,4908.0,66299.0,0
186,120000.0,1,28,2,2,-1,0,0,0,-1,-2,-2400.0,-2400.0,4994.0,8358.0,5228.0,0.0,0.0,2727.0,1888.0,2858.0,0.0,0.0,0
187,160000.0,1,45,1,1,-1,-1,-1,0,0,0,-3200.0,23824.0,35740.0,5858.0,5882.0,1985.0,23824.0,35740.0,5858.0,1514.0,1071.0,738.0,0
188,180000.0,1,45,1,2,0,-2,0,-1,0,0,123384.0,0.0,109552.0,96314.0,125631.0,135738.0,0.0,3929.0,5504.0,125631.0,24802.0,8499.0,0
189,30000.0,1,43,3,1,7,6,5,4,3,2,17544.0,15969.0,21530.0,22902.0,19638.0,22250.0,68.0,155.0,17.0,300.0,218.0,95.0,1
190,70000.0,1,29,3,2,0,1,0,0,2,0,38554.0,44307.0,37194.0,46882.0,38437.0,38062.0,4655.0,187.0,8261.0,852.0,488.0,1173.0,1
191,120000.0,1,50,2,1,-2,-1,0,0,0,1,0.0,64453.0,56060.0,67231.0,45056.0,60343.0,20002.0,56060.0,21284.0,1209.0,7475.0,3804.0,0
192,220000.0,2,28,1,2,0,0,2,1,-2,0,95235.0,63258.0,42126.0,75383.0,0.0,78045.0,1482.0,5566.0,3000.0,0.0,4343.0,15535.0,0
193,70000.0,1,34,2,2,0,-2,-1,0,2,0,8367.0,0.0,17673.0,10884.0,15529.0,15688.0,0.0,4434.0,10884.0,3414.0,1173.0,4851.0,0
194,80000.0,2,33,2,2,6,5,4,3,2,1,33278.0,40749.0,31541.0,29287.0,37818.0,34445.0,1317.0,245.0,355.0,3841.0,1139.0,1191.0,0
195,160000.0,1,49,2,1,-1,-2,-2,-2,-1,-1,26026.0,0.0,0.0,0.0,29527.0,18412.0,0.0,0.0,0.0,14063.0,18412.0,18412.0,0
196,1000000.0,2,39,1,1,-1,-1,-1,-1,-1,-1,154912.0,79938.0,50274.0,-17742.0,106842.0,82871.0,79938.0,50274.0,0.0,106842.0,82871.0,82871.0,0
197,100000.0,1,30,1,2,0,0,1,2,0,-1,39785.0,35294.0,39872.0,44549.0,38577.0,63125.0,4327.0,5332.0,1164.0,2524.0,3158.0,63125.0,1
198,530000.0,1,42,2,1,0,-1,-1,-1,0,-1,119228.0,159522.0,78160.0,181623.0,29991.0,132611.0,38030.0,78160.0,181623.0,29991.0,19841.0,132611.0,0
199,90000.0,2,36,1,2,0,0,0,0,0,0,45139.0,50085.0,37776.0,35604.0,43161.0,44321.0,2419.0,5831.0,8096.0,4761.0,5403.0,4850.0,0
200,110000.0,2,47,3,1,-1,-1,-1,-1,-1,-1,-2200.0,11079.0,18103.0,-2049.0,-1506.0,13050.0,11079.0,18103.0,0.0,0.0,13050.0,13050.0,0
201,70000.0,2,40,2,1,2,1,-1,0,2,1,54643.0,40307.0,45016.0,38773.0,64438.0,54335.0,74.0,170.0,38773.0,4549.0,162.0,311.0,1
202,310000.0,2,37,2,1,2,1,0,0,1,0,281778.0,270323.0,264898.0,229292.0,217160.0,244822.0,11784.0,5988.0,9381.0,70470.0,5443.0,32829.0,1
203,90000.0,2,29,3,2,3,2,1,-1,0,1,82429.0,88670.0,67977.0,79853.0,81323.0,86309.0,1055.0,334.0,465.0,81323.0,5006.0,274.0,1
204,150000.0,1,45,2,1,0,0,-1,-1,0,-1,73408.0,50093.0,66173.0,64598.0,21534.0,64617.0,7580.0,13999.0,64598.0,21534.0,2963.0,64617.0,0
205,320000.0,2,30,1,2,-2,0,0,1,0,0,0.0,242831.0,286993.0,228719.0,219686.0,236896.0,36807.0,24845.0,4757.0,1150.0,30768.0,9824.0,0
206,380000.0,1,28,1,2,2,1,-2,-1,-2,0,156334.0,163905.0,0.0,201573.0,0.0,172649.0,6302.0,0.0,6452.0,0.0,4358.0,31553.0,1
207,60000.0,2,42,3,1,0,0,2,1,0,0,13795.0,17418.0,9103.0,18459.0,17030.0,14403.0,7630.0,1463.0,777.0,515.0,1177.0,883.0,0
208,180000.0,2,28,1,2,0,0,0,-1,0,0,56825.0,58803.0,45521.0,70347.0,49039.0,51754.0,24807.0,2190.0,12945.0,49039.0,10216.0,4157.0,0
209,130000.0,2,40,1,2,0,0,1,0,-1,0,71146.0,97492.0,72265.0,72192.0,87737.0,80893.0,31290.0,26792.0,6213.0,25125.0,80893.0,8759.0,1
210,240000.0,1,26,2,2,-1,0,0,-1,0,0,74615.0,30269.0,93007.0,76698.0,47176.0,65546.0,30269.0,15119.0,12576.0,47176.0,7339.0,6264.0,0
211,20000.0,1,36,3,1,0,-2,0,0,0,0,14568.0,0.0,14581.0,13509.0,13933.0,13957.0,0.0,1391.0,3037.0,1018.0,1227.0,7576.0,0
212,440000.0,1,43,3,1,0,0,0,0,1,0,90073.0,11963.0,35626.0,-8800.0,79322.0,49654.0,2403.0,3588.0,0.0,43356.0,1320.0,5996.0,0
213,110000.0,1,41,2,1,-2,0,0,-1,-1,2,0.0,44220.0,42765.0,32004.0,33398.0,43368.0,13211.0,7973.0,3774.0,33398.0,43368.0,6003.0,0
214,30000.0,2,41,2,2,4,3,2,-1,0,0,3661.0,7616.0,2764.0,8931.0,4966.0,5167.0,159.0,147.0,92.0,4966.0,514.0,1051.0,1
215,140000.0,2,34,2,1,0,0,0,-1,0,-1,69762.0,71445.0,65312.0,76430.0,65242.0,43856.0,3364.0,10831.0,8338.0,65242.0,9191.0,43856.0,0
216,100000.0,1,40,1,0,1,-2,-1,3,2,1,29957.0,0.0,41870.0,15346.0,22625.0,22508.0,0.0,3066.0,15346.0,772.0,2445.0,1172.0,0
217,130000.0,2,42,2,2,-1,0,0,0,-2,-2,95730.0,94646.0,112832.0,93529.0,0.0,0.0,94646.0,17960.0,13523.0,0.0,0.0,0.0,0
218,180000.0,2,34,1,1,3,2,1,0,2,-2,140901.0,126084.0,121523.0,125457.0,144835.0,0.0,7772.0,15297.0,1923.0,9569.0,0.0,0.0,1
219,280000.0,1,44,2,2,0,-2,-1,0,-2,-1,56488.0,0.0,78052.0,25756.0,0.0,67155.0,0.0,24057.0,25756.0,0.0,18905.0,67155.0,0
220,50000.0,2,38,1,1,1,0,0,0,-1,0,18031.0,14979.0,13683.0,18318.0,11238.0,6620.0,890.0,5729.0,10896.0,1417.0,6620.0,1382.0,0
221,240000.0,2,40,1,1,-1,0,0,-2,-1,-1,26598.0,41207.0,7120.0,0.0,17670.0,-4773.0,41207.0,1147.0,0.0,2758.0,0.0,0.0,0
222,240000.0,1,27,0,2,0,3,2,0,0,0,148985.0,173179.0,148163.0,191708.0,206436.0,163737.0,11131.0,1554.0,2886.0,13009.0,3059.0,6556.0,0
223,60000.0,2,27,1,2,0,3,2,1,0,2,55542.0,61393.0,51325.0,50717.0,53879.0,48509.0,1733.0,617.0,222.0,543.0,506.0,122.0,0
224,190000.0,2,31,2,2,1,0,0,-1,0,0,91295.0,86759.0,98081.0,103284.0,72029.0,84161.0,7232.0,21133.0,15442.0,72029.0,14597.0,2046.0,0
225,290000.0,2,32,1,1,0,-2,0,0,0,0,89714.0,0.0,87239.0,81631.0,40350.0,122790.0,0.0,9498.0,4142.0,3525.0,7558.0,35558.0,0
226,90000.0,1,42,5,1,-1,-2,-1,-1,-1,0,24875.0,0.0,19626.0,25745.0,36494.0,7001.0,0.0,1360.0,25745.0,36494.0,7001.0,556.0,0
227,40000.0,2,34,1,1,0,0,-1,0,3,2,14465.0,13730.0,17893.0,14172.0,17753.0,18275.0,1554.0,6727.0,14172.0,732.0,427.0,883.0,0
228,150000.0,2,43,2,1,0,-2,0,0,0,0,118915.0,0.0,84299.0,101290.0,88038.0,106916.0,0.0,2595.0,1818.0,3041.0,17020.0,2662.0,0
229,70000.0,2,38,3,1,0,0,0,0,0,0,39647.0,41366.0,42050.0,31479.0,39318.0,39052.0,3853.0,4702.0,1579.0,8082.0,5580.0,4614.0,0
230,500000.0,2,35,1,1,-1,-1,-1,-1,-1,-2,81678.0,-10000.0,131970.0,163777.0,69807.0,0.0,0.0,131970.0,163777.0,69807.0,0.0,0.0,0
231,150000.0,1,40,1,1,1,2,-1,0,1,-2,48815.0,46481.0,42300.0,39158.0,29136.0,0.0,920.0,797.0,39158.0,1164.0,0.0,0.0,0
232,240000.0,2,23,1,2,0,-1,1,-1,-1,-2,47513.0,37059.0,35319.0,18668.0,53688.0,0.0,5947.0,35319.0,517.0,53688.0,0.0,0.0,0
233,240000.0,2,44,1,1,-2,0,0,0,0,-1,0.0,122102.0,135595.0,130266.0,149617.0,104042.0,12577.0,9826.0,3176.0,9562.0,4335.0,104042.0,1
234,130000.0,2,33,2,1,0,-2,1,0,1,0,87484.0,0.0,80204.0,88159.0,83062.0,87673.0,0.0,4957.0,774.0,4808.0,597.0,11770.0,0
235,60000.0,1,44,2,1,-1,0,2,0,0,0,15211.0,20700.0,25597.0,24353.0,25344.0,29081.0,20700.0,1430.0,277.0,1316.0,810.0,2359.0,0
236,50000.0,1,28,3,1,0,2,1,2,1,2,20076.0,17991.0,20515.0,20758.0,31682.0,24031.0,720.0,991.0,160.0,2115.0,109.0,982.0,1
237,130000.0,2,34,2,2,0,0,0,0,0,1,79619.0,81038.0,93137.0,103484.0,93473.0,115213.0,2363.0,5401.0,4138.0,2886.0,5481.0,958.0,0
238,130000.0,1,46,2,1,2,0,0,0,0,0,28692.0,23752.0,27596.0,22071.0,36911.0,45376.0,1635.0,7962.0,4141.0,8458.0,12573.0,7082.0,0
239,170000.0,2,41,1,1,0,0,0,0,0,0,59441.0,63657.0,81630.0,92016.0,77173.0,94537.0,10630.0,23290.0,16864.0,4113.0,6443.0,34097.0,0
240,260000.0,2,27,1,1,0,0,-1,-1,-1,0,24496.0,35154.0,1929.0,5731.0,-5200.0,-5200.0,15881.0,1055.0,5731.0,0.0,0.0,0.0,0
241,130000.0,1,36,4,1,0,0,3,2,0,0,59610.0,49606.0,62400.0,33137.0,48640.0,32102.0,2955.0,9524.0,627.0,536.0,1231.0,17593.0,0
242,160000.0,1,44,3,0,2,1,2,0,2,0,132706.0,107827.0,116102.0,99344.0,124614.0,115674.0,3520.0,302.0,1787.0,2906.0,3137.0,10528.0,0
243,150000.0,2,46,2,2,0,2,1,0,0,0,77200.0,88852.0,99923.0,90375.0,89459.0,80567.0,13199.0,2103.0,835.0,16036.0,9788.0,1456.0,0
244,150000.0,2,32,2,2,-2,0,0,0,0,0,0.0,71256.0,93676.0,60124.0,84452.0,70251.0,4733.0,4492.0,4985.0,3055.0,11675.0,5028.0,0
245,80000.0,1,30,2,2,-1,0,0,0,0,-1,25650.0,15919.0,10813.0,5995.0,8994.0,11989.0,15919.0,5036.0,555.0,506.0,633.0,11989.0,0
246,70000.0,1,46,1,1,-1,0,0,0,0,0,25077.0,23987.0,41690.0,18423.0,27239.0,27640.0,23987.0,8854.0,3604.0,8636.0,2690.0,11909.0,0
247,320000.0,1,39,1,2,0,4,3,2,1,0,226786.0,313713.0,213764.0,213756.0,197342.0,242651.0,64575.0,3125.0,2168.0,11927.0,6987.0,41227.0,0
248,200000.0,2,29,2,1,-1,-2,0,0,-1,0,122676.0,0.0,82866.0,109149.0,83680.0,107926.0,0.0,3149.0,3373.0,6771.0,107926.0,19167.0,1
249,140000.0,2,37,3,1,0,0,0,0,-2,-2,45474.0,39448.0,35739.0,62408.0,0.0,0.0,5856.0,4011.0,13213.0,0.0,0.0,0.0,0
250,90000.0,1,54,5,2,4,3,2,1,0,0,82328.0,61356.0,73459.0,75912.0,85443.0,74308.0,1177.0,1566.0,2632.0,1914.0,1838.0,32191.0,1
251,250000.0,1,32,2,2,0,0,-1,-1,-1,-1,49948.0,48537.0,31007.0,47073.0,21793.0,2172.0,8214.0,6637.0,47073.0,21793.0,2172.0,2172.0,0
252,180000.0,2,32,1,2,-2,0,2,-1,0,0,0.0,36743.0,52581.0,31728.0,14232.0,15719.0,20709.0,20928.0,656.0,14232.0,7852.0,3149.0,0
253,200000.0,1,38,1,1,0,0,0,0,0,1,60225.0,81702.0,98394.0,69140.0,106918.0,84908.0,21061.0,21896.0,12506.0,9730.0,2489.0,2328.0,0
254,120000.0,1,47,1,2,0,0,0,-1,2,1,64166.0,67774.0,50779.0,51175.0,53505.0,46126.0,17468.0,9056.0,5434.0,53505.0,2405.0,2074.0,1
255,90000.0,1,38,5,2,0,-2,0,0,0,0,59678.0,0.0,69509.0,54834.0,50972.0,68247.0,0.0,11703.0,2949.0,1430.0,6897.0,2723.0,0
256,100000.0,2,26,1,2,4,3,4,3,2,0,95046.0,86146.0,84522.0,92403.0,92332.0,88084.0,820.0,248.0,76.0,352.0,290.0,3084.0,1
257,110000.0,1,33,3,2,0,0,3,2,-1,1,69483.0,56757.0,44364.0,63877.0,41535.0,56148.0,6155.0,3261.0,313.0,850.0,56148.0,813.0,0
258,110000.0,2,39,1,2,0,0,0,0,-1,0,62203.0,70976.0,65979.0,62826.0,74391.0,79430.0,21595.0,719.0,3741.0,8025.0,79430.0,11686.0,0
259,130000.0,2,66,3,1,0,0,0,0,2,1,105353.0,108382.0,116188.0,101572.0,121067.0,102759.0,8504.0,1579.0,1290.0,546.0,728.0,440.0,1
260,80000.0,1,31,2,1,0,0,0,-1,0,0,42301.0,36959.0,40942.0,32253.0,31313.0,35115.0,9820.0,4627.0,6622.0,31313.0,14091.0,4468.0,0
261,40000.0,1,44,3,2,0,0,-1,-2,0,-2,26111.0,23294.0,24603.0,0.0,24049.0,0.0,4763.0,1689.0,0.0,2066.0,0.0,0.0,0
262,120000.0,2,33,2,2,-1,-2,0,-2,0,-2,54524.0,0.0,50790.0,0.0,42688.0,0.0,0.0,8797.0,0.0,9919.0,0.0,0.0,0
263,120000.0,1,25,2,2,0,-2,0,0,1,0,5944.0,0.0,7316.0,19219.0,5076.0,-2400.0,0.0,3397.0,519.0,2569.0,0.0,0.0,1
264,260000.0,1,67,1,1,1,-2,2,1,-2,-2,239281.0,0.0,225928.0,241814.0,0.0,0.0,0.0,7016.0,1481.0,0.0,0.0,0.0,1
265,20000.0,1,29,1,3,-1,0,-1,0,0,0,4994.0,2996.0,5674.0,7322.0,5051.0,4948.0,2996.0,2118.0,7322.0,1688.0,449.0,2654.0,0
266,220000.0,1,27,2,1,0,0,0,0,0,0,74484.0,58460.0,61072.0,97352.0,40644.0,89700.0,9960.0,4348.0,2173.0,976.0,1401.0,20995.0,0
267,90000.0,2,38,3,2,0,-1,-2,-1,0,0,33462.0,26000.0,0.0,41422.0,36839.0,23220.0,11486.0,0.0,24758.0,36839.0,9776.0,13288.0,0
268,40000.0,1,30,3,2,0,-1,-2,0,-1,0,10156.0,9593.0,0.0,14889.0,9176.0,14420.0,1123.0,0.0,4647.0,1269.0,14420.0,2401.0,0
269,440000.0,1,33,2,2,-1,-1,-1,1,0,-1,247515.0,243162.0,226995.0,237541.0,216926.0,217592.0,243162.0,226995.0,237541.0,10056.0,53647.0,217592.0,0
270,140000.0,2,45,2,1,-1,-1,1,0,0,0,74251.0,88112.0,75961.0,83691.0,97482.0,101215.0,88112.0,75961.0,3261.0,1584.0,27896.0,14096.0,0
271,310000.0,2,43,1,2,1,0,0,0,0,-1,65655.0,109369.0,124289.0,160264.0,99695.0,139471.0,5226.0,7412.0,32843.0,30597.0,8807.0,139471.0,0
272,130000.0,1,58,3,1,0,0,-1,-1,-1,-1,32715.0,14131.0,25726.0,47156.0,23765.0,28364.0,4950.0,13363.0,47156.0,23765.0,28364.0,28364.0,0
273,20000.0,2,29,2,1,2,3,2,1,2,-2,12871.0,13758.0,14627.0,11679.0,15874.0,0.0,55.0,152.0,507.0,118.0,0.0,0.0,0
274,250000.0,2,28,2,2,-2,-1,-1,-1,-1,0,0.0,123167.0,87900.0,94132.0,142897.0,129421.0,71694.0,87900.0,94132.0,142897.0,129421.0,109582.0,0
275,40000.0,1,35,3,2,2,1,0,0,-1,0,24462.0,20323.0,18391.0,28601.0,20108.0,23986.0,127.0,149.0,316.0,2519.0,23986.0,507.0,0
276,420000.0,2,48,1,1,0,1,2,0,2,0,380256.0,376483.0,376130.0,457587.0,369470.0,381443.0,11450.0,518.0,5165.0,5177.0,912.0,15279.0,0
277,100000.0,1,26,2,2,0,-2,-1,-1,-1,0,13113.0,0.0,11817.0,28268.0,18000.0,11414.0,0.0,357.0,28268.0,18000.0,11414.0,5854.0,0
278,80000.0,2,48,2,1,3,2,1,0,0,-2,44130.0,39574.0,55042.0,45154.0,36355.0,0.0,256.0,4036.0,321.0,7390.0,0.0,0.0,1
279,20000.0,2,39,2,2,0,0,0,-1,0,0,13372.0,10540.0,12329.0,11701.0,12440.0,13886.0,785.0,720.0,200.0,12440.0,1064.0,827.0,0
280,170000.0,2,63,1,1,0,-1,-2,0,0,-1,17459.0,46249.0,0.0,22252.0,14535.0,4476.0,14494.0,0.0,10638.0,8708.0,1800.0,4476.0,0
281,60000.0,2,30,2,1,0,-1,0,0,-1,0,29256.0,15603.0,24577.0,26918.0,33885.0,35170.0,1193.0,24577.0,2474.0,3571.0,35170.0,1623.0,0
282,90000.0,1,38,3,2,1,0,0,3,2,1,41164.0,52053.0,49070.0,52168.0,63433.0,49653.0,497.0,1230.0,1522.0,3079.0,85.0,297.0,1
283,60000.0,1,34,2,3,0,-2,0,0,0,0,43120.0,0.0,37974.0,41859.0,30771.0,43426.0,0.0,4476.0,1566.0,2255.0,211.0,11494.0,0
284,330000.0,2,50,1,2,0,0,0,0,-1,0,177420.0,170636.0,186282.0,161543.0,151089.0,153826.0,27478.0,23122.0,35249.0,52852.0,153826.0,19713.0,0
285,60000.0,2,29,3,2,-2,-1,0,0,1,-1,0.0,31938.0,36655.0,32371.0,35313.0,39797.0,7590.0,36655.0,1442.0,17851.0,597.0,39797.0,0
286,130000.0,1,36,1,1,0,0,-1,1,0,0,43193.0,6222.0,32671.0,25602.0,31085.0,22230.0,1151.0,1704.0,25602.0,1012.0,6566.0,4665.0,0
287,620000.0,1,29,1,1,-1,-1,0,-1,-1,-1,218915.0,241934.0,142605.0,217408.0,140571.0,172559.0,241934.0,142605.0,52495.0,140571.0,172559.0,172559.0,0
288,140000.0,2,25,3,2,3,2,0,0,1,0,113711.0,110657.0,123112.0,107532.0,112974.0,111590.0,551.0,2725.0,8115.0,16645.0,787.0,3090.0,1
289,70000.0,2,31,2,2,0,0,0,0,0,0,12674.0,27481.0,22029.0,32193.0,29581.0,23905.0,5005.0,6460.0,2516.0,9783.0,3406.0,4786.0,1
290,260000.0,2,51,1,1,0,0,0,0,0,-1,-3652.0,15002.0,13152.0,19949.0,31298.0,16170.0,2298.0,1634.0,7002.0,14793.0,2360.0,16170.0,0
291,40000.0,1,46,2,1,-1,0,0,0,0,0,15722.0,13321.0,8756.0,13485.0,12510.0,7478.0,13321.0,2048.0,5022.0,321.0,1153.0,1885.0,0
292,70000.0,1,35,2,1,0,1,0,0,0,0,57568.0,71581.0,61421.0,63549.0,58262.0,64265.0,3407.0,193.0,560.0,850.0,2299.0,2933.0,0
293,140000.0,2,32,1,2,-1,0,-2,-1,0,0,20243.0,37574.0,0.0,25040.0,28210.0,25191.0,37574.0,0.0,2023.0,28210.0,6044.0,5249.0,0
294,100000.0,2,35,1,2,0,0,0,0,0,0,58587.0,56463.0,67457.0,72323.0,67298.0,73855.0,2076.0,7768.0,2916.0,2881.0,1389.0,7254.0,0
295,60000.0,2,29,2,2,0,0,0,1,0,0,37658.0,36557.0,31795.0,37499.0,36174.0,36576.0,3831.0,543.0,1403.0,213.0,1702.0,903.0,0
296,170000.0,2,29,2,2,0,0,0,-1,-1,0,1481.0,6702.0,1844.0,26212.0,1410.0,10659.0,3028.0,779.0,5253.0,1410.0,10659.0,1678.0,0
297,110000.0,2,32,1,2,0,0,0,0,0,-1,51388.0,58478.0,64731.0,50577.0,55896.0,27124.0,4687.0,3086.0,7484.0,2962.0,4024.0,27124.0,1
298,60000.0,2,26,2,2,-1,-1,0,0,0,0,10761.0,13486.0,18386.0,17029.0,14792.0,15087.0,13486.0,18386.0,1835.0,8003.0,9093.0,5326.0,0
299,70000.0,2,30,2,1,0,2,1,-1,0,-2,28264.0,27210.0,26362.0,35182.0,26478.0,0.0,1306.0,337.0,269.0,26478.0,0.0,0.0,0
300,110000.0,1,36,1,1,2,3,2,1,0,-1,62713.0,51179.0,57669.0,49726.0,61888.0,49823.0,568.0,1466.0,1767.0,572.0,3434.0,49823.0,0
301,260000.0,2,27,1,3,0,-1,0,0,0,-2,46699.0,48346.0,55819.0,46541.0,59718.0,0.0,12961.0,55819.0,7121.0,24857.0,0.0,0.0,1
302,150000.0,1,35,2,2,-2,0,1,0,-2,0,0.0,70562.0,75392.0,88857.0,0.0,73452.0,6766.0,2709.0,3645.0,0.0,20239.0,5576.0,0
303,30000.0,2,30,3,2,2,0,1,0,-2,0,16317.0,18392.0,12206.0,11021.0,0.0,10507.0,153.0,1037.0,24.0,0.0,162.0,283.0,1
304,270000.0,2,26,2,2,0,0,0,0,0,0,83432.0,107012.0,68735.0,97844.0,90170.0,140573.0,20430.0,14784.0,11405.0,11825.0,7904.0,10566.0,0
305,330000.0,2,29,1,2,0,-2,0,0,0,2,123135.0,0.0,143417.0,112171.0,83440.0,84020.0,0.0,53958.0,2918.0,1716.0,5435.0,1810.0,0
306,70000.0,2,35,3,1,3,2,0,4,3,2,52639.0,43770.0,59226.0,49738.0,47873.0,53247.0,684.0,459.0,3065.0,170.0,163.0,806.0,0
307,90000.0,1,66,2,2,0,-1,2,1,-1,-2,16400.0,31380.0,7858.0,24779.0,22523.0,0.0,680.0,7858.0,3468.0,1754.0,0.0,0.0,1
308,180000.0,2,37,1,1,-2,0,3,2,1,0,0.0,118168.0,117233.0,118110.0,117666.0,66378.0,17064.0,3467.0,1799.0,4670.0,2238.0,5445.0,0
309,110000.0,1,35,1,1,0,3,2,1,0,-1,44101.0,30880.0,41867.0,48372.0,53082.0,48763.0,7880.0,480.0,2886.0,195.0,1344.0,48763.0,0
310,220000.0,2,27,1,1,2,-2,0,0,0,0,181817.0,0.0,192558.0,189225.0,192393.0,184502.0,0.0,32593.0,10936.0,4559.0,19624.0,2798.0,1
311,120000.0,2,36,2,2,0,0,0,-1,-1,0,58828.0,64960.0,59036.0,78558.0,89657.0,70479.0,7285.0,10084.0,7007.0,89657.0,70479.0,6106.0,0
312,300000.0,1,40,2,1,-1,-2,0,0,0,0,129106.0,0.0,53185.0,98790.0,57288.0,74867.0,0.0,4472.0,12242.0,15703.0,43233.0,6179.0,0
313,50000.0,2,28,1,1,0,0,-1,0,0,0,18253.0,12724.0,13113.0,14301.0,14599.0,21558.0,1657.0,2696.0,14301.0,1360.0,878.0,4213.0,1
314,60000.0,2,34,3,1,2,1,0,0,0,-2,31590.0,26568.0,30423.0,35102.0,37286.0,0.0,894.0,660.0,527.0,2461.0,0.0,0.0,0
315,140000.0,1,33,2,2,-1,0,0,-1,-1,-1,35141.0,28105.0,48117.0,19267.0,39135.0,21470.0,28105.0,13163.0,8106.0,39135.0,21470.0,21470.0,0
316,80000.0,2,33,2,2,-1,0,-1,0,0,-2,-1600.0,8248.0,14253.0,19898.0,12678.0,0.0,8248.0,5418.0,19898.0,3628.0,0.0,0.0,0
317,70000.0,2,38,3,1,-2,0,0,0,0,1,0.0,50832.0,62648.0,65582.0,56860.0,55538.0,5448.0,26130.0,5239.0,2343.0,2640.0,569.0,1
318,50000.0,1,37,2,2,2,1,0,3,2,1,39195.0,49645.0,46545.0,38800.0,40326.0,45507.0,585.0,161.0,1361.0,80.0,605.0,27.0,0
319,310000.0,1,30,3,2,0,0,0,-1,0,2,204556.0,166512.0,188896.0,186205.0,240518.0,182819.0,9096.0,8943.0,5196.0,240518.0,8269.0,1738.0,1
320,70000.0,2,26,3,2,0,-1,0,-1,0,0,34690.0,26669.0,28283.0,41320.0,34008.0,30064.0,7569.0,28283.0,9656.0,34008.0,4680.0,1551.0,0
321,190000.0,2,35,2,2,3,2,1,0,0,0,113158.0,97200.0,141125.0,135418.0,110034.0,106200.0,199.0,3045.0,639.0,6997.0,9039.0,4011.0,0
322,70000.0,1,37,2,1,0,0,0,0,0,0,51829.0,53791.0,52626.0,62699.0,65763.0,55482.0,17693.0,2038.0,3856.0,24770.0,3624.0,2893.0,1
323,110000.0,2,54,2,2,0,0,0,2,1,0,26274.0,33650.0,4537.0,15138.0,38246.0,21658.0,14821.0,1847.0,3049.0,2799.0,910.0,6616.0,1
324,100000.0,2,26,2,2,4,3,2,1,0,-2,65350.0,74497.0,78024.0,77147.0,74674.0,0.0,1107.0,1032.0,852.0,226.0,0.0,0.0,1
325,280000.0,2,37,3,2,0,0,0,0,0,-2,103508.0,160436.0,123959.0,118598.0,108883.0,0.0,45144.0,3225.0,4798.0,15406.0,0.0,0.0,0
326,410000.0,1,31,1,1,0,-1,2,1,0,0,356795.0,272972.0,283177.0,308033.0,280211.0,245106.0,16361.0,283177.0,15393.0,10231.0,56569.0,6296.0,0
327,700000.0,1,64,2,2,-2,0,0,0,-1,0,0.0,424718.0,473711.0,575379.0,512814.0,486593.0,31810.0,11986.0,79430.0,41972.0,486593.0,46576.0,0
328,430000.0,2,26,1,2,2,0,0,0,0,-1,257761.0,197094.0,259872.0,285063.0,233785.0,260907.0,8505.0,9201.0,18769.0,5348.0,8059.0,260907.0,1
329,240000.0,1,32,3,1,0,0,0,0,0,0,21058.0,88411.0,40252.0,79276.0,78865.0,68588.0,31937.0,4839.0,44731.0,34531.0,4230.0,12524.0,0
330,80000.0,1,39,3,1,-1,0,0,2,0,0,39303.0,24618.0,25303.0,38302.0,29502.0,38722.0,24618.0,11037.0,17947.0,788.0,21336.0,8697.0,0
331,80000.0,2,38,2,1,-1,-2,0,-2,0,0,29655.0,0.0,19804.0,0.0,29385.0,27991.0,0.0,4878.0,0.0,5660.0,4677.0,1880.0,0
332,310000.0,2,40,2,1,1,0,0,-2,0,0,100227.0,82249.0,96652.0,0.0,101948.0,74495.0,769.0,10908.0,0.0,13838.0,3394.0,3459.0,1
333,90000.0,2,26,1,2,0,0,0,1,2,-2,58609.0,49366.0,43482.0,54669.0,44705.0,0.0,1636.0,1808.0,3410.0,2110.0,0.0,0.0,1
334,170000.0,1,36,4,2,2,1,-2,0,0,2,108898.0,124709.0,0.0,137585.0,141285.0,124437.0,2763.0,0.0,5111.0,10169.0,6489.0,1410.0,0
335,110000.0,2,62,2,2,-1,-1,2,0,0,0,50811.0,55693.0,58521.0,42205.0,38262.0,51595.0,55693.0,58521.0,1048.0,18340.0,6020.0,5218.0,0
336,40000.0,1,28,3,2,0,-2,-1,0,0,0,18137.0,0.0,14657.0,16168.0,14967.0,14795.0,0.0,838.0,16168.0,2411.0,523.0,4063.0,0
337,120000.0,2,29,2,2,-1,0,-1,2,1,0,87210.0,76481.0,85064.0,91156.0,88824.0,86084.0,76481.0,16070.0,91156.0,712.0,4741.0,18176.0,0
338,60000.0,1,32,2,2,-1,0,0,0,0,0,32274.0,26347.0,21905.0,22939.0,17810.0,24860.0,26347.0,677.0,820.0,1716.0,2354.0,3744.0,1
339,120000.0,2,50,2,1,0,-2,0,0,0,-1,43037.0,0.0,45765.0,45551.0,39183.0,37263.0,0.0,3858.0,9474.0,11004.0,4895.0,37263.0,0
340,180000.0,1,46,3,1,1,0,3,2,1,0,144626.0,131322.0,138906.0,137092.0,127394.0,148425.0,1011.0,6317.0,1176.0,3107.0,3539.0,4910.0,0
341,70000.0,1,25,3,2,-2,2,1,0,-1,0,0.0,44604.0,33310.0,45014.0,42438.0,39252.0,15271.0,3912.0,405.0,2045.0,39252.0,2234.0,0
342,310000.0,1,29,1,2,-1,-1,0,-1,-1,-1,15699.0,-6200.0,29590.0,-6200.0,18913.0,13501.0,0.0,29590.0,0.0,18913.0,13501.0,13501.0,0
343,90000.0,2,37,2,1,0,1,0,-1,-1,0,21195.0,29937.0,19551.0,39168.0,28400.0,15895.0,4922.0,764.0,20046.0,28400.0,15895.0,2436.0,0
344,100000.0,2,29,3,1,0,-2,0,0,0,-1,62277.0,0.0,55784.0,52666.0,48585.0,58339.0,0.0,2856.0,4574.0,12844.0,11057.0,58339.0,0
345,60000.0,1,30,2,1,-2,0,-2,0,3,2,0.0,28379.0,0.0,16545.0,27439.0,24062.0,3627.0,0.0,1092.0,2416.0,198.0,1599.0,0
346,430000.0,2,67,2,1,0,-1,-1,0,0,0,100480.0,118814.0,105165.0,52374.0,76763.0,149779.0,7206.0,105165.0,52374.0,9672.0,33485.0,38184.0,0
347,30000.0,2,30,2,2,0,0,0,0,0,0,20241.0,17940.0,13515.0,16743.0,12346.0,14765.0,4839.0,1873.0,2059.0,1754.0,3824.0,982.0,0
348,130000.0,2,50,3,1,0,0,0,0,0,0,121978.0,110301.0,97252.0,127193.0,114659.0,91611.0,2546.0,1264.0,3498.0,8919.0,2949.0,1694.0,0
349,300000.0,1,51,1,1,0,0,-1,0,0,0,71128.0,63400.0,47968.0,59312.0,55571.0,82657.0,23756.0,25660.0,59312.0,7756.0,30130.0,5555.0,0
350,30000.0,1,32,1,2,3,2,-1,0,2,1,22451.0,27843.0,27708.0,28726.0,30342.0,23996.0,516.0,269.0,28726.0,276.0,178.0,354.0,0
351,60000.0,1,41,1,1,0,0,-2,0,-1,0,40131.0,48978.0,0.0,44990.0,48526.0,39143.0,1967.0,0.0,1106.0,1071.0,39143.0,2433.0,1
352,40000.0,1,33,2,1,0,0,-2,0,2,1,26005.0,27145.0,0.0,27996.0,21971.0,24952.0,1353.0,0.0,1245.0,941.0,246.0,267.0,0
353,100000.0,1,29,2,2,0,1,2,0,2,1,81500.0,95003.0,75609.0,106733.0,94217.0,83052.0,1409.0,95.0,503.0,767.0,540.0,811.0,1
354,90000.0,2,52,3,2,0,0,0,0,0,-1,26795.0,16291.0,21950.0,7601.0,29623.0,21452.0,3547.0,4179.0,3410.0,2398.0,9849.0,21452.0,0
355,110000.0,1,46,0,2,0,2,1,-1,0,-1,29956.0,48790.0,20448.0,28364.0,35403.0,42583.0,25976.0,739.0,704.0,35403.0,16283.0,42583.0,0
356,240000.0,1,31,1,1,0,0,0,0,-2,0,90340.0,141296.0,81525.0,143936.0,0.0,122796.0,7914.0,12248.0,34296.0,0.0,8511.0,47803.0,0
357,480000.0,2,46,3,1,-2,0,-2,0,1,0,0.0,260956.0,0.0,190308.0,234792.0,229839.0,54132.0,0.0,7942.0,17892.0,2790.0,36779.0,0
358,50000.0,2,28,2,2,3,2,0,3,2,0,28305.0,17746.0,17671.0,23706.0,16385.0,24481.0,102.0,875.0,586.0,113.0,2205.0,5494.0,1
359,110000.0,1,32,3,1,-1,-2,0,0,0,0,32794.0,0.0,31007.0,43608.0,29835.0,43612.0,0.0,2651.0,14320.0,1612.0,9816.0,8108.0,0
360,110000.0,2,28,2,2,-1,-1,0,0,-1,-2,33628.0,29522.0,39768.0,29049.0,27220.0,0.0,29522.0,39768.0,14067.0,3215.0,0.0,0.0,0
361,260000.0,1,39,2,1,-1,3,2,1,0,1,232269.0,217699.0,210053.0,194015.0,238154.0,219603.0,217699.0,2131.0,1517.0,1350.0,7925.0,6573.0,0
362,40000.0,2,43,1,2,-2,0,0,0,0,1,0.0,22354.0,26636.0,30327.0,27902.0,27884.0,450.0,612.0,929.0,588.0,1962.0,676.0,1
363,40000.0,1,32,2,1,0,-1,-2,0,0,1,31312.0,39403.0,0.0,34553.0,31894.0,32291.0,3841.0,0.0,1896.0,6471.0,718.0,210.0,0
364,100000.0,2,51,1,1,1,0,0,3,2,1,62932.0,69310.0,49269.0,71782.0,64890.0,54552.0,538.0,770.0,3923.0,619.0,208.0,731.0,0
365,80000.0,2,40,1,2,6,5,4,3,2,1,53170.0,48341.0,64531.0,62695.0,58308.0,67601.0,73.0,1234.0,1375.0,536.0,895.0,190.0,1
366,180000.0,2,29,1,2,2,0,0,-1,0,0,86753.0,51532.0,65581.0,55014.0,44123.0,35586.0,3079.0,7321.0,14361.0,44123.0,7954.0,12180.0,0
367,90000.0,1,35,2,2,1,0,0,0,2,1,71691.0,79204.0,60131.0,63278.0,78891.0,63685.0,380.0,9036.0,4309.0,13163.0,1530.0,285.0,0
368,30000.0,2,27,2,1,0,-2,1,0,0,-1,-600.0,0.0,-123.0,4032.0,1531.0,3349.0,0.0,0.0,200.0,885.0,1720.0,3349.0,0
369,70000.0,2,34,2,2,0,0,0,0,-1,-1,-1400.0,6754.0,9352.0,5617.0,5179.0,8101.0,590.0,676.0,809.0,1527.0,8101.0,8101.0,0
370,40000.0,1,30,2,2,0,0,0,0,2,0,17416.0,19852.0,17536.0,13305.0,13729.0,18818.0,4801.0,487.0,1212.0,1518.0,686.0,380.0,0
371,50000.0,1,29,3,1,0,2,3,2,0,0,24278.0,30019.0,31023.0,24335.0,38288.0,29783.0,779.0,186.0,235.0,381.0,4679.0,4798.0,0
372,80000.0,1,43,3,1,0,-1,0,0,-1,0,14305.0,28662.0,18813.0,9263.0,26473.0,23913.0,4374.0,18813.0,2570.0,4921.0,23913.0,2177.0,0
373,70000.0,2,34,2,1,-1,0,-1,0,0,-1,32247.0,22159.0,18134.0,31488.0,28492.0,24787.0,22159.0,8000.0,31488.0,3482.0,14101.0,24787.0,0
374,360000.0,2,29,1,2,0,0,0,-1,-1,-1,118537.0,101490.0,111403.0,106253.0,47485.0,74536.0,43910.0,6065.0,15839.0,47485.0,74536.0,74536.0,0
375,560000.0,1,36,2,1,0,-1,-1,-1,-1,-1,139579.0,72159.0,68115.0,114125.0,-10048.0,-11200.0,16461.0,68115.0,114125.0,0.0,0.0,0.0,0
376,150000.0,2,26,2,2,0,0,0,-1,-1,1,30760.0,50632.0,40284.0,29370.0,44799.0,49871.0,13333.0,23674.0,4064.0,44799.0,49871.0,6058.0,0
377,60000.0,1,31,1,1,-1,0,0,0,-1,0,24951.0,26333.0,28353.0,26922.0,24151.0,22781.0,26333.0,1715.0,1109.0,1757.0,22781.0,2165.0,0
378,440000.0,2,34,1,2,1,0,-1,-2,0,0,118146.0,148140.0,89179.0,0.0,177561.0,205131.0,7776.0,19283.0,0.0,14351.0,18866.0,21844.0,0
379,850000.0,2,51,1,1,0,2,1,0,1,-2,403479.0,424160.0,493805.0,464115.0,408950.0,0.0,128523.0,23691.0,12174.0,44597.0,0.0,0.0,1
380,110000.0,2,42,2,2,0,-2,0,0,0,0,86235.0,0.0,72006.0,90971.0,69126.0,88932.0,0.0,7187.0,5005.0,5326.0,1426.0,1943.0,1
381,220000.0,1,37,1,1,0,-1,-1,-1,0,0,52675.0,82301.0,52502.0,50794.0,66638.0,57619.0,37476.0,52502.0,50794.0,66638.0,36718.0,6254.0,0
382,250000.0,1,36,2,2,1,0,0,0,0,0,120850.0,169020.0,159536.0,120956.0,143553.0,126265.0,3655.0,5242.0,14872.0,21152.0,4467.0,21784.0,0
383,130000.0,2,32,2,2,0,0,-1,-1,0,0,53984.0,70856.0,71080.0,70805.0,83528.0,72579.0,4605.0,20087.0,70805.0,83528.0,13215.0,9005.0,0
384,390000.0,1,33,1,2,0,0,0,0,0,-1,218900.0,175942.0,266938.0,273252.0,246208.0,195174.0,9159.0,60911.0,24037.0,7743.0,7849.0,195174.0,0
385,230000.0,1,30,1,1,0,0,0,2,1,0,155824.0,157023.0,161908.0,173957.0,170114.0,154797.0,19666.0,3678.0,3823.0,800.0,449.0,2652.0,0
386,60000.0,2,36,3,1,-1,-1,-1,0,-1,0,11187.0,10334.0,9711.0,13637.0,8460.0,8828.0,10334.0,9711.0,13637.0,4852.0,8828.0,3115.0,0
387,90000.0,2,44,2,2,0,0,0,0,0,2,30923.0,40459.0,34473.0,38369.0,39022.0,42286.0,7671.0,14243.0,8831.0,7808.0,4258.0,5159.0,0
388,160000.0,2,47,1,1,1,0,2,0,0,1,111327.0,120504.0,148814.0,119987.0,114194.0,119246.0,1638.0,4935.0,716.0,3611.0,3505.0,850.0,1
389,70000.0,2,36,2,1,0,5,4,3,2,1,44504.0,52904.0,44725.0,55896.0,58977.0,49199.0,2875.0,671.0,144.0,348.0,118.0,340.0,0
390,310000.0,2,40,2,2,0,0,0,0,0,1,79016.0,87263.0,67047.0,56181.0,44956.0,60713.0,10979.0,8882.0,4842.0,5530.0,3373.0,2293.0,0
391,200000.0,2,31,1,2,-1,-1,-1,-1,-1,0,-4000.0,3849.0,19762.0,-4000.0,38138.0,10320.0,3849.0,19762.0,0.0,38138.0,10320.0,5016.0,0
392,110000.0,2,37,2,2,3,2,1,2,0,0,51984.0,31681.0,49081.0,52864.0,44999.0,37707.0,278.0,441.0,1623.0,717.0,2631.0,2988.0,1
393,270000.0,2,29,1,1,0,-1,0,-2,0,0,160580.0,218149.0,179464.0,0.0,168097.0,147943.0,39236.0,179464.0,0.0,27559.0,9096.0,7113.0,0
394,140000.0,2,43,2,2,1,-1,-1,-1,0,0,47685.0,31819.0,49205.0,32224.0,38652.0,20422.0,1633.0,49205.0,32224.0,38652.0,2192.0,7592.0,0
395,180000.0,1,38,3,1,3,2,0,0,0,0,76297.0,77149.0,58531.0,78390.0,65252.0,101346.0,2191.0,1133.0,5615.0,2870.0,9159.0,3439.0,0
396,450000.0,1,26,1,1,0,-1,-2,0,0,0,140387.0,174882.0,0.0,158741.0,206570.0,159846.0,7292.0,0.0,30823.0,1347.0,79969.0,53176.0,0
397,170000.0,2,28,1,2,2,-1,0,0,0,-1,102828.0,121273.0,117459.0,119042.0,97618.0,114670.0,4371.0,117459.0,11289.0,10447.0,10312.0,114670.0,0
398,130000.0,1,50,1,2,-2,-2,-1,-1,0,-1,0.0,0.0,59705.0,43951.0,57607.0,60757.0,0.0,20616.0,43951.0,57607.0,6539.0,60757.0,0
399,50000.0,2,36,2,2,2,0,0,-1,0,0,24887.0,24510.0,29077.0,23273.0,26245.0,30617.0,2456.0,126.0,2210.0,26245.0,574.0,5982.0,1
400,550000.0,2,33,1,2,0,-1,-2,0,0,-1,293342.0,290811.0,0.0,381065.0,269764.0,294162.0,9285.0,0.0,140330.0,52703.0,84976.0,294162.0,0
401,170000.0,1,46,2,2,-1,0,0,0,-1,0,75058.0,114416.0,83459.0,109887.0,50523.0,78609.0,114416.0,8092.0,8067.0,13972.0,78609.0,6821.0,0
402,80000.0,2,39,2,1,-1,0,0,-2,0,0,13219.0,7792.0,9364.0,0.0,13287.0,7495.0,7792.0,5792.0,0.0,1780.0,2354.0,4054.0,0
403,110000.0,1,32,2,2,-1,-1,0,-1,0,0,6416.0,13085.0,25396.0,5113.0,3568.0,7646.0,13085.0,25396.0,1114.0,3568.0,2972.0,1851.0,0
404,50000.0,2,31,2,2,1,-1,-2,0,0,-1,23256.0,30493.0,0.0,21738.0,34363.0,39103.0,774.0,0.0,785.0,1967.0,2582.0,39103.0,1
405,420000.0,1,36,1,2,0,-1,0,-1,-1,-1,142599.0,120682.0,163411.0,157347.0,153042.0,146273.0,33274.0,163411.0,34690.0,153042.0,146273.0,146273.0,0
406,130000.0,2,26,2,2,-1,0,0,0,-2,0,32757.0,42044.0,41472.0,24537.0,0.0,43290.0,42044.0,5547.0,8729.0,0.0,8061.0,6849.0,0
407,130000.0,2,37,1,2,0,0,0,0,-1,-1,16341.0,22383.0,16023.0,17604.0,30097.0,27708.0,7423.0,7447.0,2424.0,2055.0,27708.0,27708.0,0
408,50000.0,2,51,2,1,3,2,1,0,0,0,31665.0,30651.0,24541.0,33052.0,28686.0,33288.0,222.0,505.0,221.0,1306.0,1372.0,601.0,0
409,980000.0,1,62,1,2,-1,-1,-1,-1,-1,0,32846.0,-19600.0,-5338.0,47331.0,36963.0,134596.0,0.0,0.0,47331.0,36963.0,134596.0,69879.0,0
410,170000.0,2,30,1,1,-1,-1,-1,-2,-1,-1,-3400.0,10254.0,9643.0,0.0,12726.0,8610.0,10254.0,9643.0,0.0,11284.0,8610.0,8610.0,0
411,20000.0,2,44,3,1,4,3,2,0,0,-1,11916.0,12369.0,14286.0,13644.0,14975.0,13993.0,148.0,292.0,297.0,733.0,261.0,13993.0,0
412,60000.0,2,35,3,1,-1,0,-1,0,0,0,32177.0,21925.0,22997.0,25212.0,18826.0,25230.0,21925.0,1581.0,25212.0,4347.0,2275.0,1131.0,1
413,170000.0,2,38,1,1,0,3,2,1,0,-2,131278.0,119769.0,135878.0,121948.0,139064.0,0.0,910.0,1386.0,692.0,1499.0,0.0,0.0,0
414,110000.0,2,47,3,1,0,0,0,0,0,-1,30336.0,40740.0,35583.0,22448.0,36728.0,35619.0,1889.0,4375.0,2745.0,9555.0,2907.0,35619.0,0
415,80000.0,2,36,1,1,0,-1,0,0,0,0,25075.0,14199.0,17781.0,20418.0,10531.0,19861.0,3065.0,17781.0,10209.0,1212.0,13145.0,10064.0,0
416,440000.0,2,50,1,1,0,0,0,1,0,0,117666.0,56260.0,85822.0,98903.0,147930.0,99395.0,2308.0,4823.0,10315.0,7816.0,8723.0,11543.0,0
417,160000.0,2,26,6,2,0,0,1,0,-2,2,102178.0,95124.0,82673.0,84500.0,0.0,119016.0,5097.0,26492.0,1606.0,0.0,12658.0,746.0,0
418,100000.0,1,41,3,1,0,0,2,1,0,-1,50865.0,49013.0,53173.0,42195.0,43343.0,38255.0,4411.0,4180.0,1281.0,1675.0,970.0,38255.0,0
419,70000.0,2,24,2,2,2,3,2,1,2,0,44647.0,47506.0,45722.0,42729.0,38598.0,46360.0,1276.0,803.0,1078.0,361.0,1292.0,5433.0,0
420,30000.0,1,29,2,1,4,3,2,3,2,1,23923.0,32419.0,27599.0,27787.0,23943.0,30295.0,77.0,18.0,80.0,52.0,107.0,58.0,1
421,90000.0,2,36,2,1,0,0,0,0,-2,-1,46729.0,64788.0,47378.0,57572.0,0.0,45193.0,3028.0,8580.0,4672.0,0.0,3303.0,45193.0,1
422,80000.0,2,38,3,1,1,0,1,0,0,0,48458.0,38519.0,38674.0,40082.0,38494.0,52094.0,753.0,1469.0,217.0,1374.0,5888.0,4536.0,1
423,70000.0,1,32,1,2,2,0,0,0,0,-1,9356.0,11539.0,12823.0,12997.0,22714.0,14133.0,217.0,2009.0,1143.0,7657.0,1830.0,14133.0,0
424,220000.0,2,42,1,2,0,-2,-1,-1,0,-1,-4400.0,0.0,52210.0,-4400.0,58842.0,35606.0,0.0,14605.0,0.0,58842.0,16701.0,35606.0,0
425,290000.0,1,36,1,3,-1,-1,-1,0,0,-2,139347.0,71024.0,100432.0,89902.0,71894.0,0.0,71024.0,100432.0,89902.0,23554.0,0.0,0.0,0
426,80000.0,2,28,2,2,-2,0,0,0,0,1,0.0,8804.0,11751.0,9227.0,22242.0,22097.0,1741.0,3391.0,1334.0,10911.0,8603.0,741.0,0
427,90000.0,2,33,2,2,1,-1,0,0,0,0,12892.0,20171.0,17090.0,-1800.0,18848.0,25214.0,909.0,17090.0,0.0,2186.0,4598.0,4196.0,0
428,80000.0,2,34,3,1,1,-1,-1,0,-1,-1,24817.0,19748.0,25147.0,11727.0,28293.0,18663.0,2846.0,25147.0,11727.0,15633.0,18663.0,18663.0,0
429,560000.0,2,42,1,2,0,0,0,0,-1,0,415072.0,464308.0,414332.0,417340.0,439469.0,537714.0,23084.0,64497.0,128441.0,37115.0,537714.0,33487.0,1
430,320000.0,2,37,2,2,0,1,0,-1,0,-2,99164.0,118862.0,132368.0,131009.0,141239.0,0.0,6683.0,7603.0,47867.0,141239.0,0.0,0.0,0
431,30000.0,2,26,3,3,0,0,0,0,-1,0,6044.0,8982.0,5343.0,7028.0,5498.0,5356.0,1460.0,1498.0,737.0,2088.0,5356.0,1120.0,0
432,90000.0,1,42,2,1,-1,-2,-1,0,1,0,22222.0,0.0,11602.0,24359.0,23631.0,22074.0,0.0,2611.0,24359.0,6911.0,417.0,9126.0,0
433,1000000.0,2,42,1,2,0,0,-1,-1,0,0,403192.0,554129.0,519245.0,404935.0,533267.0,568382.0,63041.0,42572.0,404935.0,533267.0,384975.0,96357.0,0
434,130000.0,2,30,1,2,0,0,-1,0,0,-1,13674.0,21835.0,34137.0,29652.0,34313.0,26735.0,8858.0,4391.0,29652.0,3091.0,3641.0,26735.0,0
435,570000.0,2,38,1,2,-1,0,-1,-1,-1,0,226816.0,148129.0,145733.0,113245.0,110528.0,129161.0,148129.0,54161.0,113245.0,110528.0,129161.0,56044.0,0
436,210000.0,1,27,1,2,-1,-1,0,-2,0,0,4330.0,16866.0,20949.0,0.0,4340.0,23782.0,16866.0,20949.0,0.0,626.0,7877.0,10670.0,0
437,310000.0,2,44,2,2,0,-1,2,0,0,-1,147166.0,86008.0,113891.0,156578.0,146729.0,113646.0,9853.0,113891.0,6014.0,15741.0,18549.0,113646.0,1
438,120000.0,2,28,1,0,5,4,5,4,3,2,91271.0,118343.0,112129.0,84718.0,99375.0,109096.0,616.0,995.0,2729.0,170.0,534.0,748.0,0
439,130000.0,2,36,2,1,-2,-1,-1,-1,-1,-1,0.0,-2600.0,10920.0,-2600.0,5434.0,3364.0,0.0,10920.0,0.0,5434.0,3364.0,3364.0,0
440,270000.0,1,45,1,2,-2,0,0,-1,0,0,0.0,100159.0,116305.0,96555.0,133960.0,123944.0,56641.0,24903.0,18640.0,133960.0,87052.0,13667.0,0
441,110000.0,2,32,2,1,1,0,0,-1,-1,-1,35252.0,33414.0,39995.0,16890.0,43379.0,20864.0,534.0,10181.0,1137.0,43379.0,20864.0,20864.0,0
442,170000.0,1,39,1,1,-1,0,-1,-1,0,-1,20882.0,43221.0,26191.0,37448.0,20668.0,39822.0,43221.0,2028.0,37448.0,20668.0,9544.0,39822.0,0
443,330000.0,1,40,2,2,0,0,3,2,0,1,227828.0,263858.0,280114.0,279259.0,246239.0,276870.0,9593.0,4038.0,9767.0,1000.0,1536.0,4710.0,0
444,100000.0,2,33,2,2,0,-1,0,0,0,-1,66369.0,81111.0,68731.0,75765.0,74770.0,60487.0,1881.0,68731.0,6183.0,5320.0,5130.0,60487.0,0
445,390000.0,1,30,1,1,-1,-1,0,-1,-1,-1,34127.0,-7800.0,36173.0,69474.0,58151.0,972.0,0.0,36173.0,46344.0,58151.0,972.0,972.0,0
446,80000.0,2,37,2,2,0,0,0,0,0,0,43707.0,45434.0,29838.0,39325.0,57289.0,46149.0,3080.0,1190.0,1597.0,10137.0,2621.0,4524.0,0
447,160000.0,2,50,1,2,0,-1,0,-1,0,0,38398.0,46499.0,39998.0,15187.0,19804.0,25582.0,14162.0,39998.0,6059.0,19804.0,17450.0,3390.0,0
448,230000.0,2,50,2,1,0,0,0,0,-1,2,103459.0,118670.0,122847.0,100232.0,115049.0,121673.0,5710.0,32381.0,30603.0,9612.0,121673.0,401.0,0
449,170000.0,2,35,2,1,-2,0,2,-1,-2,0,0.0,52848.0,22728.0,58879.0,0.0,55897.0,3169.0,7509.0,566.0,0.0,11531.0,3127.0,0
450,380000.0,2,47,1,1,0,0,0,0,0,0,220411.0,224841.0,237832.0,208227.0,235863.0,229002.0,2678.0,15807.0,19804.0,22300.0,36792.0,5099.0,0
451,120000.0,2,32,2,2,1,0,-1,0,0,-2,44496.0,30912.0,46088.0,32283.0,41724.0,0.0,5009.0,27739.0,32283.0,24900.0,0.0,0.0,0
452,110000.0,2,32,2,2,0,5,4,3,2,0,83741.0,78557.0,71215.0,63513.0,61282.0,54702.0,9004.0,3998.0,889.0,647.0,1251.0,9879.0,0
453,60000.0,2,34,3,2,3,2,0,0,3,2,34088.0,36870.0,31935.0,28151.0,42600.0,36900.0,95.0,32.0,447.0,5544.0,305.0,277.0,1
454,30000.0,2,41,3,1,0,0,2,0,0,0,10692.0,13067.0,7928.0,14341.0,12195.0,8586.0,2656.0,982.0,581.0,2215.0,2042.0,1801.0,0
455,80000.0,2,24,2,2,0,-1,-1,0,0,0,21271.0,19941.0,23041.0,11596.0,14056.0,27215.0,2217.0,23041.0,11596.0,4782.0,10553.0,5998.0,0
456,170000.0,2,31,3,1,-2,0,0,-1,0,-1,0.0,125114.0,116322.0,99054.0,124728.0,131483.0,28969.0,23889.0,21080.0,124728.0,22432.0,131483.0,0
457,160000.0,2,35,1,1,0,0,0,0,-1,-1,52849.0,62364.0,66089.0,88890.0,62261.0,58438.0,20708.0,2778.0,31534.0,8406.0,58438.0,58438.0,0
458,120000.0,1,26,5,2,-1,1,-1,-1,0,0,75160.0,73945.0,69456.0,70389.0,71024.0,66000.0,73945.0,2896.0,70389.0,71024.0,13917.0,19059.0,0
459,390000.0,2,35,1,1,0,-2,0,0,0,0,170783.0,0.0,118329.0,189034.0,179491.0,182384.0,0.0,24364.0,19343.0,37242.0,30183.0,23335.0,0
460,50000.0,1,37,3,1,2,1,2,1,0,0,34321.0,27950.0,31297.0,26944.0,30228.0,30719.0,532.0,37.0,84.0,208.0,886.0,3339.0,1
461,160000.0,2,39,2,1,-1,0,-1,0,0,-2,35617.0,75660.0,35255.0,69834.0,54913.0,0.0,75660.0,10818.0,69834.0,7056.0,0.0,0.0,0
462,90000.0,2,40,2,2,-2,-1,0,-1,-1,-1,0.0,12919.0,7651.0,19549.0,15207.0,21737.0,408.0,7651.0,8327.0,15207.0,21737.0,21737.0,0
463,240000.0,2,31,2,2,0,0,-1,-2,-1,-1,53659.0,15760.0,47862.0,0.0,5362.0,27056.0,728.0,38510.0,0.0,937.0,27056.0,27056.0,1
464,30000.0,1,30,3,1,0,-1,-1,-1,-1,-1,4783.0,3666.0,2741.0,2816.0,-600.0,-199.0,627.0,2741.0,2816.0,0.0,0.0,0.0,0
465,120000.0,2,29,1,1,3,2,0,-1,2,-1,27746.0,56049.0,43010.0,26486.0,34194.0,45136.0,7039.0,2528.0,2169.0,34194.0,3489.0,45136.0,0
466,80000.0,1,29,2,2,0,0,0,-1,0,0,16541.0,26963.0,11837.0,14356.0,25761.0,22150.0,4114.0,4397.0,1790.0,25761.0,5582.0,3232.0,0
467,120000.0,2,26,1,2,-1,-1,0,-1,-1,-1,15800.0,9883.0,15112.0,13973.0,9838.0,13482.0,9883.0,15112.0,6977.0,9838.0,13482.0,13482.0,0
468,80000.0,2,34,2,2,0,0,0,0,2,-1,22344.0,20744.0,28179.0,27738.0,22320.0,27938.0,1604.0,681.0,4007.0,1840.0,397.0,27938.0,0
469,550000.0,2,28,1,2,0,0,-2,2,0,-2,188233.0,211033.0,0.0,223078.0,307250.0,0.0,54311.0,0.0,31879.0,27915.0,0.0,0.0,0
470,100000.0,2,30,2,2,-1,0,0,-1,0,-1,12784.0,23596.0,2744.0,20020.0,14644.0,11427.0,23596.0,640.0,1756.0,14644.0,2872.0,11427.0,0
471,150000.0,1,32,1,2,0,0,-1,0,0,0,11463.0,32718.0,2413.0,25957.0,5493.0,36382.0,4311.0,179.0,25957.0,579.0,5941.0,11297.0,1
472,50000.0,1,45,2,2,0,-1,0,0,0,0,4114.0,3018.0,3384.0,8333.0,-1000.0,1800.0,896.0,3384.0,4250.0,0.0,190.0,990.0,0
473,40000.0,2,39,3,1,0,0,0,2,-2,0,27483.0,31021.0,29339.0,34156.0,0.0,27172.0,3415.0,1357.0,2555.0,0.0,3215.0,1264.0,1
474,100000.0,2,37,1,2,-2,2,1,-1,0,0,0.0,21458.0,22461.0,36945.0,27353.0,23319.0,8216.0,1420.0,1810.0,27353.0,4960.0,2993.0,0
475,40000.0,2,37,3,1,0,0,1,2,0,0,8905.0,17737.0,12060.0,11125.0,13722.0,14468.0,1247.0,1813.0,283.0,185.0,896.0,1086.0,0
476,170000.0,2,36,2,1,0,0,0,0,0,-1,124331.0,96739.0,88742.0,91190.0,105481.0,105777.0,4299.0,2408.0,3786.0,6241.0,6529.0,105777.0,1
477,120000.0,2,42,1,1,0,0,-1,-2,0,0,77326.0,70398.0,61761.0,0.0,80030.0,54488.0,3318.0,6725.0,0.0,4554.0,4215.0,4478.0,0
478,80000.0,2,51,3,1,0,0,0,0,0,0,46479.0,35451.0,37430.0,22464.0,39691.0,32791.0,452.0,4140.0,1993.0,18812.0,5163.0,11638.0,0
479,170000.0,2,44,1,1,0,0,0,0,-1,0,89801.0,95828.0,83472.0,100710.0,94615.0,89037.0,32529.0,15575.0,14373.0,7335.0,89037.0,11211.0,0
480,70000.0,1,37,2,1,-1,0,0,0,0,-1,28672.0,16050.0,23436.0,21204.0,14237.0,26627.0,16050.0,1326.0,9191.0,2412.0,6539.0,26627.0,0
481,40000.0,1,42,3,1,-2,0,0,0,0,0,0.0,18806.0,17673.0,15800.0,21893.0,11906.0,11169.0,4286.0,1104.0,3290.0,327.0,932.0,0
482,70000.0,1,51,3,2,0,0,2,0,2,0,75054.0,64926.0,63922.0,55795.0,59111.0,63939.0,4777.0,1276.0,588.0,1819.0,131.0,2382.0,0
483,160000.0,2,50,2,1,0,-1,0,-1,-1,0,42521.0,76814.0,40831.0,91473.0,83661.0,68697.0,27872.0,40831.0,14616.0,83661.0,68697.0,13558.0,0
484,140000.0,2,29,1,1,-2,2,-2,0,0,1,0.0,47838.0,0.0,63473.0,48418.0,48207.0,7801.0,0.0,6176.0,14246.0,8286.0,5508.0,0
485,90000.0,1,56,2,2,0,1,-1,0,0,0,31699.0,44444.0,36508.0,35722.0,31321.0,32197.0,9481.0,735.0,35722.0,3696.0,2385.0,2421.0,0
486,470000.0,2,31,1,2,0,0,-1,0,0,-1,349488.0,305689.0,263250.0,232258.0,213456.0,238316.0,43088.0,63106.0,232258.0,15045.0,25711.0,238316.0,0
487,210000.0,1,32,1,2,2,1,0,0,0,0,75523.0,82889.0,68818.0,93200.0,93141.0,85555.0,2408.0,1074.0,4003.0,5577.0,6933.0,4466.0,0
488,240000.0,2,28,1,1,0,-2,0,-1,-1,1,-4800.0,0.0,45743.0,18952.0,18737.0,8403.0,0.0,16126.0,6037.0,18737.0,8403.0,878.0,0
489,530000.0,2,44,1,1,-1,0,-1,0,-1,0,89103.0,108120.0,63059.0,63802.0,41335.0,99898.0,108120.0,26458.0,63802.0,5908.0,99898.0,30270.0,0
490,80000.0,2,24,1,2,1,-2,0,0,0,0,39312.0,0.0,43345.0,32836.0,35823.0,37522.0,0.0,6952.0,3361.0,3446.0,2882.0,11192.0,0
491,230000.0,1,35,2,2,-2,3,2,-1,0,0,0.0,140721.0,105705.0,102676.0,135766.0,103202.0,38459.0,9868.0,2205.0,135766.0,30233.0,5083.0,0
492,210000.0,1,41,1,2,0,-1,0,-2,2,0,148601.0,156076.0,109271.0,0.0,149056.0,168256.0,31392.0,109271.0,0.0,19094.0,3073.0,15502.0,0
493,160000.0,2,43,2,2,0,0,-2,0,0,-2,44615.0,56178.0,0.0,70865.0,62245.0,0.0,4386.0,0.0,41733.0,8244.0,0.0,0.0,0
494,40000.0,2,28,2,0,2,0,0,0,0,0,25874.0,22499.0,26006.0,28491.0,23576.0,26786.0,780.0,146.0,1066.0,2392.0,2325.0,4485.0,1
495,70000.0,2,34,2,1,0,2,0,-1,2,-2,7721.0,11346.0,11220.0,12196.0,5672.0,0.0,2025.0,418.0,1330.0,5672.0,0.0,0.0,0
496,120000.0,1,36,2,1,-1,-1,0,-2,2,0,26856.0,32208.0,29075.0,0.0,35793.0,32894.0,32208.0,29075.0,0.0,18085.0,4071.0,8954.0,0
497,110000.0,2,31,2,2,-1,0,0,-1,-1,0,9337.0,17778.0,14400.0,-1019.0,8881.0,7563.0,17778.0,5809.0,0.0,8881.0,7563.0,843.0,0
498,320000.0,1,31,2,1,2,0,-1,0,0,0,60214.0,92651.0,89892.0,67837.0,95007.0,133962.0,1359.0,7450.0,67837.0,17986.0,10091.0,11917.0,0
499,100000.0,2,40,2,1,4,5,4,3,2,0,63258.0,77662.0,74802.0,76656.0,80830.0,79549.0,376.0,984.0,358.0,1266.0,350.0,1529.0,1
500,100000.0,1,33,3,2,0,-1,-1,0,0,-1,15728.0,26978.0,28816.0,16253.0,17406.0,16354.0,11763.0,28816.0,16253.0,5106.0,2869.0,16354.0,0
501,120000.0,2,52,2,1,-2,0,-2,0,0,0,0.0,17797.0,0.0,26710.0,11948.0,13741.0,12391.0,0.0,6671.0,2884.0,10356.0,8664.0,0
502,40000.0,2,34,3,2,0,0,0,0,0,0,7902.0,10900.0,5930.0,12663.0,5543.0,10035.0,2562.0,528.0,3474.0,370.0,786.0,405.0,0
503,70000.0,2,30,3,2,0,-1,0,1,0,-1,16379.0,8415.0,25167.0,10073.0,19902.0,18109.0,939.0,25167.0,1117.0,163.0,505.0,18109.0,0
504,110000.0,2,26,2,2,0,0,0,0,0,0,61550.0,39619.0,35469.0,48078.0,36693.0,52404.0,19774.0,7007.0,3248.0,6015.0,5683.0,7885.0,1
505,500000.0,2,27,1,1,0,-1,0,0,-1,-1,179374.0,49166.0,86780.0,95019.0,193885.0,110056.0,10771.0,86780.0,7005.0,22230.0,110056.0,110056.0,0
506,270000.0,2,33,2,1,0,3,2,0,-2,0,97965.0,118381.0,116968.0,128731.0,0.0,138050.0,16704.0,2017.0,4321.0,0.0,18930.0,9562.0,0
507,110000.0,1,33,1,1,0,0,0,0,-2,2,50234.0,56307.0,45589.0,39646.0,0.0,67823.0,2088.0,11577.0,17093.0,0.0,13248.0,1131.0,0
508,60000.0,2,31,2,1,0,-1,0,0,0,-1,12014.0,18497.0,20095.0,21341.0,18800.0,26407.0,3228.0,20095.0,1174.0,4509.0,12030.0,26407.0,0
509,110000.0,1,29,2,2,-1,0,-1,-1,-1,-1,36273.0,34128.0,25447.0,36611.0,10715.0,26993.0,34128.0,7088.0,36611.0,10715.0,26993.0,26993.0,0
510,60000.0,1,40,3,1,0,0,0,0,0,0,28629.0,23699.0,26233.0,23667.0,35036.0,28685.0,1514.0,6641.0,6475.0,1236.0,6530.0,2143.0,0
511,870000.0,2,33,1,1,0,0,0,0,0,0,314223.0,327381.0,393120.0,288037.0,421547.0,404801.0,16556.0,26984.0,37799.0,270626.0,61886.0,28936.0,0
512,280000.0,2,30,1,2,-1,-2,0,-1,-1,-1,-5600.0,0.0,33151.0,6355.0,28626.0,14325.0,0.0,22603.0,4196.0,28626.0,14325.0,14325.0,0
513,100000.0,1,25,2,2,2,0,3,2,1,0,84465.0,82707.0,73462.0,79568.0,69624.0,70427.0,646.0,1718.0,858.0,3646.0,549.0,2330.0,1
514,100000.0,2,51,2,2,2,0,-1,0,0,0,34141.0,38947.0,24754.0,41369.0,33138.0,43675.0,543.0,11279.0,41369.0,1375.0,8730.0,5073.0,1
515,80000.0,2,38,1,1,0,-1,2,1,0,2,44365.0,50793.0,46902.0,52118.0,44385.0,47066.0,1628.0,46902.0,280.0,456.0,776.0,294.0,0
516,150000.0,2,32,1,1,-1,0,0,0,0,0,16865.0,23040.0,34024.0,8332.0,46524.0,45727.0,23040.0,3701.0,4196.0,12951.0,24097.0,10723.0,1
517,30000.0,1,38,1,2,-2,0,-1,0,-1,0,0.0,11003.0,10112.0,13818.0,8130.0,15917.0,3427.0,3678.0,13818.0,327.0,15917.0,4070.0,0
518,130000.0,2,34,1,2,-1,0,-1,0,0,-1,28153.0,19378.0,2693.0,24753.0,15439.0,32957.0,19378.0,1407.0,24753.0,2744.0,14118.0,32957.0,0
519,120000.0,1,30,1,2,0,0,0,0,0,-2,49853.0,53717.0,50287.0,41673.0,57849.0,0.0,2166.0,10887.0,16497.0,1486.0,0.0,0.0,0
520,500000.0,2,40,1,1,-1,0,-2,-1,-1,0,67532.0,112044.0,0.0,58455.0,51780.0,125156.0,112044.0,0.0,8737.0,51780.0,125156.0,97531.0,0
521,60000.0,1,41,1,2,0,0,0,0,0,0,24240.0,32341.0,24962.0,27212.0,31428.0,28390.0,1840.0,3560.0,4232.0,4661.0,5332.0,7554.0,0
522,330000.0,2,39,1,1,0,0,0,0,0,-1,175305.0,115774.0,134158.0,144485.0,146663.0,129492.0,11507.0,33502.0,28579.0,11945.0,13963.0,129492.0,0
523,150000.0,1,44,1,2,0,0,0,-2,0,1,130375.0,128476.0,103867.0,0.0,115658.0,118970.0,7134.0,5105.0,0.0,8937.0,35145.0,13859.0,0
524,280000.0,2,32,1,2,-1,-1,-1,0,-1,-1,38044.0,106933.0,44259.0,74463.0,25654.0,63353.0,106933.0,44259.0,74463.0,12534.0,63353.0,63353.0,0
525,70000.0,2,30,2,3,-1,4,3,2,0,0,40968.0,48507.0,43097.0,45247.0,52397.0,58166.0,48507.0,740.0,1268.0,845.0,4424.0,5888.0,0
526,200000.0,2,53,2,1,-1,-1,-1,0,-1,0,15170.0,33394.0,-2711.0,1710.0,-533.0,34861.0,33394.0,0.0,1710.0,0.0,34861.0,28040.0,0
527,200000.0,1,31,2,2,-1,0,0,0,0,-1,84228.0,55183.0,77225.0,87040.0,76544.0,43204.0,55183.0,33684.0,3030.0,53606.0,17250.0,43204.0,0
528,710000.0,2,39,2,2,0,-1,1,0,0,0,202695.0,292190.0,334391.0,318440.0,281087.0,333623.0,83101.0,334391.0,6982.0,112570.0,124038.0,65590.0,0
529,70000.0,1,32,2,2,0,0,-1,0,0,0,37835.0,59980.0,39282.0,40023.0,44433.0,47099.0,4889.0,6947.0,40023.0,4381.0,22779.0,5673.0,0
530,150000.0,1,31,1,1,-1,0,0,0,0,-2,59477.0,62585.0,52082.0,43076.0,41399.0,0.0,62585.0,9192.0,25456.0,24232.0,0.0,0.0,0
531,150000.0,1,29,1,2,-1,0,-1,0,-1,-1,44082.0,11179.0,31969.0,24781.0,35696.0,-483.0,11179.0,17391.0,24781.0,12107.0,0.0,0.0,0
532,110000.0,1,32,1,1,0,0,0,0,0,0,27432.0,22636.0,33725.0,32098.0,13971.0,37660.0,5511.0,6675.0,8231.0,2213.0,5711.0,10663.0,1
533,100000.0,2,47,3,3,0,0,0,0,0,0,26151.0,23445.0,13220.0,25141.0,26459.0,17835.0,6590.0,1755.0,2319.0,1688.0,2863.0,4854.0,0
534,110000.0,2,26,2,2,-1,0,-1,-1,0,0,15486.0,22647.0,22217.0,18811.0,21057.0,27998.0,22647.0,16805.0,18811.0,21057.0,3924.0,9500.0,0
535,90000.0,2,31,2,2,0,0,-1,0,0,0,44238.0,60503.0,44093.0,57347.0,56125.0,50680.0,21204.0,7266.0,57347.0,2469.0,5841.0,1826.0,1
536,40000.0,1,36,2,1,-1,-1,-1,-1,0,0,12116.0,15226.0,6896.0,12419.0,11611.0,12159.0,15226.0,6896.0,12419.0,11611.0,8407.0,5173.0,0
537,130000.0,1,26,2,2,0,-1,-1,0,0,0,5984.0,8127.0,17229.0,-2600.0,12856.0,38398.0,2906.0,17229.0,0.0,1972.0,14834.0,15972.0,1
538,30000.0,1,38,3,1,0,-1,0,-1,-1,-2,1706.0,6619.0,1692.0,487.0,917.0,0.0,2611.0,1692.0,78.0,917.0,0.0,0.0,0
539,150000.0,2,32,1,2,0,0,0,-1,0,0,37216.0,29328.0,30436.0,29531.0,37803.0,54132.0,8878.0,12931.0,1657.0,37803.0,10887.0,7681.0,0
540,220000.0,2,27,2,2,0,-1,0,-1,0,-1,73037.0,84422.0,37529.0,20885.0,22226.0,81957.0,23223.0,37529.0,12976.0,22226.0,26352.0,81957.0,0
541,50000.0,2,30,2,1,2,0,0,4,3,2,35546.0,34422.0,30867.0,34966.0,26904.0,31574.0,1715.0,2072.0,3589.0,880.0,128.0,39.0,1
542,160000.0,2,35,1,2,0,0,0,0,0,0,123171.0,97584.0,103995.0,79285.0,114676.0,103857.0,33223.0,8595.0,3102.0,14445.0,11205.0,15959.0,1
543,170000.0,2,24,1,2,0,-1,0,-2,-1,0,10753.0,32612.0,60724.0,0.0,35427.0,26201.0,9447.0,60724.0,0.0,11369.0,26201.0,2833.0,0
544,240000.0,2,66,1,1,0,-1,0,0,0,1,89208.0,94148.0,107892.0,120407.0,79130.0,74700.0,25028.0,107892.0,37017.0,12999.0,7728.0,1774.0,0
545,90000.0,2,42,2,2,4,3,2,3,2,1,56980.0,55517.0,56282.0,51965.0,51630.0,47585.0,2443.0,180.0,139.0,680.0,778.0,378.0,1
546,80000.0,1,25,3,2,-1,-1,0,-1,2,-1,12947.0,-1600.0,8305.0,4079.0,15345.0,16888.0,0.0,8305.0,1753.0,15345.0,2746.0,16888.0,0
547,170000.0,1,27,2,2,-1,0,-1,0,-1,0,-3400.0,-2865.0,27695.0,3453.0,-3400.0,-3400.0,0.0,8617.0,3453.0,0.0,0.0,0.0,0
548,80000.0,2,25,1,2,3,4,3,2,1,0,64265.0,52278.0,63115.0,71192.0,45046.0,49004.0,779.0,244.0,738.0,145.0,178.0,811.0,0
549,130000.0,2,22,1,2,-1,-1,0,-1,-2,-1,21327.0,22970.0,27341.0,30914.0,0.0,15444.0,22970.0,27341.0,3513.0,0.0,4510.0,15444.0,0
550,310000.0,1,45,1,2,0,-2,0,2,1,0,230452.0,0.0,252538.0,208905.0,227986.0,242576.0,0.0,5532.0,2805.0,2989.0,282.0,21301.0,1
551,110000.0,2,30,1,2,-2,-1,0,2,0,1,0.0,25189.0,46878.0,27346.0,26374.0,31618.0,1263.0,46878.0,2344.0,553.0,1313.0,822.0,0
552,70000.0,2,34,1,1,-1,0,-1,-1,0,0,9472.0,6636.0,2807.0,4385.0,4296.0,16012.0,6636.0,1117.0,4385.0,4296.0,7981.0,10350.0,0
553,190000.0,1,32,2,2,1,0,0,0,-1,0,75469.0,85554.0,89693.0,84730.0,71126.0,62776.0,502.0,5159.0,2879.0,2246.0,62776.0,11360.0,0
554,250000.0,1,28,1,2,-1,0,0,0,0,0,67203.0,29407.0,53228.0,17714.0,20499.0,46440.0,29407.0,12564.0,4657.0,575.0,16083.0,15878.0,0
555,240000.0,1,38,2,2,0,0,0,0,0,2,68945.0,119229.0,87492.0,104943.0,112225.0,91253.0,18926.0,21570.0,4769.0,48899.0,6312.0,1807.0,1
556,160000.0,1,28,1,2,-1,1,0,1,0,0,49220.0,58130.0,26242.0,61550.0,34858.0,46916.0,58130.0,594.0,2065.0,766.0,7641.0,13354.0,0
557,80000.0,2,34,5,1,0,0,0,0,0,0,24943.0,22069.0,7233.0,17269.0,24343.0,16954.0,2669.0,1647.0,1605.0,4151.0,1687.0,793.0,0
558,330000.0,1,33,2,1,-1,0,-1,0,-1,0,80793.0,56551.0,87403.0,65941.0,90654.0,102499.0,56551.0,15352.0,65941.0,49016.0,102499.0,63912.0,0
559,380000.0,1,32,1,1,0,0,-1,0,0,-1,174111.0,96163.0,147255.0,64189.0,142648.0,132049.0,37242.0,6423.0,64189.0,14099.0,12880.0,132049.0,0
560,210000.0,1,37,2,1,-1,-1,-1,-1,0,-1,14846.0,23573.0,11363.0,6102.0,11802.0,-4200.0,23573.0,11363.0,6102.0,11802.0,0.0,0.0,0
561,130000.0,2,39,1,1,-1,0,-1,-1,-1,-1,30053.0,37145.0,25274.0,36580.0,17376.0,48174.0,37145.0,3516.0,36580.0,17376.0,48174.0,48174.0,1
562,120000.0,1,28,2,1,-1,0,0,0,0,0,77289.0,62869.0,46901.0,55611.0,51158.0,50650.0,62869.0,17485.0,3064.0,17225.0,2921.0,4817.0,0
563,110000.0,2,49,1,2,0,0,-1,0,0,0,54897.0,64559.0,60487.0,42917.0,64924.0,73384.0,2883.0,13177.0,42917.0,2386.0,3739.0,5729.0,0
564,70000.0,1,43,2,2,-2,0,0,0,0,0,0.0,26350.0,27120.0,36743.0,36153.0,29777.0,2754.0,1819.0,4494.0,6669.0,1957.0,2190.0,1
565,160000.0,1,25,1,3,-1,0,-1,0,0,0,48561.0,32095.0,45028.0,55190.0,40213.0,48605.0,32095.0,6519.0,55190.0,3293.0,2750.0,4840.0,0
566,240000.0,2,45,1,2,-1,1,-2,0,-1,-1,33966.0,14688.0,0.0,25629.0,2345.0,48911.0,14688.0,0.0,20400.0,1187.0,48911.0,48911.0,0
567,230000.0,1,28,1,2,0,0,0,0,-1,0,47724.0,48269.0,27922.0,18823.0,10425.0,8104.0,5091.0,4587.0,5179.0,6174.0,8104.0,5898.0,0
568,100000.0,2,35,3,1,0,0,-1,-1,-2,-2,4078.0,8172.0,1950.0,-193.0,0.0,0.0,2808.0,1033.0,0.0,0.0,0.0,0.0,0
569,720000.0,2,40,1,1,0,-1,0,0,0,-1,517394.0,380159.0,474182.0,307882.0,485099.0,442674.0,33322.0,474182.0,48002.0,131347.0,79533.0,442674.0,0
570,80000.0,2,30,1,2,0,0,0,0,0,0,39147.0,28547.0,27186.0,21301.0,23873.0,29349.0,277.0,851.0,202.0,1593.0,3654.0,1329.0,0
571,310000.0,2,39,2,2,0,2,1,-2,0,0,57250.0,88936.0,118780.0,0.0,67187.0,69409.0,23167.0,8750.0,0.0,38215.0,9579.0,31455.0,0
572,130000.0,1,32,1,2,-1,-1,-1,-1,-1,-1,6668.0,9051.0,-2600.0,15121.0,11751.0,23562.0,9051.0,0.0,15121.0,11751.0,23562.0,23562.0,0
573,290000.0,2,26,1,2,0,0,-1,0,0,0,61712.0,14325.0,48857.0,34325.0,32862.0,36599.0,2757.0,22519.0,34325.0,2977.0,12151.0,22148.0,0
574,60000.0,2,24,2,2,0,0,2,1,0,0,41139.0,50531.0,38773.0,31591.0,32280.0,39035.0,7004.0,7856.0,659.0,1419.0,992.0,2813.0,0
575,500000.0,2,30,2,1,0,-1,-1,0,2,0,372163.0,277673.0,357570.0,318810.0,307457.0,297666.0,7243.0,357570.0,318810.0,18599.0,40090.0,97845.0,0
576,330000.0,1,38,2,2,1,-2,2,0,0,0,157938.0,0.0,160797.0,114395.0,147295.0,175554.0,0.0,13219.0,9542.0,4614.0,33403.0,31100.0,1
577,40000.0,2,42,2,2,0,0,4,3,2,1,18556.0,5949.0,18011.0,17785.0,10857.0,6177.0,314.0,2124.0,18.0,95.0,145.0,203.0,0
578,320000.0,2,43,2,1,-1,-1,-2,-1,-1,0,30817.0,32908.0,0.0,35825.0,43773.0,27797.0,32908.0,0.0,14301.0,43773.0,27797.0,6817.0,0
579,150000.0,2,41,2,2,0,-1,0,-2,0,0,72882.0,91466.0,58391.0,0.0,80390.0,61852.0,7939.0,58391.0,0.0,10526.0,3735.0,3704.0,0
580,440000.0,1,63,1,1,0,2,-1,-1,0,-1,72351.0,199470.0,121931.0,165465.0,184466.0,108136.0,5806.0,2096.0,165465.0,184466.0,5724.0,108136.0,0
581,180000.0,2,37,1,2,2,0,0,-1,-1,-1,31670.0,15908.0,20415.0,27661.0,441.0,38374.0,1194.0,3036.0,4215.0,441.0,38374.0,38374.0,0
582,120000.0,2,42,2,2,-1,0,0,2,0,0,22919.0,23442.0,29969.0,1915.0,7089.0,21436.0,23442.0,11263.0,219.0,107.0,5770.0,1183.0,0
583,40000.0,1,24,2,2,0,0,0,-2,0,0,29973.0,30482.0,32841.0,0.0,29970.0,25382.0,5348.0,5176.0,0.0,1171.0,815.0,1562.0,1
584,60000.0,1,33,3,1,0,2,3,2,1,0,50211.0,39072.0,45334.0,45118.0,48652.0,45030.0,829.0,106.0,885.0,362.0,175.0,2437.0,1
585,190000.0,1,46,1,2,0,2,0,0,0,0,93321.0,51818.0,72349.0,88259.0,92909.0,72691.0,15127.0,776.0,18536.0,8792.0,1317.0,1635.0,0
586,40000.0,2,30,2,1,0,0,0,0,0,0,23439.0,25913.0,26838.0,29304.0,23609.0,28556.0,7226.0,1533.0,2383.0,1539.0,5022.0,8888.0,0
587,80000.0,2,31,1,2,0,-1,0,0,0,-1,25541.0,30118.0,27461.0,29670.0,31485.0,20281.0,4589.0,27461.0,3678.0,2383.0,4359.0,20281.0,0
588,160000.0,2,26,1,1,-1,0,0,-2,-2,0,9756.0,31957.0,4373.0,0.0,0.0,-3200.0,31957.0,1780.0,0.0,0.0,0.0,0.0,0
589,140000.0,2,44,3,2,-1,0,-2,0,1,0,68878.0,78580.0,0.0,92956.0,85445.0,84205.0,78580.0,0.0,18450.0,11702.0,2372.0,5370.0,0
590,140000.0,2,44,1,2,0,0,0,0,0,0,82490.0,93378.0,75230.0,87400.0,95106.0,101299.0,7614.0,5255.0,2013.0,4742.0,9763.0,10428.0,0
591,350000.0,2,43,2,2,0,0,-1,-1,0,0,61394.0,14920.0,131059.0,56363.0,10875.0,23497.0,4229.0,26218.0,56363.0,10875.0,9937.0,9562.0,0
592,60000.0,2,30,3,2,0,0,0,-1,0,-1,35123.0,39065.0,33589.0,30020.0,30675.0,26270.0,4572.0,1900.0,2410.0,30675.0,2426.0,26270.0,0
593,130000.0,2,31,3,2,4,3,2,0,0,0,117935.0,82754.0,96385.0,84041.0,107654.0,77926.0,3946.0,1596.0,4791.0,3504.0,3594.0,959.0,1
594,410000.0,2,32,1,2,0,0,0,0,-1,-1,105997.0,50577.0,40509.0,28224.0,100896.0,54446.0,15833.0,5824.0,6249.0,10033.0,54446.0,54446.0,0
595,100000.0,1,35,1,1,0,0,-1,-1,0,-1,30362.0,23027.0,8290.0,27013.0,17345.0,8107.0,17837.0,4828.0,27013.0,17345.0,3947.0,8107.0,0
596,340000.0,2,26,1,2,0,1,-2,0,2,0,94962.0,78583.0,0.0,79843.0,165523.0,141831.0,8274.0,0.0,3311.0,15775.0,3052.0,8784.0,1
597,160000.0,1,34,1,1,0,0,0,-2,0,0,34663.0,10929.0,31964.0,0.0,22901.0,27406.0,620.0,8028.0,0.0,2138.0,18365.0,7252.0,0
598,50000.0,2,40,3,1,2,3,2,1,0,0,37367.0,44314.0,38935.0,35152.0,41424.0,42508.0,42.0,90.0,64.0,325.0,216.0,360.0,1
599,470000.0,2,56,2,2,-1,0,0,0,-1,0,135895.0,77260.0,116716.0,139326.0,105569.0,230129.0,77260.0,5467.0,19980.0,12817.0,230129.0,40896.0,0
600,510000.0,2,32,1,1,-1,0,0,0,0,-2,106773.0,161493.0,152723.0,152017.0,28503.0,0.0,161493.0,48667.0,69569.0,1579.0,0.0,0.0,0
601,130000.0,2,30,1,1,5,4,3,2,1,0,39321.0,59173.0,60430.0,54006.0,36788.0,51140.0,559.0,2211.0,352.0,651.0,1159.0,3207.0,1
602,280000.0,2,43,2,2,0,-1,0,-2,-2,0,43768.0,45463.0,107058.0,0.0,0.0,50071.0,11483.0,107058.0,0.0,0.0,24332.0,7596.0,0
603,240000.0,1,36,2,2,-2,0,0,0,0,-2,0.0,34751.0,38121.0,49776.0,26447.0,0.0,5485.0,14720.0,17736.0,9206.0,0.0,0.0,0
604,160000.0,1,29,1,1,0,-1,0,0,0,0,50417.0,47629.0,72716.0,51272.0,46427.0,53194.0,8744.0,72716.0,3951.0,5341.0,13944.0,10596.0,0
605,550000.0,1,36,2,2,0,0,-1,-1,-1,-1,110352.0,94650.0,77484.0,77318.0,99781.0,115072.0,10879.0,12828.0,77318.0,99781.0,115072.0,115072.0,0
606,150000.0,1,31,1,1,0,0,-2,-1,0,-1,67652.0,43815.0,0.0,53091.0,54364.0,52335.0,4688.0,0.0,23154.0,54364.0,15508.0,52335.0,1
607,110000.0,1,30,1,1,-1,0,0,0,0,0,37666.0,47918.0,51624.0,40233.0,51952.0,33565.0,47918.0,6731.0,6814.0,5008.0,5765.0,4747.0,1
608,180000.0,2,33,1,1,-1,-1,0,0,-1,-1,34758.0,18043.0,30235.0,29454.0,25432.0,15864.0,18043.0,30235.0,9209.0,20335.0,15864.0,15864.0,0
609,140000.0,2,53,6,1,2,1,0,0,-2,-2,54603.0,56767.0,83567.0,94019.0,0.0,0.0,6486.0,498.0,6700.0,0.0,0.0,0.0,0
610,90000.0,1,37,2,2,3,2,0,0,-1,0,10195.0,22702.0,16092.0,13935.0,21566.0,9149.0,2237.0,523.0,2402.0,3934.0,9149.0,1618.0,0
611,100000.0,2,32,2,2,-2,0,2,3,2,-2,0.0,51581.0,49593.0,58413.0,53151.0,0.0,7078.0,3670.0,1207.0,1698.0,0.0,0.0,0
612,70000.0,2,32,1,1,-1,0,3,2,0,0,34563.0,31385.0,26527.0,22671.0,31723.0,37285.0,31385.0,1691.0,209.0,975.0,598.0,4650.0,0
613,160000.0,2,23,2,2,0,-1,-2,-1,1,0,45076.0,51223.0,0.0,87177.0,84298.0,83705.0,1492.0,0.0,21166.0,84298.0,762.0,5892.0,0
614,50000.0,2,27,2,1,4,3,2,3,2,1,39425.0,35702.0,44235.0,44323.0,44669.0,33673.0,687.0,408.0,875.0,340.0,51.0,185.0,1
615,240000.0,1,29,2,1,0,-1,0,-1,-1,-1,41731.0,69893.0,46510.0,45057.0,38661.0,55256.0,13114.0,46510.0,4722.0,38661.0,55256.0,55256.0,0
616,140000.0,2,28,3,2,0,0,-2,-1,0,-1,14101.0,7331.0,0.0,12303.0,14915.0,47315.0,5418.0,0.0,1042.0,14915.0,7229.0,47315.0,0
617,150000.0,1,42,1,2,-2,0,0,2,1,0,0.0,47247.0,30692.0,22226.0,39157.0,30818.0,1935.0,3679.0,4418.0,410.0,720.0,7621.0,0
618,120000.0,1,27,1,2,-1,0,-2,0,-1,0,36982.0,37075.0,0.0,67759.0,45728.0,43436.0,37075.0,0.0,18610.0,11665.0,43436.0,11241.0,0
619,70000.0,2,27,2,2,2,1,2,0,2,0,65241.0,62488.0,62905.0,57148.0,64680.0,57084.0,280.0,1459.0,888.0,11292.0,151.0,4158.0,1
620,170000.0,2,30,1,2,0,-1,-1,0,0,0,57515.0,53357.0,58293.0,48003.0,72130.0,28599.0,9787.0,58293.0,48003.0,24012.0,4160.0,7392.0,0
621,350000.0,1,47,3,1,0,0,0,-2,0,-1,89236.0,92526.0,32412.0,0.0,83982.0,29439.0,45458.0,9660.0,0.0,8770.0,9358.0,29439.0,0
622,150000.0,1,32,2,2,3,2,1,0,1,2,133834.0,118291.0,143830.0,120184.0,103308.0,144543.0,1215.0,429.0,130.0,7753.0,1306.0,180.0,1
623,90000.0,2,32,2,1,-2,0,0,-1,-1,-1,0.0,27705.0,25197.0,29628.0,24573.0,18430.0,3497.0,10118.0,6672.0,24573.0,18430.0,18430.0,0
624,360000.0,1,25,2,2,2,0,3,2,1,0,223551.0,167033.0,227699.0,175366.0,188872.0,207826.0,3196.0,58377.0,11767.0,4827.0,1814.0,2012.0,0
625,90000.0,2,28,2,1,-1,-2,0,-2,-1,-2,19598.0,0.0,15746.0,0.0,28820.0,0.0,0.0,5248.0,0.0,15326.0,0.0,0.0,0
626,90000.0,1,24,2,2,1,0,0,0,-1,0,64661.0,53669.0,64986.0,56712.0,58589.0,69940.0,656.0,9083.0,1466.0,3956.0,69940.0,8143.0,0
627,820000.0,2,41,1,2,0,0,0,0,0,0,491524.0,605042.0,487490.0,510136.0,615265.0,618436.0,143184.0,14682.0,41542.0,97287.0,40747.0,29493.0,0
628,200000.0,1,37,2,2,0,-1,-2,3,2,0,139320.0,172051.0,0.0,146305.0,156188.0,187750.0,5885.0,0.0,8682.0,1312.0,542.0,8798.0,0
629,460000.0,2,46,1,1,1,-1,0,0,-1,0,93821.0,91510.0,58722.0,44798.0,47033.0,104161.0,2371.0,58722.0,20347.0,7543.0,104161.0,45910.0,0
630,130000.0,1,30,3,0,0,0,0,1,2,0,31705.0,56962.0,46628.0,47750.0,47320.0,30297.0,14901.0,11060.0,5860.0,1860.0,435.0,5778.0,0
631,280000.0,2,43,1,2,0,0,-1,0,0,0,167163.0,118440.0,148222.0,131307.0,118675.0,130629.0,3448.0,7209.0,131307.0,3360.0,9075.0,10531.0,1
632,310000.0,2,42,1,1,0,0,0,0,-1,-1,88223.0,91055.0,91797.0,99983.0,62642.0,62022.0,22370.0,2100.0,21033.0,10066.0,62022.0,62022.0,0
633,200000.0,1,29,2,2,6,5,4,3,2,1,135319.0,140504.0,136258.0,117433.0,162044.0,157522.0,1875.0,244.0,1269.0,984.0,1480.0,942.0,1
634,460000.0,1,44,3,1,3,2,1,-1,0,0,298472.0,348562.0,335035.0,340076.0,330084.0,266463.0,13620.0,2427.0,5420.0,330084.0,4976.0,4967.0,0
635,70000.0,2,48,2,2,4,3,2,3,2,0,69270.0,60548.0,63330.0,67895.0,70689.0,59959.0,308.0,89.0,362.0,859.0,270.0,1191.0,1
636,20000.0,2,23,2,2,0,-1,0,-2,0,0,12420.0,10468.0,12060.0,0.0,10116.0,12407.0,3534.0,12060.0,0.0,852.0,550.0,594.0,0
637,100000.0,1,34,2,1,0,1,-1,0,0,2,42039.0,54221.0,57687.0,46802.0,58343.0,47118.0,6941.0,2140.0,46802.0,19880.0,3235.0,1167.0,0
638,80000.0,2,47,1,1,0,-1,0,-1,-1,-2,20312.0,7287.0,1807.0,6591.0,-116.0,0.0,2158.0,1807.0,2928.0,0.0,0.0,0.0,0
639,210000.0,2,39,1,1,0,-1,-2,0,0,-1,18333.0,15990.0,0.0,24300.0,46959.0,46044.0,2850.0,0.0,14161.0,13108.0,4106.0,46044.0,0
640,40000.0,2,41,3,2,0,0,1,-2,0,1,24386.0,20373.0,18633.0,0.0,21301.0,22735.0,2524.0,2227.0,0.0,3352.0,1230.0,158.0,0
641,90000.0,1,32,3,2,-1,-1,0,0,0,0,25073.0,10923.0,15946.0,29916.0,9197.0,15266.0,10923.0,15946.0,1849.0,212.0,3034.0,3223.0,0
642,380000.0,2,35,1,2,0,-2,0,2,0,0,73612.0,0.0,76343.0,115884.0,112258.0,101030.0,0.0,11744.0,46382.0,8755.0,15901.0,19112.0,0
643,70000.0,2,38,3,1,0,-1,0,0,0,0,6655.0,11260.0,24058.0,13889.0,9221.0,5170.0,2043.0,24058.0,2232.0,2846.0,531.0,342.0,0
644,120000.0,2,41,1,1,-1,-1,0,0,-1,0,46775.0,35211.0,35632.0,42587.0,36012.0,34174.0,35211.0,35632.0,6723.0,21939.0,34174.0,8235.0,0
645,200000.0,1,28,2,2,-1,0,-1,-2,-1,-2,46271.0,46101.0,54098.0,0.0,32942.0,0.0,46101.0,26451.0,0.0,25657.0,0.0,0.0,0
646,100000.0,2,33,1,2,0,-1,0,0,0,0,24940.0,18471.0,20344.0,11062.0,24701.0,9117.0,734.0,20344.0,811.0,1858.0,721.0,3099.0,0
647,100000.0,2,24,2,2,-2,0,0,-1,0,-1,0.0,20090.0,31821.0,47303.0,30157.0,27393.0,1410.0,4252.0,4473.0,30157.0,8497.0,27393.0,1
648,120000.0,1,37,2,2,0,0,3,2,1,-1,62551.0,61697.0,41885.0,67022.0,42033.0,59212.0,7163.0,1454.0,2391.0,561.0,3037.0,59212.0,0
649,50000.0,1,33,2,1,-1,0,0,0,2,-1,21568.0,9817.0,24814.0,21090.0,19731.0,19776.0,9817.0,2076.0,1933.0,308.0,230.0,19776.0,0
650,210000.0,2,48,3,2,-1,0,0,-1,-1,0,43920.0,4560.0,18653.0,36023.0,35142.0,29903.0,4560.0,11169.0,5699.0,35142.0,29903.0,8309.0,0
651,70000.0,2,47,2,2,-1,0,0,0,-1,-2,26129.0,33420.0,36434.0,22170.0,31612.0,0.0,33420.0,7118.0,3087.0,10980.0,0.0,0.0,1
652,310000.0,1,31,1,1,2,1,0,0,0,0,262014.0,269639.0,288403.0,204567.0,246136.0,243521.0,617.0,3811.0,6154.0,15514.0,17152.0,3314.0,1
653,220000.0,2,32,1,2,-1,0,0,0,-1,0,133657.0,143823.0,144161.0,141514.0,135515.0,116366.0,143823.0,5154.0,15719.0,18363.0,116366.0,27135.0,0
654,60000.0,1,27,2,2,-1,3,2,0,0,0,43653.0,51635.0,49784.0,47716.0,46155.0,44354.0,51635.0,549.0,199.0,818.0,61.0,1246.0,0
655,130000.0,2,26,1,0,1,0,0,-1,1,0,87022.0,81484.0,76341.0,86096.0,75004.0,87750.0,311.0,4197.0,3445.0,75004.0,1496.0,4310.0,0
656,340000.0,2,41,1,1,-1,1,0,0,0,0,152894.0,179275.0,151548.0,161918.0,131238.0,81529.0,179275.0,7627.0,14085.0,19590.0,22942.0,18776.0,0
657,160000.0,2,41,1,1,1,0,0,2,0,0,99867.0,99268.0,81319.0,94663.0,88695.0,108412.0,1204.0,3748.0,2433.0,2951.0,8713.0,10225.0,0
658,630000.0,1,45,4,1,-1,-1,-1,0,0,-1,78438.0,36864.0,83731.0,33197.0,50674.0,-2008.0,36864.0,83731.0,33197.0,27130.0,0.0,0.0,0
659,60000.0,1,31,2,1,0,-1,0,1,-1,2,36188.0,40735.0,31118.0,37639.0,38005.0,37165.0,1667.0,31118.0,3577.0,385.0,37165.0,984.0,0
660,380000.0,1,31,1,2,-1,-1,0,-1,-2,-1,69276.0,46202.0,122794.0,35845.0,0.0,19760.0,46202.0,122794.0,25389.0,0.0,7705.0,19760.0,0
661,40000.0,1,42,2,1,-2,-1,0,-1,0,0,0.0,11008.0,13357.0,8530.0,8276.0,15738.0,5053.0,13357.0,6409.0,8276.0,3744.0,455.0,0
662,110000.0,1,37,2,2,0,2,0,0,0,0,16433.0,27470.0,47198.0,34781.0,17483.0,6505.0,705.0,5398.0,1604.0,9554.0,1177.0,409.0,0
663,230000.0,1,29,2,1,1,2,1,0,0,0,153832.0,177287.0,183105.0,158282.0,187130.0,155567.0,3407.0,1408.0,742.0,73379.0,8630.0,4884.0,0
664,30000.0,1,26,0,2,0,1,0,1,0,0,19819.0,24799.0,22888.0,26104.0,24060.0,17584.0,968.0,612.0,442.0,179.0,530.0,999.0,1
665,160000.0,2,40,2,1,-1,-1,0,0,-1,-1,98940.0,80536.0,101925.0,101165.0,86315.0,81626.0,80536.0,101925.0,9178.0,3731.0,81626.0,81626.0,0
666,70000.0,1,46,2,2,7,6,5,4,3,2,33489.0,33984.0,28380.0,46074.0,41393.0,36367.0,624.0,1326.0,1809.0,127.0,364.0,1494.0,1
667,50000.0,2,31,0,1,0,0,0,0,3,2,27985.0,28542.0,23662.0,24190.0,25281.0,32024.0,4729.0,351.0,666.0,5188.0,130.0,255.0,0
668,70000.0,2,32,2,1,2,-1,0,-1,0,-1,2898.0,13441.0,4551.0,10793.0,-1400.0,6593.0,289.0,4551.0,3034.0,0.0,2925.0,6593.0,0
669,80000.0,1,30,2,1,0,-1,0,-1,-2,-1,8435.0,17484.0,7613.0,19191.0,0.0,21444.0,5835.0,7613.0,6878.0,0.0,4921.0,21444.0,0
670,70000.0,2,39,3,1,3,2,1,0,0,0,33851.0,10002.0,25003.0,32052.0,19376.0,22262.0,90.0,1005.0,585.0,4299.0,3502.0,2568.0,0
671,60000.0,2,29,3,1,0,0,0,-2,0,1,31261.0,16843.0,25735.0,0.0,26909.0,15883.0,737.0,367.0,0.0,4061.0,618.0,139.0,1
672,60000.0,1,28,2,2,0,0,3,2,1,0,26409.0,35634.0,31802.0,20835.0,31675.0,30792.0,2276.0,7369.0,959.0,1662.0,1039.0,5369.0,0
673,20000.0,1,27,2,2,0,0,0,-1,0,0,8815.0,6323.0,8742.0,7433.0,7738.0,7064.0,1411.0,1990.0,3081.0,7738.0,331.0,1114.0,0
674,320000.0,2,37,2,2,-1,0,-1,0,-2,-1,41794.0,75775.0,59180.0,35649.0,0.0,2973.0,75775.0,13698.0,35649.0,0.0,1159.0,2973.0,0
675,690000.0,2,29,1,1,-1,0,-2,0,-1,-1,243033.0,178031.0,0.0,252020.0,102224.0,215678.0,178031.0,0.0,36793.0,14805.0,215678.0,215678.0,0
676,240000.0,2,35,1,2,-1,0,0,0,-1,0,22537.0,21517.0,8711.0,79860.0,26737.0,25923.0,21517.0,3921.0,53665.0,7939.0,25923.0,11934.0,0
677,100000.0,1,29,2,2,3,2,0,0,-1,0,7098.0,20866.0,28767.0,303.0,11524.0,17941.0,1261.0,4069.0,62.0,3707.0,17941.0,1937.0,1
678,60000.0,2,27,2,2,-2,0,0,0,0,0,0.0,48703.0,52987.0,43044.0,48492.0,47251.0,11587.0,1884.0,1401.0,746.0,1054.0,2968.0,1
679,100000.0,2,29,3,2,3,2,1,0,0,0,69521.0,60200.0,56876.0,70392.0,60390.0,55852.0,2002.0,651.0,680.0,4703.0,7289.0,6391.0,1
680,130000.0,2,26,2,1,-1,-1,-1,0,-1,-1,30711.0,23768.0,14018.0,11648.0,-2600.0,16869.0,23768.0,14018.0,11648.0,0.0,16869.0,16869.0,0
681,70000.0,1,34,2,1,1,0,0,1,0,0,32800.0,33506.0,30475.0,33971.0,30996.0,36100.0,538.0,4063.0,1047.0,716.0,3652.0,746.0,1
682,130000.0,2,52,2,1,-1,0,0,3,2,1,47405.0,70832.0,41193.0,79593.0,48914.0,49102.0,70832.0,2212.0,8816.0,436.0,487.0,1515.0,0
683,200000.0,1,32,2,1,0,0,0,0,0,-2,116415.0,148958.0,128908.0,141269.0,152631.0,0.0,34496.0,10412.0,10411.0,5003.0,0.0,0.0,0
684,170000.0,2,45,2,1,0,0,-1,0,0,0,33228.0,78388.0,63950.0,71002.0,75074.0,55348.0,42160.0,13067.0,71002.0,62460.0,7889.0,17833.0,0
685,110000.0,1,30,2,2,0,0,0,-1,-1,-1,10107.0,8188.0,12769.0,13423.0,-758.0,4809.0,981.0,5935.0,3014.0,0.0,4809.0,4809.0,0
686,130000.0,1,31,2,1,1,0,0,1,0,1,102296.0,115576.0,87378.0,114190.0,93113.0,105085.0,1317.0,2006.0,1039.0,2104.0,4402.0,389.0,1
687,70000.0,2,32,2,2,0,0,0,0,0,-1,8938.0,21865.0,747.0,14297.0,13977.0,11526.0,14109.0,33.0,6410.0,2223.0,2271.0,11526.0,0
688,160000.0,2,31,1,1,-1,0,0,0,-1,-1,9271.0,17234.0,12683.0,21686.0,22139.0,16183.0,17234.0,4797.0,10849.0,12940.0,16183.0,16183.0,0
689,180000.0,2,63,4,2,0,0,0,0,1,0,77466.0,88198.0,48405.0,44599.0,64975.0,69896.0,7508.0,2550.0,7392.0,6120.0,728.0,25385.0,0
690,50000.0,2,22,3,2,-2,0,0,0,2,0,0.0,28408.0,37951.0,33829.0,29770.0,31317.0,1806.0,993.0,1660.0,1763.0,315.0,2529.0,1
691,80000.0,1,33,3,1,2,1,0,2,0,0,35889.0,35013.0,46996.0,36387.0,33305.0,42073.0,166.0,975.0,3374.0,171.0,2592.0,5217.0,1
692,240000.0,1,40,2,1,-1,0,0,0,0,0,62296.0,63753.0,47292.0,56110.0,60933.0,3984.0,63753.0,27985.0,8713.0,23609.0,865.0,1539.0,0
693,230000.0,1,26,2,2,0,-2,0,0,0,-1,107189.0,0.0,88520.0,109121.0,67375.0,91240.0,0.0,18708.0,51889.0,4681.0,22408.0,91240.0,0
694,30000.0,1,35,2,1,0,-1,-1,0,0,0,10681.0,14922.0,15029.0,16879.0,19232.0,13567.0,1387.0,15029.0,16879.0,6335.0,957.0,3733.0,0
695,40000.0,1,27,2,1,0,-1,0,0,0,0,12555.0,15760.0,9584.0,10103.0,8256.0,8488.0,5274.0,9584.0,1129.0,1309.0,626.0,456.0,0
696,320000.0,2,29,1,1,-1,0,0,0,-1,-1,153544.0,111471.0,128654.0,111202.0,142847.0,117315.0,111471.0,16669.0,76958.0,92842.0,117315.0,117315.0,0
697,170000.0,2,38,2,1,3,2,0,0,0,0,131522.0,171262.0,136050.0,132856.0,134870.0,132942.0,159.0,247.0,4520.0,6502.0,2304.0,2100.0,1
698,120000.0,2,34,3,2,0,0,3,2,1,0,76867.0,61988.0,64138.0,69049.0,65282.0,64166.0,2498.0,2863.0,1523.0,917.0,5079.0,1828.0,0
699,50000.0,2,31,2,2,-2,1,0,0,0,-1,0.0,25870.0,23124.0,21688.0,19616.0,22267.0,4931.0,578.0,2832.0,3565.0,3265.0,22267.0,0
700,90000.0,1,28,3,2,0,0,-1,0,-1,0,13009.0,26631.0,26708.0,30359.0,14963.0,17327.0,12580.0,5415.0,30359.0,2295.0,17327.0,4143.0,0
701,250000.0,2,31,1,1,0,0,1,-1,0,0,119497.0,150922.0,134300.0,124866.0,129020.0,190672.0,28372.0,8714.0,1815.0,129020.0,24957.0,25356.0,0
702,140000.0,2,45,3,2,-1,0,-1,0,0,-2,18237.0,10039.0,42707.0,31349.0,17639.0,0.0,10039.0,9322.0,31349.0,14432.0,0.0,0.0,0
703,50000.0,2,25,3,2,0,-1,0,0,1,-2,17543.0,11127.0,9981.0,15519.0,14877.0,0.0,3030.0,9981.0,1397.0,3083.0,0.0,0.0,0
704,70000.0,2,26,2,1,0,-1,0,0,0,-2,12246.0,10220.0,25002.0,14134.0,18311.0,0.0,2585.0,25002.0,1366.0,1594.0,0.0,0.0,0
705,110000.0,2,33,3,1,0,0,0,0,0,0,49968.0,57423.0,71209.0,53148.0,47701.0,64530.0,5393.0,20257.0,9686.0,4869.0,7852.0,23035.0,0
706,150000.0,1,38,2,2,1,2,1,0,2,0,136188.0,121658.0,133673.0,115813.0,129320.0,109690.0,845.0,1753.0,1007.0,6415.0,1583.0,897.0,1
707,290000.0,2,31,2,2,0,1,-1,0,0,0,107761.0,78352.0,53273.0,45761.0,81937.0,61594.0,10885.0,1949.0,45761.0,26205.0,24920.0,17528.0,0
708,20000.0,2,28,2,1,0,-1,-1,0,0,-2,8456.0,4854.0,4862.0,8199.0,3916.0,0.0,817.0,4862.0,8199.0,1168.0,0.0,0.0,0
709,130000.0,1,44,1,2,-1,-1,0,0,0,-1,37402.0,33645.0,28098.0,20137.0,31193.0,19287.0,33645.0,28098.0,4119.0,5048.0,8787.0,19287.0,0
710,390000.0,2,32,1,1,0,0,-1,-1,0,0,134724.0,142826.0,120026.0,177317.0,69929.0,187961.0,23061.0,24044.0,177317.0,69929.0,7742.0,5618.0,0
711,40000.0,2,26,3,2,0,-1,-1,-1,0,-2,15126.0,11526.0,10375.0,8325.0,5471.0,0.0,4830.0,10375.0,8325.0,5471.0,0.0,0.0,0
712,190000.0,1,34,1,1,-2,0,0,-1,0,-1,0.0,41235.0,41205.0,50731.0,25452.0,50525.0,19671.0,14133.0,25387.0,25452.0,21330.0,50525.0,1
713,320000.0,2,32,2,3,-1,-1,0,-1,0,0,13031.0,47123.0,22115.0,57889.0,-6400.0,59093.0,47123.0,22115.0,19085.0,0.0,26561.0,33624.0,0
714,90000.0,2,39,1,2,0,0,0,0,0,0,30956.0,27443.0,36025.0,36920.0,27607.0,27866.0,3765.0,7296.0,1424.0,3347.0,11433.0,1241.0,1
715,140000.0,2,28,2,2,-2,3,2,-1,0,0,0.0,71641.0,93335.0,92461.0,91308.0,58938.0,9635.0,1583.0,2725.0,91308.0,2108.0,6152.0,0
716,320000.0,1,31,3,2,-1,0,0,0,0,-1,130165.0,99261.0,67064.0,90113.0,99616.0,77224.0,99261.0,15211.0,26034.0,40519.0,44261.0,77224.0,1
717,50000.0,1,33,2,2,0,0,-2,1,-1,-1,34178.0,30808.0,0.0,26050.0,21870.0,31601.0,3708.0,0.0,2883.0,663.0,31601.0,31601.0,0
718,60000.0,2,52,1,2,-2,0,0,0,0,0,0.0,25337.0,26982.0,27324.0,16976.0,17248.0,1376.0,2881.0,1007.0,1793.0,3592.0,424.0,0
719,240000.0,2,30,2,2,-1,2,-2,0,-1,-2,94028.0,110723.0,0.0,83961.0,71176.0,0.0,110723.0,0.0,20488.0,17231.0,0.0,0.0,0
720,90000.0,2,37,2,2,0,-1,-1,0,0,-1,24092.0,29463.0,26554.0,32092.0,27121.0,26654.0,5708.0,26554.0,32092.0,7549.0,3580.0,26654.0,1
721,80000.0,1,27,3,3,-1,0,0,3,2,0,51414.0,51089.0,64279.0,44407.0,48367.0,51058.0,51089.0,8309.0,1630.0,240.0,1393.0,2616.0,0
722,190000.0,2,37,1,2,0,0,0,2,0,0,53822.0,49716.0,27655.0,61111.0,66667.0,55274.0,7768.0,6131.0,3721.0,1272.0,3461.0,5814.0,0
723,480000.0,2,49,1,1,-1,0,0,-1,0,-1,167402.0,141714.0,198133.0,263228.0,201973.0,185934.0,141714.0,40203.0,45925.0,201973.0,19532.0,185934.0,0
724,80000.0,1,43,3,1,0,0,0,0,-1,0,10233.0,10678.0,27102.0,15786.0,13985.0,36828.0,2973.0,1280.0,1451.0,4677.0,36828.0,16140.0,0
725,170000.0,1,30,3,2,0,-2,0,0,1,-2,66261.0,0.0,60805.0,89400.0,48448.0,0.0,0.0,14335.0,7771.0,4697.0,0.0,0.0,0
726,150000.0,1,34,3,2,0,0,0,0,0,-1,14407.0,4756.0,22247.0,28418.0,20026.0,21868.0,778.0,4658.0,2656.0,5344.0,3655.0,21868.0,0
727,120000.0,2,30,2,2,-1,-1,-1,-1,-1,-2,14322.0,26933.0,21485.0,32030.0,43423.0,0.0,26933.0,21485.0,32030.0,43423.0,0.0,0.0,0
728,230000.0,2,28,2,2,-1,0,0,-1,0,0,68839.0,46349.0,64781.0,59778.0,72574.0,55216.0,46349.0,4903.0,15737.0,72574.0,22485.0,8652.0,0
729,120000.0,1,38,3,2,0,0,1,-1,-1,-1,-2400.0,24628.0,21213.0,21323.0,18101.0,20156.0,11278.0,9019.0,422.0,18101.0,20156.0,20156.0,0
730,140000.0,1,50,2,1,-1,-1,0,-1,-1,-2,22724.0,-1396.0,-2800.0,-819.0,15116.0,0.0,0.0,0.0,0.0,15116.0,0.0,0.0,0
731,1000000.0,1,35,1,1,-1,-1,-2,-1,-2,0,118926.0,107915.0,0.0,115374.0,0.0,109186.0,107915.0,0.0,70589.0,0.0,87489.0,65230.0,0
732,40000.0,2,33,1,1,0,6,5,4,3,2,34503.0,36614.0,32379.0,29662.0,32114.0,34358.0,405.0,187.0,52.0,43.0,84.0,89.0,1
733,80000.0,2,38,1,0,-1,-1,0,0,-1,-1,10897.0,18233.0,811.0,953.0,6341.0,8432.0,18233.0,811.0,147.0,2649.0,8432.0,8432.0,0
734,80000.0,1,26,1,2,-2,2,0,0,-2,0,0.0,51194.0,53556.0,48923.0,0.0,46561.0,4994.0,1839.0,3439.0,0.0,12178.0,10642.0,0
735,130000.0,1,36,1,2,2,1,0,-1,0,0,68875.0,60478.0,67712.0,64644.0,75211.0,72489.0,615.0,839.0,756.0,75211.0,7096.0,1697.0,0
736,140000.0,2,35,2,1,-1,-1,0,0,0,0,56355.0,40989.0,43046.0,49891.0,51306.0,46134.0,40989.0,43046.0,2807.0,7159.0,12524.0,8451.0,1
737,110000.0,2,37,2,1,0,0,0,-1,-1,0,42711.0,30980.0,42493.0,19858.0,47717.0,57699.0,4721.0,6253.0,3455.0,47717.0,57699.0,3893.0,0
738,600000.0,2,62,3,1,-1,-1,-1,-1,-1,0,67455.0,46514.0,191773.0,45074.0,-12000.0,46021.0,46514.0,191773.0,45074.0,0.0,46021.0,22243.0,0
739,110000.0,2,57,2,1,-2,0,0,-1,-1,-1,0.0,21784.0,22672.0,31637.0,23499.0,42385.0,9650.0,10873.0,4920.0,23499.0,42385.0,42385.0,0
740,80000.0,1,32,1,1,0,0,0,0,0,0,32000.0,19556.0,11694.0,22001.0,21167.0,20252.0,6008.0,874.0,3790.0,1993.0,4397.0,3036.0,0
741,80000.0,1,28,3,2,0,0,0,-1,0,0,5245.0,20884.0,21251.0,24513.0,12652.0,22342.0,3182.0,1266.0,1881.0,12652.0,8167.0,8787.0,0
742,70000.0,2,41,3,1,3,2,0,-1,-1,0,20329.0,19187.0,34503.0,40547.0,21876.0,31915.0,878.0,1368.0,6679.0,21876.0,31915.0,2332.0,0
743,80000.0,2,28,4,2,0,0,0,0,0,0,66010.0,71313.0,63156.0,56429.0,64937.0,60073.0,19196.0,1216.0,7814.0,2437.0,5290.0,15510.0,0
744,330000.0,1,35,1,2,0,0,1,2,1,0,225165.0,195122.0,257367.0,228784.0,244348.0,241682.0,4050.0,16949.0,15794.0,3934.0,5038.0,21283.0,0
745,150000.0,2,33,2,2,2,1,0,0,0,2,100801.0,49598.0,84748.0,83920.0,80560.0,88511.0,1519.0,814.0,7582.0,10088.0,1545.0,188.0,1
746,290000.0,1,43,2,1,1,0,0,-2,0,-2,180726.0,104103.0,148449.0,0.0,187844.0,0.0,1387.0,6892.0,0.0,8802.0,0.0,0.0,0
747,60000.0,2,32,2,1,7,6,5,4,3,2,58910.0,57460.0,52059.0,49411.0,53479.0,47356.0,10.0,97.0,41.0,193.0,26.0,97.0,1
748,260000.0,1,33,1,1,-1,0,0,0,-1,0,116776.0,81652.0,107640.0,105899.0,74986.0,118958.0,81652.0,7167.0,25820.0,3109.0,118958.0,11159.0,0
749,100000.0,2,39,3,2,0,0,-1,0,0,0,12472.0,8085.0,3342.0,7683.0,12537.0,9400.0,1394.0,397.0,7683.0,1673.0,895.0,1090.0,0
750,90000.0,1,45,2,1,-1,-1,-1,0,0,0,29095.0,21543.0,16494.0,21145.0,14889.0,26250.0,21543.0,16494.0,21145.0,4041.0,3271.0,6365.0,0
751,50000.0,2,27,1,2,0,-2,-1,0,0,0,32720.0,0.0,28143.0,36949.0,22035.0,27862.0,0.0,487.0,36949.0,1196.0,1599.0,2151.0,0
752,150000.0,2,27,1,1,5,4,3,2,0,0,112851.0,79083.0,92260.0,81926.0,97390.0,89066.0,2717.0,1892.0,1120.0,1001.0,4998.0,5593.0,1
753,50000.0,2,33,2,2,3,2,-1,1,2,1,27909.0,22973.0,30993.0,13130.0,30520.0,25731.0,72.0,985.0,13130.0,809.0,665.0,91.0,1
754,290000.0,1,36,1,1,0,-2,0,0,0,0,79375.0,0.0,74865.0,96900.0,140231.0,106701.0,0.0,11961.0,14276.0,30413.0,29310.0,9722.0,0
755,150000.0,1,26,2,2,0,0,0,0,1,0,122610.0,98053.0,112192.0,109219.0,120611.0,105363.0,1253.0,18232.0,9228.0,8817.0,1093.0,4521.0,0
756,240000.0,1,33,1,1,1,0,0,1,0,-1,75484.0,125599.0,106674.0,120967.0,120132.0,99475.0,1178.0,12569.0,4456.0,8163.0,16921.0,99475.0,0
757,940000.0,1,45,2,2,3,2,0,0,-1,-1,340778.0,151384.0,247635.0,218722.0,315994.0,259338.0,7912.0,4169.0,38793.0,33884.0,259338.0,259338.0,0
758,480000.0,1,48,1,1,-1,0,0,0,-2,-1,82219.0,126923.0,168762.0,108109.0,0.0,101502.0,126923.0,70683.0,27731.0,0.0,34134.0,101502.0,0
759,60000.0,1,56,1,1,0,1,0,0,1,-1,18726.0,14659.0,23837.0,17562.0,13745.0,4275.0,3945.0,724.0,2053.0,1490.0,309.0,4275.0,0
760,130000.0,2,31,3,1,2,0,-1,1,2,0,105570.0,100819.0,108394.0,105907.0,111491.0,101081.0,5242.0,3131.0,105907.0,1139.0,2655.0,6014.0,1
761,200000.0,1,35,1,1,-2,-1,0,0,0,0,0.0,78324.0,48365.0,54386.0,37290.0,74292.0,32437.0,48365.0,21810.0,20076.0,17724.0,38128.0,0
762,130000.0,2,25,2,2,0,-1,0,0,0,-1,53725.0,32120.0,38389.0,35473.0,46976.0,34627.0,11909.0,38389.0,18854.0,4684.0,10934.0,34627.0,0
763,70000.0,1,38,3,2,3,2,0,0,0,0,52383.0,49895.0,54281.0,47618.0,51356.0,44105.0,177.0,788.0,10038.0,2030.0,2502.0,2081.0,1
764,310000.0,1,30,1,2,0,-1,0,0,0,0,87493.0,38499.0,98568.0,92591.0,72341.0,114908.0,918.0,98568.0,37221.0,6353.0,3679.0,47261.0,0
765,20000.0,1,28,1,2,4,3,4,3,2,0,16340.0,17467.0,17431.0,16490.0,17385.0,15275.0,212.0,130.0,258.0,116.0,213.0,189.0,1
766,50000.0,2,37,2,2,0,0,0,0,0,0,39199.0,39109.0,38665.0,44444.0,36404.0,37283.0,7610.0,1583.0,2854.0,572.0,4040.0,1599.0,0
767,280000.0,1,39,1,2,0,0,0,0,0,0,112888.0,88947.0,143649.0,124420.0,111055.0,129979.0,7913.0,8318.0,17692.0,11731.0,22053.0,51660.0,0
768,120000.0,2,46,3,1,2,1,2,1,0,-2,72280.0,87401.0,91376.0,68099.0,101530.0,0.0,7624.0,3186.0,741.0,1126.0,0.0,0.0,0
769,280000.0,2,24,1,2,-1,0,0,3,2,1,132065.0,86870.0,110565.0,80259.0,122117.0,105288.0,86870.0,39606.0,19365.0,3787.0,3753.0,7564.0,0
770,100000.0,2,43,2,1,1,0,0,0,2,-2,27442.0,29519.0,45865.0,40915.0,33406.0,0.0,1053.0,1287.0,3040.0,11315.0,0.0,0.0,0
771,140000.0,2,51,1,1,2,-1,2,0,1,0,74580.0,66425.0,83607.0,73409.0,79316.0,58033.0,1201.0,83607.0,4646.0,2703.0,1241.0,4477.0,1
772,320000.0,2,42,1,1,0,0,0,0,1,2,152318.0,157297.0,129804.0,136516.0,173406.0,166185.0,4065.0,5360.0,11158.0,6465.0,13876.0,2292.0,0
773,200000.0,1,36,1,1,-1,0,2,-1,-1,-1,21778.0,29018.0,34906.0,48508.0,39291.0,63328.0,29018.0,5169.0,1819.0,39291.0,63328.0,63328.0,0
774,20000.0,2,26,3,2,0,0,-1,0,1,0,1486.0,6245.0,4523.0,4641.0,5568.0,3696.0,914.0,628.0,4641.0,1044.0,97.0,514.0,0
775,240000.0,1,38,2,1,5,4,3,2,1,0,140261.0,137017.0,95582.0,120123.0,151936.0,113496.0,879.0,526.0,5796.0,848.0,9676.0,50302.0,0
776,60000.0,1,32,2,1,0,0,0,0,0,1,46653.0,45531.0,48509.0,47085.0,51766.0,40582.0,2628.0,639.0,2577.0,4226.0,898.0,197.0,0
777,300000.0,2,31,1,1,0,-2,0,0,0,0,228367.0,0.0,186275.0,179138.0,173845.0,180035.0,0.0,18175.0,19504.0,7467.0,5487.0,5332.0,0
778,180000.0,2,26,1,2,0,0,-1,0,-1,0,101221.0,107547.0,94333.0,89332.0,83803.0,119625.0,5253.0,1280.0,89332.0,540.0,119625.0,20211.0,0
779,120000.0,2,28,3,1,0,0,0,-1,0,-1,30578.0,22087.0,47715.0,24234.0,30829.0,31118.0,2359.0,12669.0,5224.0,30829.0,2194.0,31118.0,0
780,270000.0,1,42,2,1,-1,-1,2,0,0,1,136735.0,141014.0,167059.0,144770.0,146246.0,150237.0,141014.0,167059.0,10999.0,32472.0,25562.0,1289.0,0
781,60000.0,2,34,2,1,3,4,3,4,3,2,51194.0,46781.0,55475.0,40864.0,41752.0,48025.0,823.0,233.0,474.0,470.0,271.0,150.0,1
782,180000.0,2,29,2,1,0,-2,0,0,-1,-2,106694.0,0.0,73271.0,96391.0,91306.0,0.0,0.0,10123.0,4084.0,18430.0,0.0,0.0,0
783,170000.0,1,35,1,1,0,-2,-1,0,0,-1,46838.0,0.0,21292.0,24756.0,65359.0,43045.0,0.0,3477.0,24756.0,30137.0,13336.0,43045.0,0
784,70000.0,2,30,3,2,3,2,0,0,-2,0,31593.0,30339.0,45576.0,40641.0,0.0,42707.0,1331.0,2282.0,846.0,0.0,838.0,7097.0,1
785,170000.0,2,33,1,2,0,-1,0,-1,0,1,51924.0,54561.0,73080.0,50609.0,36911.0,36210.0,8865.0,73080.0,697.0,36911.0,1054.0,1192.0,0
786,110000.0,1,27,1,1,-1,-1,-1,0,0,0,55569.0,67456.0,71026.0,65727.0,70143.0,73649.0,67456.0,71026.0,65727.0,55190.0,8397.0,17107.0,0
787,120000.0,2,29,2,2,0,0,0,-1,0,0,44859.0,38067.0,49671.0,37085.0,37676.0,30933.0,7746.0,9134.0,4980.0,37676.0,5920.0,4087.0,0
788,220000.0,1,40,1,1,0,0,1,0,0,0,92427.0,90976.0,85839.0,64328.0,74334.0,50313.0,3350.0,10116.0,817.0,11075.0,16966.0,4157.0,0
789,70000.0,1,30,2,2,0,0,-2,4,3,2,24092.0,33352.0,0.0,26669.0,23794.0,34953.0,2061.0,0.0,444.0,62.0,2268.0,1710.0,1
790,270000.0,1,39,2,2,-1,-1,0,-1,-2,-1,26359.0,62488.0,26967.0,23534.0,0.0,19580.0,62488.0,26967.0,5346.0,0.0,9413.0,19580.0,0
791,120000.0,2,29,2,1,-1,0,0,-1,-1,0,27647.0,26256.0,44524.0,32659.0,43211.0,35609.0,26256.0,14195.0,2144.0,43211.0,35609.0,6859.0,0
792,50000.0,1,32,2,0,0,0,-2,1,0,1,13964.0,11916.0,0.0,20480.0,7806.0,20599.0,1178.0,0.0,3042.0,222.0,3655.0,1341.0,0
793,170000.0,2,37,2,1,0,-1,0,0,2,0,72715.0,79123.0,95875.0,92921.0,85835.0,75888.0,10176.0,95875.0,16502.0,24300.0,3500.0,13907.0,0
794,270000.0,2,42,1,2,0,0,-1,0,0,0,106363.0,125369.0,97624.0,117630.0,101894.0,92569.0,31984.0,31985.0,117630.0,14103.0,14523.0,18153.0,0
795,80000.0,1,57,1,2,0,0,-2,0,1,0,39305.0,44408.0,0.0,25587.0,36747.0,25147.0,7018.0,0.0,7567.0,3786.0,2853.0,2740.0,0
796,130000.0,2,26,2,2,-1,0,0,0,-2,-1,110063.0,78407.0,86886.0,85177.0,0.0,85709.0,78407.0,7852.0,3336.0,0.0,15018.0,85709.0,0
797,150000.0,2,46,1,1,-2,0,-1,0,-1,-1,0.0,-3000.0,15697.0,6278.0,8889.0,10646.0,0.0,8937.0,6278.0,2690.0,10646.0,10646.0,0
798,240000.0,2,47,1,2,-1,2,1,0,0,0,21361.0,41692.0,18583.0,51117.0,59036.0,31750.0,41692.0,1453.0,2567.0,11997.0,17183.0,15750.0,0
799,110000.0,2,33,2,2,0,0,0,-1,0,-1,32203.0,22253.0,49734.0,45100.0,49545.0,48036.0,5589.0,22074.0,7484.0,49545.0,13528.0,48036.0,0
800,150000.0,2,32,2,2,0,0,-1,0,0,0,61231.0,62149.0,60852.0,61830.0,75053.0,63727.0,10356.0,17080.0,61830.0,2030.0,2447.0,11489.0,0
801,160000.0,2,49,2,2,0,1,0,0,0,0,49857.0,61132.0,40708.0,66000.0,67368.0,64084.0,17091.0,989.0,996.0,16984.0,4868.0,11312.0,0
802,40000.0,1,37,1,1,0,0,0,0,0,-2,26800.0,21927.0,23971.0,26434.0,26185.0,0.0,3923.0,3187.0,659.0,213.0,0.0,0.0,1
803,120000.0,2,29,2,2,0,-1,2,0,0,2,52184.0,33265.0,56124.0,42382.0,52712.0,63869.0,3931.0,56124.0,1786.0,4957.0,4110.0,2659.0,0
804,160000.0,2,28,2,2,0,-1,0,0,0,0,10362.0,51107.0,50921.0,34464.0,16158.0,54267.0,16008.0,50921.0,11695.0,3093.0,13111.0,18136.0,0
805,190000.0,2,32,2,2,0,0,2,0,0,2,111472.0,52113.0,103762.0,98438.0,103396.0,78572.0,5394.0,1667.0,688.0,5301.0,2460.0,510.0,1
806,250000.0,2,23,2,2,2,-2,0,-1,0,-1,98109.0,0.0,66094.0,78487.0,96997.0,112713.0,0.0,36543.0,16924.0,96997.0,40636.0,112713.0,0
807,270000.0,2,54,1,1,2,1,0,2,0,0,200361.0,251599.0,226722.0,216531.0,270048.0,267952.0,281.0,4755.0,9976.0,600.0,11908.0,1530.0,1
808,220000.0,1,36,3,1,-1,-1,0,-1,-1,0,65847.0,49970.0,50047.0,22012.0,75570.0,47257.0,49970.0,50047.0,8556.0,75570.0,47257.0,12397.0,0
809,210000.0,2,30,2,1,4,3,2,-1,0,0,91414.0,109438.0,82025.0,71648.0,110162.0,130237.0,322.0,1816.0,1587.0,110162.0,29281.0,13307.0,0
810,120000.0,2,33,1,2,0,-1,-1,-1,-1,-2,43610.0,51462.0,39215.0,41955.0,44964.0,0.0,21787.0,39215.0,41955.0,44964.0,0.0,0.0,0
811,70000.0,2,32,2,1,-1,0,-1,-1,0,0,12107.0,11055.0,12390.0,10651.0,8111.0,-1400.0,11055.0,7278.0,10651.0,8111.0,0.0,0.0,0
812,350000.0,1,51,2,1,0,0,-1,-1,0,-1,68112.0,125441.0,35223.0,88977.0,72377.0,65130.0,68279.0,3949.0,88977.0,72377.0,28882.0,65130.0,0
813,190000.0,2,32,2,2,-1,-1,-1,-1,-1,-1,3466.0,14877.0,19732.0,-1993.0,30795.0,12836.0,14877.0,19732.0,0.0,30795.0,12836.0,12836.0,0
814,40000.0,2,44,2,1,-1,-1,0,0,-1,0,16851.0,14968.0,13828.0,20207.0,16374.0,19597.0,14968.0,13828.0,5232.0,1844.0,19597.0,6543.0,0
815,70000.0,1,47,2,2,0,-1,0,1,0,0,17278.0,23745.0,23358.0,19391.0,12918.0,29060.0,1757.0,23358.0,1898.0,252.0,3061.0,3362.0,0
816,260000.0,2,33,2,1,0,-1,-1,0,0,0,9369.0,3990.0,34071.0,24854.0,19741.0,9628.0,1862.0,34071.0,24854.0,3261.0,5757.0,4274.0,0
817,160000.0,2,48,2,2,-2,0,0,-1,0,0,0.0,55656.0,91788.0,97832.0,95187.0,56311.0,3142.0,10721.0,25908.0,95187.0,13364.0,2519.0,0
818,50000.0,2,27,1,2,-1,-1,1,2,0,0,38444.0,41995.0,35102.0,42213.0,42396.0,38199.0,41995.0,35102.0,689.0,1897.0,1450.0,700.0,0
819,220000.0,1,30,1,2,0,0,-1,-1,0,0,110249.0,91749.0,60051.0,55451.0,42446.0,93191.0,25826.0,10935.0,55451.0,42446.0,27443.0,36264.0,0
820,230000.0,2,33,4,2,0,0,0,-1,-2,0,110233.0,125631.0,138447.0,138603.0,0.0,153248.0,4193.0,7548.0,9689.0,0.0,13023.0,11521.0,0
821,200000.0,1,40,2,2,0,0,-1,-1,0,-1,70325.0,45568.0,31050.0,40230.0,59101.0,26031.0,9624.0,10982.0,40230.0,59101.0,6825.0,26031.0,0
822,110000.0,1,29,2,2,3,2,1,0,0,0,65408.0,74601.0,75041.0,79133.0,90844.0,80948.0,466.0,474.0,277.0,8289.0,6621.0,3430.0,0
823,150000.0,2,36,1,2,0,0,-2,0,0,0,36416.0,41155.0,0.0,28763.0,41327.0,30652.0,5121.0,0.0,2229.0,15020.0,3306.0,13825.0,0
824,90000.0,2,40,2,1,-1,-1,-1,1,-1,0,12435.0,8619.0,19247.0,21544.0,11523.0,17733.0,8619.0,19247.0,21544.0,558.0,17733.0,2276.0,0
825,90000.0,2,39,2,1,0,0,-2,0,-1,0,27770.0,35470.0,0.0,47972.0,44063.0,44080.0,4341.0,0.0,898.0,3199.0,44080.0,1980.0,1
826,170000.0,2,47,2,1,0,0,0,0,0,0,49089.0,54891.0,61558.0,43170.0,69997.0,50227.0,6674.0,5275.0,4895.0,8558.0,5213.0,5155.0,0
827,470000.0,1,27,3,2,-1,-1,-1,-1,0,-1,74733.0,35533.0,40252.0,-1380.0,53929.0,82766.0,35533.0,40252.0,0.0,53929.0,27380.0,82766.0,0
828,680000.0,1,30,2,2,0,0,0,-2,0,0,447845.0,481575.0,534128.0,0.0,447160.0,495702.0,11339.0,33594.0,0.0,37926.0,14397.0,18838.0,0
829,150000.0,1,34,1,2,0,-1,0,0,0,0,61349.0,66821.0,85920.0,92009.0,69774.0,90350.0,32532.0,85920.0,39849.0,18924.0,21868.0,12501.0,0
830,70000.0,1,41,1,1,1,-1,0,0,-1,0,20323.0,35358.0,22410.0,10114.0,7669.0,13745.0,252.0,22410.0,326.0,407.0,13745.0,1187.0,0
831,160000.0,2,36,1,1,0,0,0,0,-2,0,120023.0,132410.0,120798.0,143556.0,0.0,157038.0,1594.0,5221.0,6552.0,0.0,2537.0,1434.0,0
832,100000.0,1,34,2,1,0,-1,1,0,0,0,34325.0,44682.0,44214.0,28281.0,46865.0,38587.0,8344.0,44214.0,1665.0,23087.0,9275.0,10086.0,0
833,70000.0,1,28,3,1,0,-1,0,0,0,0,39016.0,43033.0,30788.0,29300.0,38680.0,34334.0,20187.0,30788.0,4980.0,5455.0,18617.0,3875.0,0
834,40000.0,2,29,2,2,0,0,0,0,0,0,28728.0,24768.0,29868.0,30213.0,26286.0,20681.0,413.0,3216.0,1897.0,765.0,2518.0,1280.0,0
835,110000.0,1,28,2,2,-1,-1,0,-1,-1,-1,2003.0,19533.0,727.0,2448.0,1257.0,20276.0,19533.0,727.0,1964.0,1257.0,20276.0,20276.0,0
836,80000.0,1,41,2,2,2,0,0,4,3,2,57918.0,52663.0,57562.0,55613.0,55096.0,62181.0,479.0,6556.0,5916.0,1470.0,406.0,1127.0,0
837,190000.0,2,41,1,1,-1,0,0,0,0,-1,53979.0,35012.0,43254.0,10212.0,20503.0,10826.0,35012.0,3393.0,4935.0,3267.0,1385.0,10826.0,0
838,60000.0,2,38,1,2,2,0,0,0,-1,0,42934.0,47986.0,47046.0,53115.0,46555.0,51286.0,534.0,2608.0,3063.0,9309.0,51286.0,5168.0,1
839,180000.0,1,64,2,1,0,0,0,0,0,0,128489.0,101559.0,122584.0,124773.0,112870.0,141670.0,13260.0,17118.0,10501.0,1436.0,3648.0,3976.0,1
840,90000.0,2,54,1,1,0,0,-1,0,-1,0,21148.0,18150.0,22078.0,18535.0,20009.0,26462.0,1154.0,7509.0,18535.0,5522.0,26462.0,1983.0,0
841,100000.0,1,36,1,2,-1,0,0,-1,-1,-1,27155.0,37049.0,29694.0,18599.0,34416.0,23632.0,37049.0,9365.0,4222.0,34416.0,23632.0,23632.0,0
842,80000.0,2,33,2,1,0,-1,0,3,2,-1,53979.0,57361.0,50441.0,65946.0,44740.0,55645.0,1037.0,50441.0,1397.0,404.0,2599.0,55645.0,1
843,80000.0,2,29,2,1,2,1,0,-2,-1,0,32611.0,36761.0,41323.0,0.0,29772.0,34584.0,6814.0,4603.0,0.0,5065.0,34584.0,6879.0,0
844,130000.0,1,46,1,1,0,-1,0,1,0,0,61180.0,61447.0,70596.0,63926.0,62111.0,76436.0,8181.0,70596.0,15648.0,1504.0,13552.0,21327.0,0
845,120000.0,1,36,1,2,0,3,2,0,0,0,73834.0,88571.0,91645.0,97508.0,84804.0,82884.0,37640.0,3817.0,3589.0,11715.0,2095.0,25877.0,1
846,60000.0,2,31,3,2,0,0,0,0,0,0,36924.0,30556.0,39857.0,30769.0,32552.0,44488.0,477.0,2205.0,2769.0,870.0,2176.0,658.0,0
847,90000.0,2,48,2,1,2,1,0,0,0,0,42199.0,47121.0,51153.0,63167.0,57971.0,56153.0,2133.0,3526.0,1806.0,14561.0,1849.0,14698.0,0
848,120000.0,1,39,1,1,-1,-1,-1,-1,0,0,27831.0,19707.0,18387.0,17216.0,9042.0,2871.0,19707.0,18387.0,17216.0,9042.0,551.0,315.0,1
849,90000.0,2,33,2,2,0,0,0,0,-2,0,54693.0,52666.0,66597.0,44269.0,0.0,50982.0,6936.0,3501.0,16652.0,0.0,9093.0,3385.0,1
850,450000.0,1,36,2,2,0,0,0,-1,-1,0,165628.0,227916.0,184913.0,240358.0,189085.0,138095.0,9262.0,105013.0,40449.0,189085.0,138095.0,6864.0,0
851,210000.0,2,28,6,1,0,0,0,0,0,0,77923.0,109923.0,126312.0,139070.0,118058.0,88759.0,1608.0,3102.0,3580.0,9177.0,4254.0,2751.0,0
852,160000.0,1,63,1,1,0,-2,0,-2,0,-2,56317.0,0.0,42780.0,0.0,12595.0,0.0,0.0,3592.0,0.0,3234.0,0.0,0.0,0
853,50000.0,1,48,2,1,0,0,0,3,2,1,34616.0,35908.0,31013.0,29017.0,32528.0,31754.0,1791.0,587.0,795.0,75.0,51.0,690.0,0
854,250000.0,1,30,2,2,0,0,0,0,0,0,161591.0,153680.0,111622.0,144886.0,124094.0,122825.0,86425.0,10473.0,12084.0,7859.0,3941.0,40785.0,0
855,160000.0,2,31,1,2,-1,0,-2,3,2,1,21830.0,43394.0,0.0,47247.0,50950.0,32329.0,43394.0,0.0,748.0,1789.0,1930.0,744.0,0
856,160000.0,1,39,2,1,0,-1,0,-2,0,0,90697.0,112741.0,124438.0,0.0,114139.0,100288.0,13671.0,124438.0,0.0,17578.0,1946.0,6483.0,1
857,390000.0,2,36,1,2,0,0,-1,0,2,1,75652.0,55046.0,101493.0,118440.0,88749.0,68349.0,7850.0,8288.0,118440.0,3694.0,4399.0,5684.0,0
858,50000.0,2,36,1,1,0,0,-1,0,-1,-1,5562.0,1805.0,13286.0,12635.0,16781.0,8475.0,1326.0,3043.0,12635.0,4752.0,8475.0,8475.0,0
859,140000.0,2,53,1,2,0,-1,-1,0,-1,0,13263.0,55750.0,43770.0,46324.0,32551.0,53166.0,5944.0,43770.0,46324.0,2547.0,53166.0,11162.0,0
860,140000.0,1,34,2,1,0,0,-1,0,0,0,63997.0,55090.0,62002.0,46071.0,56789.0,54054.0,6039.0,2896.0,46071.0,8370.0,3715.0,5681.0,1
861,300000.0,2,31,2,1,-1,0,0,0,-1,0,173898.0,170573.0,181045.0,187136.0,181638.0,147265.0,170573.0,65330.0,44435.0,49232.0,147265.0,8299.0,0
862,180000.0,2,42,1,1,-1,0,-2,0,0,0,88233.0,86525.0,0.0,87015.0,62123.0,76157.0,86525.0,0.0,7346.0,5138.0,3354.0,34478.0,0
863,210000.0,2,46,1,1,0,-1,-1,-1,-1,0,57804.0,98013.0,64414.0,81974.0,71528.0,84220.0,22017.0,64414.0,81974.0,71528.0,84220.0,39376.0,0
864,150000.0,1,57,2,1,-1,0,-1,-1,-1,-2,34243.0,21516.0,34133.0,18694.0,50667.0,0.0,21516.0,7127.0,18694.0,50667.0,0.0,0.0,0
865,140000.0,1,50,2,2,0,0,0,-1,0,0,21546.0,24799.0,32802.0,40241.0,27073.0,42505.0,13943.0,6416.0,20414.0,27073.0,15235.0,3683.0,0
866,170000.0,1,27,1,2,0,1,0,0,-1,0,24210.0,47734.0,36016.0,18714.0,52238.0,3194.0,23486.0,2194.0,398.0,8582.0,3194.0,958.0,0
867,70000.0,1,43,3,1,0,0,0,0,-2,1,39667.0,27624.0,28410.0,22367.0,0.0,29559.0,1886.0,4209.0,4710.0,0.0,2812.0,622.0,0
868,90000.0,2,47,2,2,1,0,0,0,0,0,43951.0,49331.0,47656.0,45175.0,61556.0,55371.0,1211.0,7792.0,7294.0,5188.0,10058.0,1759.0,0
869,100000.0,1,44,2,1,0,2,1,-1,-2,0,45451.0,34132.0,38089.0,32030.0,0.0,35471.0,4012.0,500.0,2706.0,0.0,4761.0,9130.0,0
870,170000.0,1,29,2,2,0,0,-1,0,0,0,30929.0,6316.0,49205.0,5318.0,31635.0,34701.0,1708.0,8938.0,5318.0,1812.0,20340.0,6686.0,0
871,430000.0,1,44,1,1,1,-1,0,-1,-1,-2,109601.0,88686.0,93351.0,122350.0,243.0,0.0,12087.0,93351.0,22459.0,243.0,0.0,0.0,0
872,130000.0,1,36,2,2,0,0,0,0,0,0,36398.0,22562.0,25337.0,43175.0,48601.0,21410.0,4947.0,1871.0,12005.0,4175.0,1209.0,9499.0,0
873,110000.0,1,45,2,1,-1,-1,-2,-1,-1,0,21791.0,32031.0,0.0,22596.0,13616.0,23909.0,32031.0,0.0,5098.0,13616.0,23909.0,6016.0,0
874,270000.0,2,31,2,2,1,0,0,0,0,0,79713.0,112226.0,121437.0,104441.0,114322.0,62834.0,8283.0,4832.0,7834.0,15683.0,30797.0,29463.0,0
875,150000.0,2,45,3,2,-2,0,0,0,0,0,0.0,31125.0,26622.0,44808.0,35848.0,32140.0,4119.0,1594.0,4805.0,11346.0,9614.0,13390.0,0
876,330000.0,1,46,1,2,-1,4,3,2,1,2,172656.0,184984.0,193185.0,181335.0,196642.0,234780.0,184984.0,1791.0,978.0,903.0,1161.0,3073.0,0
877,120000.0,2,40,2,1,0,0,-1,-2,-1,-1,37810.0,59645.0,38393.0,0.0,48188.0,47592.0,20494.0,3903.0,0.0,10586.0,47592.0,47592.0,0
878,130000.0,1,35,1,2,-1,-1,0,0,0,0,33682.0,8627.0,27095.0,24712.0,25887.0,42279.0,8627.0,27095.0,6610.0,5727.0,16930.0,17174.0,0
879,240000.0,1,34,1,2,2,-2,0,0,0,0,34779.0,0.0,88372.0,59779.0,49706.0,43705.0,0.0,32614.0,1334.0,2775.0,13249.0,3327.0,1
880,150000.0,2,31,1,1,0,0,-1,0,-2,0,99258.0,85847.0,53617.0,69980.0,0.0,94008.0,4960.0,961.0,69980.0,0.0,4070.0,1979.0,1
881,390000.0,2,36,1,1,0,0,1,0,0,-1,79019.0,155717.0,138840.0,156454.0,150969.0,208581.0,91170.0,18281.0,4436.0,6068.0,25179.0,208581.0,0
882,90000.0,2,35,1,2,-1,0,-1,0,0,0,38798.0,28311.0,56666.0,27619.0,33726.0,29655.0,28311.0,18336.0,27619.0,8818.0,13218.0,4645.0,0
883,160000.0,1,41,2,2,0,0,0,-1,0,0,98203.0,111908.0,80354.0,113751.0,103312.0,97330.0,5263.0,8289.0,15857.0,103312.0,22254.0,4459.0,0
884,140000.0,1,44,2,1,-2,2,0,0,0,0,0.0,23050.0,10992.0,19829.0,22318.0,17680.0,1321.0,1260.0,2167.0,7066.0,6775.0,8326.0,0
885,60000.0,1,41,2,1,0,-1,0,0,0,0,28139.0,22881.0,31935.0,28326.0,17512.0,24303.0,1626.0,31935.0,7139.0,1150.0,5074.0,4091.0,0
886,90000.0,1,29,2,2,0,0,0,0,0,0,23390.0,37683.0,29771.0,26639.0,32482.0,28385.0,9209.0,8199.0,4366.0,1128.0,2230.0,7124.0,0
887,60000.0,1,39,2,2,-1,0,0,-1,0,-1,8153.0,2241.0,4712.0,9010.0,11777.0,10234.0,2241.0,2109.0,2860.0,11777.0,2441.0,10234.0,0
888,100000.0,1,40,2,1,-2,0,2,0,-1,0,0.0,68119.0,65952.0,72551.0,81204.0,75406.0,1150.0,3770.0,1161.0,2984.0,75406.0,1268.0,0
889,90000.0,2,25,2,2,0,0,0,2,1,0,47307.0,46508.0,32278.0,34273.0,44264.0,41127.0,4480.0,899.0,3033.0,1059.0,612.0,5154.0,1
890,1000000.0,1,30,1,1,0,0,0,0,0,-1,79715.0,89669.0,360612.0,156453.0,247340.0,120978.0,17504.0,49300.0,66833.0,13540.0,28575.0,120978.0,0
891,50000.0,1,23,2,2,0,0,-2,0,0,0,27815.0,28092.0,0.0,32397.0,33824.0,32730.0,3224.0,0.0,5708.0,670.0,2047.0,3185.0,0
892,240000.0,2,54,2,2,0,0,0,0,1,0,36571.0,30211.0,99629.0,55635.0,28120.0,53246.0,20236.0,15714.0,31914.0,6396.0,6988.0,10155.0,0
893,60000.0,1,32,3,1,1,2,1,2,0,0,2662.0,15310.0,13824.0,6629.0,8962.0,4994.0,741.0,244.0,343.0,289.0,258.0,270.0,1
894,130000.0,1,42,3,3,0,0,3,2,0,0,26015.0,11158.0,36380.0,22354.0,26062.0,27631.0,835.0,6302.0,321.0,753.0,2137.0,1299.0,0
895,130000.0,1,29,1,2,0,0,0,-1,0,-2,64971.0,59842.0,56509.0,63129.0,35655.0,0.0,2592.0,3147.0,5870.0,35655.0,0.0,0.0,0
896,80000.0,2,44,2,1,-1,0,0,-1,-1,-1,5435.0,8552.0,-472.0,-1600.0,7468.0,4463.0,8552.0,0.0,0.0,7468.0,4463.0,4463.0,0
897,440000.0,2,31,1,2,0,0,0,-1,0,0,181126.0,171550.0,180045.0,183425.0,234761.0,189470.0,8518.0,8567.0,32490.0,234761.0,4156.0,7915.0,0
898,240000.0,2,29,2,2,-2,-1,0,0,0,-1,0.0,33845.0,11946.0,29051.0,9703.0,10697.0,7077.0,11946.0,10122.0,3195.0,2794.0,10697.0,0
899,30000.0,2,33,3,1,-1,-1,0,-1,0,-1,11560.0,5705.0,10125.0,9341.0,3916.0,6847.0,5705.0,10125.0,1479.0,3916.0,5077.0,6847.0,0
900,110000.0,1,38,2,1,0,0,2,-1,1,-1,46795.0,49292.0,41531.0,59964.0,41839.0,44645.0,3766.0,956.0,1443.0,41839.0,1278.0,44645.0,1
901,140000.0,1,40,1,1,0,0,0,0,0,0,92816.0,105285.0,92435.0,109841.0,101980.0,110337.0,21005.0,1369.0,3051.0,30853.0,6071.0,10815.0,0
902,40000.0,2,25,2,2,0,-1,0,0,0,0,7357.0,7632.0,8760.0,14826.0,9404.0,8373.0,1220.0,8760.0,2638.0,974.0,1357.0,2287.0,0
903,190000.0,2,34,1,2,2,-2,-1,-1,0,0,76886.0,0.0,75335.0,54324.0,110680.0,68903.0,0.0,12922.0,54324.0,110680.0,13562.0,1871.0,0
904,160000.0,2,27,2,2,0,-1,0,0,-1,0,25630.0,45818.0,25486.0,45248.0,51333.0,31512.0,3762.0,25486.0,2403.0,2896.0,31512.0,4699.0,1
905,120000.0,2,33,2,1,0,-1,2,1,-2,-2,112805.0,73803.0,88754.0,95826.0,0.0,0.0,35568.0,88754.0,4410.0,0.0,0.0,0.0,0
906,150000.0,2,28,2,2,5,6,5,4,3,2,131882.0,128415.0,114572.0,152743.0,113149.0,95476.0,783.0,522.0,2703.0,2176.0,95.0,2662.0,1
907,430000.0,1,39,2,1,2,3,2,0,0,0,182036.0,258006.0,210598.0,179165.0,302701.0,237912.0,3008.0,4964.0,1601.0,26235.0,15415.0,72769.0,1
908,120000.0,2,63,2,1,-2,-1,2,0,0,0,0.0,45416.0,20890.0,41905.0,26840.0,37839.0,6956.0,20890.0,1355.0,3627.0,3877.0,1252.0,0
909,410000.0,1,36,1,2,-1,-1,-1,0,-1,0,64231.0,8057.0,63030.0,54475.0,129666.0,76200.0,8057.0,63030.0,54475.0,78230.0,76200.0,32688.0,0
910,390000.0,1,32,3,2,-1,-1,0,-1,0,0,30997.0,54909.0,-7800.0,56383.0,47659.0,-7800.0,54909.0,0.0,16045.0,47659.0,0.0,0.0,0
911,10000.0,2,47,3,2,2,0,0,0,0,0,4200.0,4328.0,3522.0,3894.0,4525.0,4316.0,82.0,240.0,406.0,328.0,242.0,568.0,0
912,140000.0,2,32,1,1,-1,0,0,0,0,0,14151.0,23870.0,1273.0,23863.0,27309.0,53945.0,23870.0,494.0,215.0,4999.0,18697.0,20267.0,0
913,280000.0,2,27,2,1,2,1,0,0,0,2,121425.0,77125.0,111310.0,56053.0,88985.0,72140.0,1759.0,1386.0,11929.0,4962.0,5380.0,788.0,0
914,150000.0,2,32,2,2,0,-2,0,-1,0,0,95184.0,0.0,100749.0,78196.0,115909.0,89619.0,0.0,28484.0,4742.0,115909.0,3806.0,5039.0,0
915,100000.0,1,25,1,2,0,1,0,-2,2,0,94722.0,71457.0,87278.0,0.0,89437.0,92688.0,4249.0,3826.0,0.0,1176.0,3331.0,3028.0,0
916,420000.0,1,27,1,2,0,0,-2,-1,0,1,158438.0,191704.0,0.0,191265.0,145300.0,214511.0,7465.0,0.0,39140.0,145300.0,23194.0,12520.0,0
917,350000.0,2,42,1,1,-1,-1,0,-1,-1,-2,118518.0,116060.0,76649.0,49697.0,56941.0,0.0,116060.0,76649.0,27503.0,56941.0,0.0,0.0,0
918,40000.0,2,28,2,2,4,5,4,3,2,1,39680.0,29420.0,27328.0,36156.0,35652.0,35242.0,230.0,61.0,121.0,47.0,51.0,51.0,1
919,300000.0,1,33,1,1,0,0,-2,-1,0,-1,38071.0,59449.0,0.0,76982.0,50165.0,61804.0,4178.0,0.0,9805.0,50165.0,13624.0,61804.0,0
920,110000.0,2,33,2,2,0,0,0,0,-1,-1,52368.0,49192.0,42420.0,31393.0,52968.0,46131.0,12479.0,7272.0,4647.0,14836.0,46131.0,46131.0,0
921,130000.0,2,31,2,1,-1,-1,-1,-1,-2,-1,11104.0,15677.0,-1867.0,1284.0,0.0,12340.0,15677.0,0.0,1284.0,0.0,7289.0,12340.0,0
922,80000.0,1,37,1,2,2,0,0,1,-1,1,42611.0,42041.0,46316.0,37409.0,38417.0,41332.0,1391.0,1884.0,10039.0,514.0,41332.0,705.0,0
923,180000.0,2,35,2,2,4,3,2,1,0,0,146632.0,122808.0,145097.0,162512.0,168464.0,172978.0,1238.0,2738.0,1286.0,624.0,7450.0,2077.0,1
924,140000.0,1,36,2,1,0,0,0,0,0,-1,81489.0,59007.0,54140.0,55688.0,68204.0,56502.0,6569.0,2220.0,26119.0,4405.0,5080.0,56502.0,1
925,60000.0,2,32,2,1,1,2,-1,0,0,-2,28914.0,34286.0,28774.0,24105.0,21751.0,0.0,1142.0,521.0,24105.0,3987.0,0.0,0.0,1
926,90000.0,1,28,2,2,-1,2,0,0,0,0,44842.0,33991.0,52353.0,65872.0,50613.0,54442.0,33991.0,712.0,7547.0,3039.0,1470.0,4127.0,0
927,310000.0,2,31,2,2,-1,-2,0,0,0,-1,190362.0,0.0,231757.0,174803.0,210045.0,194379.0,0.0,19189.0,16142.0,15949.0,15913.0,194379.0,0
928,290000.0,2,43,3,3,0,-1,-1,0,0,0,69886.0,48838.0,54263.0,63301.0,9366.0,41959.0,7603.0,54263.0,63301.0,1564.0,14231.0,5021.0,0
929,50000.0,2,48,2,2,-1,0,-1,2,-1,-1,4832.0,4441.0,-1000.0,3681.0,4578.0,2132.0,4441.0,0.0,3681.0,314.0,2132.0,2132.0,0
930,160000.0,2,30,2,1,0,0,0,0,-1,0,99853.0,102052.0,116459.0,113583.0,107653.0,109035.0,17577.0,9417.0,6392.0,11493.0,109035.0,5204.0,0
931,130000.0,1,29,1,1,0,-2,0,3,2,0,105129.0,0.0,97207.0,102666.0,102922.0,100169.0,0.0,7271.0,9911.0,1940.0,2115.0,12531.0,0
932,90000.0,1,35,2,2,0,-1,0,0,0,0,27981.0,22335.0,18506.0,26700.0,17262.0,28573.0,5005.0,18506.0,1393.0,1525.0,7554.0,5434.0,0
933,130000.0,2,23,0,2,0,0,0,0,0,0,23191.0,53727.0,45141.0,47588.0,60606.0,68987.0,10081.0,7091.0,3514.0,1938.0,2721.0,9689.0,0
934,240000.0,2,29,3,1,0,0,0,0,2,0,106600.0,103842.0,120822.0,152948.0,103728.0,95740.0,1240.0,14326.0,852.0,15613.0,5928.0,3445.0,0
935,240000.0,1,30,1,1,-1,0,0,0,0,0,116252.0,77642.0,83900.0,64282.0,91112.0,113033.0,77642.0,15422.0,7100.0,3353.0,31743.0,10547.0,0
936,70000.0,1,41,2,1,-1,-2,0,1,-1,0,5636.0,0.0,12102.0,23981.0,25963.0,24745.0,0.0,1224.0,1625.0,512.0,24745.0,659.0,1
937,130000.0,2,35,2,2,3,2,1,0,2,1,104156.0,92477.0,101420.0,109286.0,91064.0,101606.0,303.0,447.0,584.0,3890.0,192.0,323.0,0
938,180000.0,2,39,2,2,-1,0,0,0,2,1,162029.0,138301.0,96636.0,119370.0,130122.0,127873.0,138301.0,11344.0,15035.0,20551.0,397.0,1538.0,0
939,380000.0,1,37,1,2,0,0,0,0,0,0,124878.0,149795.0,116005.0,51346.0,90263.0,158198.0,12846.0,60450.0,4535.0,5511.0,12859.0,8175.0,0
940,160000.0,2,34,1,2,2,1,0,0,0,-1,93689.0,81964.0,86459.0,91845.0,100069.0,94516.0,3946.0,6182.0,3937.0,15606.0,47498.0,94516.0,1
941,140000.0,2,35,2,1,0,-1,0,-1,-1,0,29351.0,24644.0,22560.0,30386.0,-2711.0,44896.0,18564.0,22560.0,11234.0,0.0,44896.0,26912.0,0
942,160000.0,2,44,2,2,0,-1,0,0,0,-1,42240.0,31377.0,40361.0,29651.0,41116.0,65997.0,1855.0,40361.0,6200.0,5569.0,29567.0,65997.0,0
943,190000.0,2,32,2,1,0,0,1,-1,2,1,21016.0,13591.0,-3800.0,28096.0,12546.0,32192.0,2460.0,0.0,1116.0,12546.0,2858.0,1931.0,0
944,40000.0,2,44,2,2,0,0,0,0,-1,0,10911.0,6846.0,6600.0,8615.0,1764.0,3905.0,2989.0,2081.0,2871.0,282.0,3905.0,1070.0,0
945,350000.0,1,42,2,1,0,0,3,2,1,0,214087.0,242183.0,267191.0,278271.0,231901.0,238494.0,17229.0,6328.0,10689.0,3738.0,5510.0,54162.0,0
946,200000.0,1,29,1,1,-1,-1,0,0,-1,0,-4000.0,23759.0,10106.0,-3254.0,-343.0,28261.0,23759.0,10106.0,0.0,0.0,28261.0,7645.0,0
947,160000.0,2,26,1,2,0,3,2,1,2,0,90224.0,102948.0,95249.0,97598.0,103475.0,102524.0,4825.0,209.0,1387.0,608.0,1278.0,2647.0,0
948,90000.0,2,43,1,1,0,-2,0,0,0,0,26951.0,0.0,31469.0,32554.0,50657.0,23678.0,0.0,5640.0,6042.0,5821.0,2991.0,7395.0,0
949,190000.0,2,27,1,2,0,-2,0,-1,0,-2,42363.0,0.0,27798.0,37741.0,50991.0,0.0,0.0,8214.0,18275.0,50991.0,0.0,0.0,0
950,520000.0,2,41,2,2,0,0,0,0,-1,-1,252071.0,163701.0,214378.0,185628.0,201266.0,250629.0,95689.0,105049.0,77851.0,45623.0,250629.0,250629.0,0
951,110000.0,2,57,2,2,0,0,2,3,2,1,29025.0,21455.0,9483.0,18515.0,30945.0,20839.0,517.0,954.0,201.0,1097.0,264.0,777.0,1
952,50000.0,1,26,1,2,0,5,4,3,2,0,35786.0,36331.0,34694.0,30011.0,34766.0,32358.0,1519.0,807.0,357.0,80.0,267.0,808.0,1
953,210000.0,2,25,1,2,-1,-1,0,-1,-1,0,6612.0,52785.0,41660.0,17963.0,36304.0,42110.0,52785.0,41660.0,4710.0,36304.0,42110.0,5857.0,0
954,90000.0,1,34,3,2,2,0,0,3,2,0,70982.0,51621.0,65189.0,72634.0,60186.0,70857.0,940.0,22755.0,10814.0,843.0,3677.0,13010.0,1
955,80000.0,2,31,3,1,-1,0,0,2,1,0,52916.0,57362.0,53413.0,52607.0,51080.0,58937.0,57362.0,9561.0,4876.0,1231.0,531.0,7239.0,0
956,40000.0,1,31,2,1,-1,0,0,0,0,0,5174.0,6427.0,13305.0,6707.0,4229.0,12789.0,6427.0,2207.0,1791.0,331.0,4931.0,4556.0,0
957,240000.0,2,38,1,2,-1,0,0,-1,0,0,11611.0,75128.0,99336.0,61116.0,56592.0,77707.0,75128.0,38711.0,49095.0,56592.0,52335.0,19685.0,0
958,210000.0,2,43,2,2,0,0,0,0,0,0,134217.0,130747.0,143857.0,144221.0,156438.0,152184.0,18621.0,5019.0,3333.0,4308.0,2436.0,11914.0,0
959,10000.0,2,35,3,2,1,0,0,0,0,-1,5529.0,4256.0,4086.0,3800.0,4051.0,3922.0,160.0,42.0,200.0,854.0,1534.0,3922.0,0
960,130000.0,1,30,2,1,-1,-1,0,0,-1,0,3654.0,39478.0,33280.0,31714.0,39286.0,33035.0,39478.0,33280.0,5621.0,1419.0,33035.0,11106.0,0
961,190000.0,2,28,2,1,0,-2,0,-1,0,1,113643.0,0.0,84953.0,86417.0,81900.0,102594.0,0.0,8648.0,14579.0,81900.0,3433.0,3828.0,0
962,60000.0,2,29,2,2,0,0,0,1,2,1,35924.0,39499.0,42017.0,34881.0,40696.0,39904.0,4343.0,143.0,3320.0,829.0,126.0,201.0,1
963,30000.0,1,33,5,1,-1,0,0,0,0,0,6215.0,11412.0,5365.0,5810.0,4789.0,3590.0,11412.0,3338.0,3332.0,433.0,1917.0,1985.0,0
964,130000.0,1,32,2,2,0,-1,3,2,0,0,28252.0,35140.0,62006.0,23407.0,13640.0,38800.0,2839.0,62006.0,408.0,1597.0,9529.0,3493.0,1
965,830000.0,1,41,1,1,0,-1,0,0,0,-1,247456.0,137594.0,214982.0,233709.0,295893.0,249775.0,29145.0,214982.0,30085.0,66156.0,15493.0,249775.0,0
966,150000.0,2,29,2,1,-1,-2,0,-1,0,-1,10006.0,0.0,24223.0,27756.0,6968.0,17909.0,0.0,14657.0,15150.0,6968.0,9063.0,17909.0,0
967,480000.0,1,43,3,2,-1,0,1,0,0,-1,84832.0,70644.0,136621.0,137638.0,169331.0,177592.0,70644.0,7756.0,7019.0,34103.0,67110.0,177592.0,0
968,210000.0,2,29,1,2,0,0,0,-1,0,0,78520.0,78152.0,81400.0,84482.0,89420.0,80400.0,13796.0,20195.0,18875.0,89420.0,38873.0,16903.0,0
969,170000.0,1,44,1,1,0,-1,0,0,-1,0,95701.0,112101.0,71425.0,78982.0,92445.0,96447.0,8414.0,71425.0,6722.0,5731.0,96447.0,4554.0,0
970,110000.0,2,44,1,3,2,0,-2,0,0,-1,52779.0,41431.0,0.0,37757.0,54311.0,42051.0,1065.0,0.0,11276.0,14926.0,3034.0,42051.0,0
971,440000.0,1,30,1,2,-1,0,-1,-1,-2,0,43476.0,160708.0,82505.0,104896.0,0.0,142481.0,160708.0,6632.0,104896.0,0.0,34766.0,74789.0,0
972,70000.0,2,39,1,1,-1,0,0,0,3,2,40650.0,44646.0,33700.0,34435.0,31821.0,38358.0,44646.0,4940.0,6188.0,6252.0,958.0,1157.0,1
973,90000.0,2,45,2,1,0,2,3,2,3,2,44293.0,52747.0,44495.0,44736.0,58808.0,51025.0,6421.0,440.0,1318.0,367.0,1582.0,568.0,0
974,90000.0,2,30,2,2,-1,0,0,0,-2,-1,22755.0,-203.0,14093.0,-1800.0,0.0,7414.0,0.0,9315.0,0.0,0.0,5729.0,7414.0,0
975,130000.0,2,23,2,2,0,0,1,0,0,2,72373.0,65933.0,59430.0,75979.0,89050.0,82060.0,12618.0,5903.0,3399.0,17690.0,7058.0,6932.0,0
976,130000.0,2,35,2,2,-2,0,0,-1,-1,0,0.0,25753.0,41604.0,44439.0,56626.0,59011.0,2364.0,7247.0,30415.0,56626.0,59011.0,22009.0,1
977,40000.0,1,29,2,1,1,0,0,0,0,0,22351.0,18721.0,22478.0,20053.0,25433.0,15742.0,248.0,2160.0,3170.0,473.0,2181.0,885.0,0
978,60000.0,2,40,2,1,1,0,-1,-1,0,0,42063.0,45475.0,39574.0,43128.0,49142.0,41335.0,176.0,1751.0,43128.0,49142.0,698.0,6121.0,0
979,540000.0,1,29,1,2,0,0,-1,0,-2,-1,-3849.0,57414.0,57406.0,57753.0,0.0,86356.0,15346.0,19088.0,57753.0,0.0,43283.0,86356.0,0
980,160000.0,2,53,2,2,0,-1,0,-1,-1,-1,4833.0,24901.0,35179.0,49732.0,-1110.0,6233.0,9322.0,35179.0,4145.0,0.0,6233.0,6233.0,0
981,120000.0,1,34,2,1,-2,0,0,1,0,0,0.0,38735.0,28093.0,33851.0,16198.0,10828.0,4060.0,7804.0,5186.0,191.0,757.0,751.0,0
982,90000.0,2,25,2,2,0,0,0,0,0,-1,18138.0,14040.0,16066.0,6768.0,1954.0,9063.0,3677.0,7643.0,953.0,503.0,1688.0,9063.0,1
983,180000.0,2,49,2,2,0,2,1,0,0,0,99199.0,125156.0,145038.0,162383.0,126313.0,164688.0,7265.0,2220.0,2282.0,6301.0,3464.0,19909.0,0
984,70000.0,1,35,2,1,1,0,0,1,0,-2,45898.0,50572.0,51399.0,56056.0,45712.0,0.0,397.0,596.0,2548.0,702.0,0.0,0.0,1
985,290000.0,2,41,2,1,-1,0,-1,1,-1,-1,68607.0,101025.0,89399.0,76893.0,116319.0,123870.0,101025.0,45372.0,76893.0,13387.0,123870.0,123870.0,0
986,300000.0,2,30,1,2,0,0,0,0,-1,0,19513.0,8512.0,66.0,42447.0,13023.0,21615.0,4627.0,5.0,11448.0,2272.0,21615.0,8185.0,0
987,120000.0,1,33,2,2,0,-1,-2,0,0,-1,26296.0,15199.0,0.0,4606.0,10868.0,2347.0,9026.0,0.0,2917.0,2190.0,1609.0,2347.0,1
988,170000.0,1,33,3,2,0,0,-2,0,0,-1,86564.0,93308.0,0.0,72543.0,85802.0,74674.0,50362.0,0.0,10759.0,30958.0,26484.0,74674.0,0
989,110000.0,1,33,2,1,0,-1,0,0,0,0,31795.0,13529.0,29131.0,28601.0,38252.0,26948.0,686.0,29131.0,3538.0,7487.0,3018.0,9516.0,0
990,90000.0,1,30,2,2,1,2,1,0,2,0,59958.0,65879.0,63624.0,72186.0,62715.0,63183.0,295.0,168.0,607.0,1702.0,2031.0,934.0,1
991,240000.0,2,32,2,2,0,0,0,0,0,0,97869.0,110212.0,96687.0,76364.0,93239.0,85943.0,10071.0,11687.0,4626.0,6948.0,2517.0,8856.0,0
992,110000.0,1,32,2,1,0,-1,0,0,0,0,28813.0,29178.0,55475.0,40816.0,42852.0,39644.0,4714.0,55475.0,8201.0,9183.0,3158.0,4081.0,0
993,80000.0,2,44,2,2,-1,2,1,-2,2,1,49241.0,51340.0,59907.0,0.0,45579.0,47224.0,51340.0,340.0,0.0,765.0,232.0,834.0,1
994,520000.0,2,34,1,1,0,0,-2,-2,-1,-2,121438.0,227975.0,0.0,0.0,145175.0,0.0,153142.0,0.0,0.0,69667.0,0.0,0.0,0
995,150000.0,2,30,1,2,0,-2,0,0,0,0,77922.0,0.0,77681.0,80520.0,90919.0,81568.0,0.0,538.0,5357.0,46077.0,7185.0,5965.0,0
996,250000.0,2,37,1,1,0,0,-1,-1,0,0,81399.0,88390.0,102400.0,67044.0,61099.0,68710.0,17081.0,45599.0,67044.0,61099.0,43592.0,25770.0,0
997,380000.0,2,41,2,1,-1,0,-1,-2,0,-1,207164.0,181552.0,179895.0,0.0,148998.0,193642.0,181552.0,89169.0,0.0,24817.0,77464.0,193642.0,0
998,60000.0,1,47,2,2,1,0,2,3,2,1,42979.0,45834.0,39262.0,53045.0,48981.0,53702.0,624.0,1650.0,80.0,355.0,109.0,259.0,1
999,100000.0,2,39,2,1,-1,-1,0,-1,-1,-2,3409.0,6507.0,19668.0,8083.0,3435.0,0.0,6507.0,19668.0,4664.0,3435.0,0.0,0.0,0
1000,300000.0,1,24,1,2,0,0,0,0,0,-2,137800.0,125984.0,159148.0,94951.0,89696.0,0.0,13605.0,8634.0,5506.0,17986.0,0.0,0.0,0
1001,130000.0,2,29,1,2,0,0,2,1,-1,1,51731.0,47330.0,41729.0,40479.0,57788.0,38972.0,15380.0,10176.0,2302.0,1982.0,38972.0,1314.0,0
1002,130000.0,2,33,1,2,0,0,0,0,0,0,115171.0,73228.0,98999.0,91681.0,86737.0,109916.0,2226.0,7154.0,1717.0,3831.0,4395.0,3126.0,0
1003,110000.0,2,36,2,1,0,0,-1,0,-1,0,43275.0,53345.0,59504.0,54300.0,58509.0,66440.0,11072.0,8696.0,54300.0,24754.0,66440.0,37039.0,0
1004,100000.0,2,38,2,1,1,0,0,0,-1,0,32954.0,27587.0,20082.0,25223.0,19586.0,14551.0,333.0,505.0,797.0,7717.0,14551.0,3313.0,1
1005,130000.0,1,28,1,1,-1,0,-1,-1,0,-1,7319.0,9283.0,13919.0,30269.0,9114.0,1067.0,9283.0,5908.0,30269.0,9114.0,372.0,1067.0,0
1006,240000.0,2,36,1,1,0,0,-2,0,0,0,187983.0,154184.0,0.0,175318.0,175243.0,161889.0,2937.0,0.0,6334.0,38820.0,11386.0,13291.0,1
1007,90000.0,1,31,3,1,0,0,-2,0,0,0,34647.0,28790.0,0.0,33964.0,44962.0,36633.0,4657.0,0.0,1734.0,15447.0,13472.0,1868.0,0
1008,460000.0,1,44,2,1,-1,-1,0,0,-1,-1,227319.0,188180.0,152155.0,260104.0,225174.0,196932.0,188180.0,152155.0,191205.0,100330.0,196932.0,196932.0,0
1009,140000.0,1,28,6,2,-1,-1,-1,-1,-2,-1,11011.0,23866.0,5351.0,23073.0,0.0,-2800.0,23866.0,5351.0,23073.0,0.0,0.0,0.0,0
1010,540000.0,2,31,1,2,0,0,-1,-1,-1,-2,-10800.0,31835.0,-10800.0,60527.0,-4738.0,0.0,27066.0,0.0,60527.0,0.0,0.0,0.0,0
1011,200000.0,2,39,1,1,0,0,0,0,-2,0,43988.0,19014.0,39495.0,38943.0,0.0,62438.0,531.0,1330.0,6619.0,0.0,3266.0,4127.0,0
1012,440000.0,1,39,2,1,-2,0,0,0,-1,-1,0.0,53356.0,82631.0,91488.0,155207.0,27182.0,28592.0,50195.0,48365.0,115976.0,27182.0,27182.0,0
1013,100000.0,1,46,3,1,0,-1,0,-1,-1,-1,25675.0,23568.0,27502.0,28485.0,18244.0,23750.0,11195.0,27502.0,6077.0,18244.0,23750.0,23750.0,0
1014,430000.0,1,39,1,1,-1,0,0,0,-1,0,189558.0,192444.0,199651.0,181263.0,193953.0,182817.0,192444.0,25666.0,76273.0,51496.0,182817.0,20443.0,0
1015,110000.0,1,42,3,1,-2,0,0,0,-2,-1,0.0,55918.0,36424.0,26899.0,0.0,44746.0,6671.0,3706.0,2829.0,0.0,2404.0,44746.0,0
1016,360000.0,1,31,2,2,2,-1,0,-1,0,0,62302.0,57070.0,67933.0,43497.0,73774.0,47766.0,3215.0,67933.0,4943.0,73774.0,1844.0,11506.0,0
1017,50000.0,2,31,3,2,0,0,0,0,0,-1,18375.0,19004.0,8834.0,12404.0,10654.0,14686.0,5827.0,625.0,3579.0,2300.0,1538.0,14686.0,0
1018,70000.0,2,33,3,2,5,4,3,2,1,2,66650.0,64749.0,67061.0,66513.0,63994.0,65390.0,325.0,934.0,339.0,533.0,169.0,2870.0,0
1019,160000.0,2,33,2,1,-1,0,0,-1,-1,0,13103.0,39882.0,17466.0,15840.0,10154.0,42688.0,39882.0,9132.0,3985.0,10154.0,42688.0,16350.0,0
1020,50000.0,1,42,3,2,-1,0,0,1,0,0,5075.0,8061.0,20140.0,11287.0,15552.0,10746.0,8061.0,2470.0,2578.0,455.0,2530.0,1073.0,0
1021,490000.0,2,35,1,1,0,0,0,0,0,0,58181.0,37908.0,8577.0,136720.0,41230.0,-3130.0,11946.0,5324.0,16854.0,6055.0,0.0,0.0,0
1022,120000.0,1,39,2,1,0,0,0,0,1,-1,65548.0,62463.0,52234.0,65354.0,75279.0,73567.0,2067.0,1114.0,2189.0,23394.0,378.0,73567.0,1
1023,170000.0,1,31,2,1,2,0,0,-2,0,0,109250.0,126333.0,139360.0,0.0,148110.0,126532.0,1615.0,18520.0,0.0,3307.0,5709.0,12229.0,1
1024,440000.0,2,51,1,2,0,-1,0,0,0,0,54719.0,106440.0,55922.0,91132.0,60193.0,65879.0,60395.0,55922.0,24127.0,18915.0,28935.0,13346.0,0
1025,170000.0,2,25,2,2,0,0,0,-2,-2,0,49798.0,61810.0,43563.0,0.0,0.0,44803.0,17523.0,2179.0,0.0,0.0,1748.0,1562.0,0
1026,70000.0,1,29,2,1,2,1,-1,0,0,0,17256.0,12805.0,23964.0,13482.0,20029.0,11586.0,50.0,749.0,13482.0,1478.0,583.0,1163.0,0
1027,70000.0,2,29,1,2,2,1,2,1,2,0,63994.0,69514.0,54330.0,64845.0,60393.0,62865.0,41.0,224.0,184.0,161.0,119.0,484.0,1
1028,40000.0,1,43,2,1,0,0,0,-1,0,0,20450.0,17659.0,17997.0,16735.0,11060.0,15217.0,1503.0,1581.0,5103.0,11060.0,2735.0,3306.0,0
1029,70000.0,2,35,2,2,1,0,0,0,0,0,46294.0,55506.0,41048.0,37099.0,48497.0,33433.0,106.0,232.0,339.0,3294.0,489.0,3140.0,1
1030,90000.0,1,24,1,2,0,0,0,0,0,0,48947.0,49325.0,53675.0,48691.0,58046.0,42448.0,8086.0,1126.0,2587.0,7347.0,1606.0,5089.0,0
1031,90000.0,2,50,2,1,0,0,3,2,0,1,63779.0,64933.0,64659.0,74597.0,61426.0,68729.0,7220.0,5904.0,3229.0,550.0,8477.0,1725.0,0
1032,250000.0,2,39,1,1,0,0,0,0,0,-1,154345.0,179139.0,152481.0,157824.0,142155.0,130940.0,11520.0,10396.0,16787.0,39674.0,13220.0,130940.0,0
1033,50000.0,2,44,2,2,0,0,0,0,0,0,35291.0,34684.0,38319.0,42620.0,40386.0,37058.0,977.0,419.0,2012.0,3324.0,1884.0,258.0,0
1034,50000.0,1,52,2,2,3,2,0,0,-1,0,10592.0,9059.0,2501.0,8885.0,9188.0,9964.0,386.0,317.0,1645.0,1825.0,9964.0,4129.0,0
1035,150000.0,1,42,2,2,-1,-2,0,0,0,-1,46397.0,0.0,48322.0,54132.0,28914.0,41833.0,0.0,1762.0,981.0,1157.0,6744.0,41833.0,0
1036,290000.0,2,28,3,2,0,-1,-2,-1,-2,-1,56229.0,88224.0,0.0,61685.0,0.0,99917.0,30029.0,0.0,36175.0,0.0,16176.0,99917.0,0
1037,60000.0,1,49,3,1,-1,-1,-1,-1,-1,-1,10217.0,10847.0,478.0,5937.0,3139.0,3448.0,10847.0,478.0,5937.0,3139.0,3448.0,3448.0,0
1038,140000.0,1,54,2,1,2,0,3,2,1,0,98017.0,98942.0,96177.0,83573.0,99359.0,115158.0,2999.0,596.0,323.0,839.0,511.0,10182.0,1
1039,150000.0,2,24,1,2,-1,-2,0,-1,0,0,60406.0,0.0,17029.0,46706.0,50374.0,36353.0,0.0,1202.0,4046.0,50374.0,7173.0,1935.0,1
1040,390000.0,1,38,1,1,0,-1,0,0,-1,-1,140701.0,144583.0,127073.0,153180.0,146791.0,201446.0,10896.0,127073.0,8059.0,11688.0,201446.0,201446.0,0
1041,220000.0,1,34,2,1,0,0,0,0,0,-1,47949.0,75290.0,38034.0,61943.0,29447.0,47803.0,29046.0,20785.0,10724.0,7954.0,11608.0,47803.0,0
1042,100000.0,1,44,2,2,-1,-1,0,0,0,0,46782.0,39479.0,61781.0,56441.0,53996.0,49093.0,39479.0,61781.0,7378.0,35192.0,12006.0,6510.0,0
1043,230000.0,1,33,2,1,0,-2,-1,0,1,0,104598.0,0.0,119707.0,97442.0,152658.0,142991.0,0.0,7509.0,97442.0,23270.0,7535.0,21507.0,0
1044,100000.0,2,39,3,2,2,0,-2,1,-1,0,52076.0,36089.0,0.0,64919.0,54360.0,46272.0,429.0,0.0,4689.0,1377.0,46272.0,1205.0,1
1045,210000.0,2,31,2,2,0,-2,-1,0,0,-2,121879.0,0.0,90709.0,139661.0,115486.0,0.0,0.0,15722.0,139661.0,9377.0,0.0,0.0,0
1046,380000.0,1,49,3,1,0,0,0,-2,0,0,151253.0,117859.0,82781.0,0.0,120879.0,123291.0,8977.0,15596.0,0.0,6682.0,78812.0,4850.0,0
1047,30000.0,1,48,2,1,0,-1,0,1,0,2,5471.0,200.0,10463.0,3085.0,9568.0,5346.0,34.0,10463.0,438.0,880.0,646.0,89.0,0
1048,40000.0,2,27,2,2,-1,-1,0,0,-1,-1,12756.0,8702.0,11952.0,18450.0,12658.0,10517.0,8702.0,11952.0,7294.0,1634.0,10517.0,10517.0,0
1049,40000.0,2,38,3,2,2,0,0,-1,0,0,16848.0,22470.0,22986.0,21768.0,28598.0,19044.0,808.0,3808.0,1040.0,28598.0,2314.0,2267.0,0
1050,60000.0,2,51,2,1,0,0,0,-1,-1,0,21764.0,15115.0,5580.0,11423.0,14751.0,4778.0,3791.0,1499.0,5932.0,14751.0,4778.0,2032.0,0
1051,140000.0,1,39,2,1,-2,3,2,-2,0,0,0.0,22652.0,3100.0,0.0,40983.0,50310.0,4629.0,66.0,0.0,3571.0,19137.0,2873.0,0
1052,90000.0,2,28,3,2,0,0,0,-1,0,1,40066.0,30627.0,42235.0,37617.0,25531.0,42263.0,716.0,5432.0,979.0,25531.0,2655.0,2431.0,0
1053,430000.0,2,38,2,2,0,0,0,0,1,-1,287490.0,358260.0,346014.0,308230.0,329059.0,364429.0,20829.0,3186.0,4775.0,4064.0,2855.0,364429.0,0
1054,310000.0,2,30,2,1,0,0,-1,0,0,0,24030.0,2634.0,-1675.0,17820.0,-1212.0,40346.0,494.0,0.0,17820.0,0.0,12518.0,14079.0,0
1055,210000.0,2,32,1,1,-1,0,-1,-2,0,0,41275.0,58844.0,14082.0,0.0,33619.0,59601.0,58844.0,5834.0,0.0,5901.0,3331.0,18503.0,0
1056,130000.0,1,45,2,2,1,-1,0,0,0,0,41746.0,60434.0,50312.0,42366.0,42101.0,32754.0,3066.0,50312.0,3585.0,5931.0,1849.0,1770.0,1
1057,140000.0,2,29,3,2,-1,-1,-1,-1,0,-1,14629.0,22823.0,22721.0,13317.0,20555.0,15768.0,22823.0,22721.0,13317.0,20555.0,7106.0,15768.0,0
1058,120000.0,1,33,3,2,2,1,0,0,2,1,117554.0,85002.0,93208.0,97230.0,105000.0,94250.0,204.0,159.0,2585.0,2977.0,234.0,104.0,0
1059,60000.0,2,25,3,2,2,0,-1,0,-2,0,36652.0,43846.0,33565.0,28028.0,0.0,33133.0,604.0,8617.0,28028.0,0.0,3918.0,2275.0,0
1060,200000.0,2,37,2,2,0,0,2,0,0,0,43363.0,56034.0,4236.0,24439.0,26154.0,55546.0,1460.0,41.0,660.0,5073.0,3542.0,2328.0,0
1061,60000.0,2,32,3,1,0,0,0,1,0,0,36965.0,39987.0,33445.0,44711.0,44679.0,34905.0,3091.0,1866.0,1149.0,2381.0,2388.0,5782.0,0
1062,80000.0,1,31,3,2,-2,-1,0,-2,-1,0,0.0,-1600.0,10234.0,0.0,16072.0,13124.0,0.0,10234.0,0.0,5658.0,13124.0,7265.0,0
1063,140000.0,2,52,2,2,0,0,0,0,0,1,112196.0,101218.0,80144.0,104674.0,78805.0,89236.0,13598.0,7210.0,9798.0,3127.0,16511.0,2216.0,0
1064,140000.0,2,51,1,1,-1,-2,0,-1,0,-1,11188.0,0.0,29441.0,44322.0,47413.0,7127.0,0.0,3438.0,32247.0,47413.0,4060.0,7127.0,0
1065,100000.0,2,29,1,1,0,0,-2,-2,2,1,47479.0,44034.0,0.0,0.0,47628.0,48604.0,2081.0,0.0,0.0,5954.0,703.0,3014.0,0
1066,150000.0,2,49,2,1,0,0,0,0,0,0,28327.0,59156.0,62491.0,39040.0,41468.0,37166.0,4232.0,6178.0,3162.0,6042.0,2014.0,19643.0,0
1067,100000.0,2,27,2,2,0,0,0,0,-2,0,43065.0,51482.0,44450.0,42481.0,0.0,47782.0,5492.0,4835.0,9188.0,0.0,20906.0,2488.0,0
1068,50000.0,1,32,2,1,2,1,-2,0,0,2,24428.0,39538.0,0.0,31743.0,30822.0,28320.0,63.0,0.0,1897.0,5677.0,487.0,613.0,1
1069,380000.0,2,33,2,1,0,0,0,0,0,-2,118693.0,46297.0,79626.0,139512.0,59725.0,0.0,2159.0,27552.0,20058.0,5036.0,0.0,0.0,1
1070,400000.0,2,36,2,2,0,0,0,0,0,-2,289550.0,253199.0,262997.0,251108.0,226329.0,0.0,5863.0,17178.0,18612.0,15755.0,0.0,0.0,0
1071,330000.0,2,23,2,2,-1,-1,0,0,-1,0,90313.0,101300.0,142006.0,97096.0,82754.0,137443.0,101300.0,142006.0,12610.0,4244.0,137443.0,20046.0,0
1072,280000.0,2,36,2,1,0,-2,-1,-1,0,-1,60372.0,0.0,86469.0,81705.0,56838.0,34972.0,0.0,24238.0,81705.0,56838.0,8685.0,34972.0,1
1073,110000.0,2,34,2,1,2,1,-1,0,0,0,42648.0,42523.0,37312.0,38306.0,44508.0,52890.0,1236.0,220.0,38306.0,4506.0,3990.0,3598.0,0
1074,80000.0,2,28,1,2,0,0,0,0,-2,-1,46341.0,49196.0,29480.0,51810.0,0.0,41553.0,9979.0,4285.0,26510.0,0.0,6078.0,41553.0,0
1075,50000.0,1,24,2,2,0,0,0,0,-1,0,38431.0,42762.0,33483.0,35186.0,35686.0,40386.0,1758.0,3023.0,7000.0,1315.0,40386.0,2431.0,1
1076,40000.0,2,43,2,1,0,0,-1,0,-1,0,17972.0,17197.0,16074.0,16023.0,16508.0,19126.0,6099.0,1092.0,16023.0,3023.0,19126.0,841.0,0
1077,110000.0,1,43,2,2,0,0,0,0,0,-2,66787.0,70725.0,72540.0,76840.0,48348.0,0.0,19593.0,2589.0,7566.0,4649.0,0.0,0.0,0
1078,50000.0,2,36,1,1,3,2,1,2,-1,0,25382.0,23718.0,26472.0,24966.0,18129.0,32186.0,67.0,194.0,338.0,125.0,32186.0,3140.0,1
1079,180000.0,2,33,1,1,1,0,-1,-1,-1,-1,13129.0,16852.0,4944.0,16325.0,-2651.0,13370.0,463.0,1433.0,16325.0,0.0,13370.0,13370.0,0
1080,150000.0,2,34,2,2,0,0,-1,0,-2,0,46419.0,58556.0,50902.0,41704.0,0.0,39622.0,2329.0,12790.0,41704.0,0.0,5862.0,4524.0,1
1081,130000.0,2,42,1,2,0,0,-2,0,0,-1,30949.0,48893.0,0.0,30134.0,24981.0,28042.0,2612.0,0.0,2565.0,4236.0,1085.0,28042.0,0
1082,80000.0,1,28,2,2,0,0,0,0,2,1,26190.0,23461.0,28645.0,29571.0,32061.0,30579.0,562.0,5191.0,1616.0,1235.0,404.0,831.0,0
1083,150000.0,2,29,1,1,2,1,2,1,0,0,43874.0,39921.0,57779.0,67220.0,48700.0,48404.0,1225.0,1499.0,2166.0,455.0,3048.0,6637.0,1
1084,170000.0,2,32,2,2,0,-1,-1,0,0,0,54118.0,63304.0,67832.0,61525.0,71367.0,72450.0,13712.0,67832.0,61525.0,38843.0,8129.0,19457.0,0
1085,90000.0,1,31,2,1,0,0,0,0,0,0,67953.0,56999.0,58511.0,64602.0,50209.0,56133.0,5874.0,5863.0,8134.0,1673.0,5630.0,14891.0,0
1086,300000.0,2,38,3,1,0,0,3,2,-2,1,149812.0,174572.0,202027.0,179876.0,0.0,232916.0,3515.0,32571.0,1534.0,0.0,23450.0,1067.0,1
1087,110000.0,1,46,1,1,0,0,0,0,0,0,54744.0,47925.0,58534.0,43126.0,50350.0,39571.0,3449.0,27941.0,4376.0,22568.0,5427.0,25271.0,0
1088,110000.0,2,34,1,1,0,0,0,0,-2,0,51778.0,42144.0,27710.0,38892.0,0.0,49319.0,2817.0,855.0,2561.0,0.0,8852.0,4568.0,0
1089,90000.0,1,37,2,1,2,1,2,1,2,-2,63006.0,59444.0,72824.0,73236.0,71592.0,0.0,137.0,167.0,190.0,59.0,0.0,0.0,1
1090,100000.0,1,31,2,2,0,0,-1,-1,-1,0,-173.0,12735.0,6467.0,2359.0,20707.0,7049.0,8648.0,5507.0,2359.0,20707.0,7049.0,4051.0,0
1091,210000.0,1,38,1,2,0,-1,2,0,-1,0,52341.0,90317.0,97899.0,91155.0,59835.0,95823.0,7485.0,97899.0,4669.0,9411.0,95823.0,14671.0,0
1092,190000.0,2,41,2,3,0,0,0,0,3,2,117553.0,167422.0,152899.0,163508.0,169292.0,175899.0,4345.0,5180.0,4170.0,2436.0,2342.0,414.0,0
1093,100000.0,2,34,2,1,0,0,0,0,0,0,60124.0,37459.0,46648.0,47968.0,58880.0,60299.0,10518.0,5904.0,5769.0,4961.0,10626.0,4997.0,1
1094,480000.0,2,30,1,2,-1,-1,0,0,0,0,-9600.0,23337.0,27003.0,-3107.0,3041.0,22280.0,23337.0,27003.0,0.0,431.0,14088.0,1142.0,0
1095,30000.0,1,27,2,1,0,-2,-1,0,-1,0,3333.0,0.0,7905.0,4552.0,6726.0,5541.0,0.0,363.0,4552.0,982.0,5541.0,734.0,0
1096,150000.0,2,40,2,1,0,-1,-1,-1,-2,-1,27727.0,8616.0,1976.0,7734.0,0.0,1451.0,6017.0,1976.0,7734.0,0.0,1008.0,1451.0,0
1097,170000.0,1,33,1,1,-1,-1,-2,0,0,0,90965.0,55235.0,0.0,86930.0,93294.0,55018.0,55235.0,0.0,2298.0,5267.0,6534.0,4323.0,1
1098,70000.0,1,35,1,2,0,0,-1,0,0,1,43991.0,35473.0,35076.0,41869.0,55711.0,49137.0,15759.0,4562.0,41869.0,1295.0,7665.0,1089.0,0
1099,40000.0,2,45,3,1,-2,0,0,0,1,0,0.0,34532.0,33748.0,34716.0,30339.0,28537.0,1723.0,1658.0,1012.0,1108.0,1064.0,2364.0,1
1100,180000.0,1,32,1,2,0,0,0,0,0,1,72265.0,111644.0,132806.0,101503.0,90519.0,93413.0,12951.0,15414.0,6585.0,16038.0,4722.0,2677.0,0
1101,230000.0,2,23,5,2,-1,-1,-1,-1,0,0,30398.0,52131.0,37453.0,43689.0,47940.0,27694.0,52131.0,37453.0,43689.0,47940.0,9518.0,13059.0,0
1102,110000.0,2,28,3,2,-1,-1,-1,-1,-1,0,16474.0,16571.0,15923.0,7291.0,10558.0,10144.0,16571.0,15923.0,7291.0,10558.0,10144.0,1819.0,0
1103,120000.0,1,38,2,2,2,1,-1,0,2,0,25533.0,22044.0,30244.0,5725.0,19955.0,6420.0,458.0,535.0,5725.0,1698.0,53.0,1398.0,1
1104,80000.0,2,42,3,1,3,2,0,0,0,0,40085.0,33808.0,41076.0,44491.0,53029.0,42026.0,1048.0,1638.0,6492.0,442.0,422.0,826.0,1
1105,140000.0,1,49,1,2,0,0,0,-2,0,0,67469.0,58421.0,54502.0,0.0,57173.0,55420.0,14874.0,3166.0,0.0,9279.0,12220.0,1825.0,0
1106,80000.0,2,25,2,2,0,0,-2,0,0,0,41297.0,41576.0,0.0,36027.0,44483.0,47776.0,7202.0,0.0,700.0,10817.0,1611.0,1885.0,1
1107,210000.0,1,44,2,2,3,2,0,0,2,0,135292.0,151713.0,150252.0,150459.0,147676.0,120378.0,731.0,1075.0,11268.0,2669.0,3671.0,3824.0,1
1108,360000.0,1,36,1,2,-1,-1,-1,0,0,0,43009.0,55910.0,56378.0,13048.0,69921.0,1040.0,55910.0,56378.0,13048.0,19480.0,362.0,280.0,0
1109,160000.0,2,52,3,1,0,-2,1,-1,0,0,50256.0,0.0,41546.0,60605.0,37093.0,35987.0,0.0,6879.0,2827.0,37093.0,4370.0,11554.0,0
1110,130000.0,2,50,1,2,0,2,1,0,0,0,88822.0,75459.0,78439.0,83099.0,86334.0,83420.0,2264.0,2816.0,5129.0,8517.0,6354.0,8815.0,1
1111,170000.0,1,55,3,2,1,0,-1,-1,-1,0,37027.0,40814.0,34409.0,19312.0,48704.0,44334.0,586.0,7818.0,19312.0,48704.0,44334.0,12383.0,0
1112,370000.0,2,41,1,2,-1,-1,0,0,0,0,117324.0,51595.0,34169.0,117430.0,97533.0,52608.0,51595.0,34169.0,37925.0,43209.0,20535.0,11622.0,0
1113,40000.0,1,38,2,1,-1,0,0,1,0,0,14772.0,15152.0,15035.0,9401.0,17888.0,14447.0,15152.0,1077.0,1776.0,598.0,1076.0,2436.0,0
1114,230000.0,2,42,1,2,2,0,0,0,0,0,145860.0,111815.0,135225.0,111605.0,137819.0,119927.0,2683.0,2441.0,23715.0,32459.0,5515.0,4265.0,1
1115,80000.0,2,31,2,1,0,0,-1,-1,-1,0,15079.0,18211.0,17598.0,20892.0,26685.0,20645.0,2016.0,7994.0,20892.0,26685.0,20645.0,9137.0,1
1116,100000.0,2,35,3,1,-2,0,-2,1,-2,0,0.0,21724.0,0.0,29671.0,0.0,26794.0,9259.0,0.0,2905.0,0.0,3455.0,9744.0,0
1117,50000.0,1,27,2,2,-1,0,0,0,0,1,21056.0,22157.0,22511.0,22417.0,27824.0,25159.0,22157.0,3453.0,777.0,1551.0,9521.0,1911.0,0
1118,80000.0,2,36,1,2,0,-1,-1,0,0,0,26903.0,20684.0,29586.0,22679.0,31517.0,21334.0,3367.0,29586.0,22679.0,10154.0,5328.0,6359.0,0
1119,200000.0,2,57,1,1,-1,-1,-1,0,-1,-2,67712.0,57958.0,50295.0,75781.0,87127.0,0.0,57958.0,50295.0,75781.0,9204.0,0.0,0.0,0
1120,90000.0,2,39,2,2,-2,0,0,0,0,0,0.0,40073.0,18081.0,25494.0,29566.0,34857.0,904.0,1114.0,2155.0,1254.0,7119.0,3243.0,1
1121,80000.0,2,32,2,2,-2,-1,0,-1,0,1,0.0,29951.0,29291.0,34331.0,37123.0,32818.0,378.0,29291.0,2069.0,37123.0,5196.0,432.0,0
1122,90000.0,1,35,1,2,0,0,-1,0,-1,0,6954.0,3823.0,9757.0,19820.0,3350.0,11507.0,522.0,320.0,19820.0,1007.0,11507.0,7005.0,0
1123,150000.0,2,53,3,1,-2,0,0,0,-1,-1,0.0,67023.0,67769.0,51291.0,55425.0,71442.0,11442.0,47826.0,8231.0,10378.0,71442.0,71442.0,0
1124,180000.0,2,33,3,1,0,0,-2,0,0,0,90836.0,99058.0,0.0,99687.0,75594.0,119130.0,4610.0,0.0,6362.0,7758.0,4818.0,2954.0,0
1125,40000.0,2,32,3,2,0,0,1,-1,-2,-1,6808.0,8111.0,9920.0,6841.0,0.0,11732.0,1789.0,1071.0,329.0,0.0,731.0,11732.0,0
1126,190000.0,2,31,1,2,0,0,0,-1,0,0,56276.0,34773.0,68378.0,59602.0,55889.0,46273.0,6847.0,22286.0,5248.0,55889.0,9187.0,3166.0,0
1127,120000.0,2,32,1,1,-2,0,0,-1,0,0,0.0,27412.0,30420.0,20865.0,35924.0,22215.0,3869.0,6852.0,9045.0,35924.0,1196.0,1371.0,0
1128,110000.0,1,36,3,1,0,-1,0,0,-1,0,27109.0,32444.0,31017.0,31690.0,41560.0,25667.0,1404.0,31017.0,22913.0,6543.0,25667.0,3251.0,0
1129,300000.0,2,49,2,2,0,0,0,-1,0,-2,163601.0,192289.0,149538.0,157546.0,181357.0,0.0,72305.0,6347.0,21018.0,181357.0,0.0,0.0,0
1130,220000.0,1,42,1,1,0,0,-1,-1,0,-1,68502.0,57970.0,51336.0,59091.0,88067.0,80068.0,20665.0,8531.0,59091.0,88067.0,5124.0,80068.0,0
1131,170000.0,1,43,1,1,-1,-1,-1,0,0,-1,29114.0,29387.0,3598.0,-193.0,11235.0,-1990.0,29387.0,3598.0,0.0,9294.0,0.0,0.0,0
1132,80000.0,1,30,1,1,2,0,2,3,2,1,43406.0,64500.0,61242.0,51458.0,50666.0,60492.0,706.0,937.0,409.0,121.0,158.0,527.0,1
1133,290000.0,2,45,2,1,0,0,0,0,0,0,71015.0,94356.0,104078.0,110972.0,83783.0,83727.0,15222.0,4737.0,9802.0,8015.0,20963.0,16879.0,0
1134,390000.0,2,41,2,1,0,0,-1,2,1,0,96497.0,131712.0,138806.0,135765.0,124752.0,87096.0,44425.0,9206.0,135765.0,2859.0,1761.0,12722.0,0
1135,30000.0,2,35,2,1,0,0,0,0,-1,0,21235.0,16911.0,19357.0,18596.0,16515.0,16270.0,1187.0,2330.0,580.0,624.0,16270.0,1455.0,1
1136,130000.0,1,32,3,1,0,0,0,-1,-2,0,57681.0,20669.0,36369.0,52174.0,0.0,38676.0,5830.0,2817.0,23364.0,0.0,12841.0,5178.0,0
1137,100000.0,1,35,2,2,-1,-1,0,-1,0,-1,30869.0,33507.0,35104.0,28927.0,25050.0,27878.0,33507.0,35104.0,5413.0,25050.0,7600.0,27878.0,0
1138,50000.0,1,30,2,1,0,0,0,-1,0,0,16007.0,16443.0,16722.0,19455.0,12962.0,10790.0,619.0,3675.0,3658.0,12962.0,3973.0,1295.0,0
1139,420000.0,2,42,2,1,-2,0,0,-1,0,-1,0.0,86967.0,134703.0,169501.0,173448.0,123491.0,46719.0,25127.0,51537.0,173448.0,37875.0,123491.0,0
1140,150000.0,2,25,2,2,0,-1,1,-1,0,2,89858.0,96320.0,87240.0,79744.0,94559.0,90709.0,4022.0,87240.0,4252.0,94559.0,4438.0,4809.0,1
1141,490000.0,2,35,2,2,0,-1,-1,0,-1,0,116162.0,94923.0,106758.0,-9800.0,117747.0,83297.0,11418.0,106758.0,0.0,34008.0,83297.0,25163.0,0
1142,60000.0,2,44,3,2,0,0,0,0,1,-2,26798.0,30803.0,20888.0,22660.0,21043.0,0.0,2093.0,1923.0,3488.0,1910.0,0.0,0.0,0
1143,100000.0,2,45,2,1,-1,0,0,-1,-1,0,13780.0,9135.0,7119.0,12643.0,-104.0,7155.0,9135.0,4237.0,6316.0,0.0,7155.0,3399.0,0
1144,50000.0,1,23,1,2,-1,0,-2,0,0,0,17554.0,15977.0,0.0,17114.0,14922.0,19574.0,15977.0,0.0,8551.0,1337.0,1848.0,3642.0,0
1145,120000.0,1,34,2,1,0,0,0,0,1,-2,41463.0,41171.0,41546.0,53156.0,41235.0,0.0,6973.0,3986.0,9728.0,4673.0,0.0,0.0,0
1146,30000.0,2,35,3,2,0,0,1,0,-1,0,534.0,1761.0,2158.0,843.0,4903.0,7603.0,427.0,310.0,14.0,3690.0,7603.0,1132.0,0
1147,90000.0,2,27,2,2,2,0,0,1,2,0,37006.0,35649.0,36408.0,32644.0,40005.0,56741.0,163.0,1210.0,2752.0,593.0,1088.0,6364.0,1
1148,350000.0,2,32,1,2,2,0,-1,-1,-1,0,58374.0,60773.0,116282.0,97303.0,47933.0,109746.0,7059.0,33329.0,97303.0,47933.0,109746.0,11118.0,0
1149,170000.0,1,34,2,1,0,0,0,0,0,0,44458.0,46256.0,4890.0,36482.0,61811.0,36101.0,3816.0,449.0,4945.0,10616.0,5403.0,9760.0,1
1150,220000.0,2,31,2,2,0,-1,0,-2,1,0,49597.0,33027.0,21820.0,0.0,55353.0,50883.0,23786.0,21820.0,0.0,11249.0,5650.0,7333.0,0
1151,170000.0,1,28,1,2,0,0,0,0,0,0,61813.0,83635.0,54746.0,66290.0,64757.0,82444.0,13818.0,12773.0,15726.0,5222.0,3385.0,6291.0,1
1152,160000.0,2,43,3,2,0,-1,0,0,0,-1,35137.0,38526.0,25894.0,45598.0,21252.0,19520.0,27465.0,25894.0,5735.0,5886.0,4775.0,19520.0,0
1153,70000.0,2,27,3,2,1,0,-1,0,-2,0,28137.0,29973.0,34847.0,39061.0,0.0,44203.0,1428.0,1538.0,39061.0,0.0,3019.0,5289.0,0
1154,80000.0,2,47,1,1,0,-1,0,0,-1,0,50484.0,42507.0,44410.0,50044.0,46862.0,52341.0,1596.0,44410.0,2987.0,4498.0,52341.0,10843.0,1
1155,170000.0,1,37,2,2,0,0,0,0,0,-1,21719.0,39101.0,44441.0,22928.0,26068.0,22218.0,7408.0,8243.0,3816.0,8931.0,3786.0,22218.0,0
1156,150000.0,2,30,1,1,0,0,0,0,0,-1,29403.0,44843.0,48197.0,15828.0,54980.0,49035.0,7136.0,27083.0,5402.0,11768.0,7640.0,49035.0,0
1157,110000.0,2,46,1,2,-1,0,0,0,0,0,46823.0,55424.0,49301.0,41944.0,44621.0,47065.0,55424.0,1844.0,2404.0,12035.0,9576.0,454.0,0
1158,80000.0,2,35,1,1,-1,0,-2,0,-1,-1,19277.0,13574.0,0.0,17385.0,12970.0,20589.0,13574.0,0.0,6366.0,2416.0,20589.0,20589.0,0
1159,380000.0,2,36,1,1,0,-1,0,3,2,0,144191.0,159983.0,123612.0,176173.0,183691.0,186385.0,35536.0,123612.0,30215.0,8781.0,5791.0,19154.0,0
1160,40000.0,2,40,2,1,3,2,1,0,1,0,20810.0,23596.0,28337.0,25774.0,25942.0,24815.0,1057.0,598.0,102.0,1148.0,1004.0,2592.0,0
1161,70000.0,2,35,2,2,-2,-2,0,-1,-2,0,0.0,0.0,1828.0,2350.0,0.0,-112.0,0.0,584.0,749.0,0.0,0.0,0.0,1
1162,150000.0,2,34,2,1,-1,0,0,0,-2,0,33527.0,37630.0,36213.0,26775.0,0.0,39389.0,37630.0,12660.0,1288.0,0.0,4163.0,21739.0,0
1163,120000.0,2,26,3,2,5,4,3,2,1,0,100898.0,79984.0,73548.0,73720.0,94950.0,90869.0,303.0,1562.0,174.0,566.0,723.0,4750.0,1
1164,130000.0,1,29,2,2,0,0,0,-2,0,0,98968.0,109082.0,91973.0,0.0,114605.0,115890.0,7137.0,1656.0,0.0,23997.0,19073.0,6188.0,0
1165,70000.0,1,48,1,1,0,-2,0,4,3,2,57752.0,0.0,61888.0,69360.0,63527.0,64752.0,0.0,4721.0,5092.0,1677.0,422.0,2130.0,1
1166,330000.0,2,30,1,1,0,0,-2,0,0,0,53933.0,28221.0,0.0,48702.0,76516.0,74165.0,9394.0,0.0,9841.0,35745.0,17798.0,14317.0,0
1167,130000.0,1,47,2,1,0,0,0,0,-1,-1,58213.0,68160.0,59423.0,74093.0,58018.0,63216.0,12187.0,15321.0,12929.0,5619.0,63216.0,63216.0,0
1168,50000.0,2,43,2,1,-1,0,0,-1,0,0,8790.0,4375.0,6544.0,17277.0,11682.0,9321.0,4375.0,965.0,3412.0,11682.0,3585.0,409.0,0
1169,270000.0,2,44,2,1,-2,-1,1,-2,-1,0,0.0,134243.0,121204.0,0.0,89699.0,107504.0,46708.0,121204.0,0.0,10920.0,107504.0,4882.0,0
1170,170000.0,2,42,1,1,0,0,-2,2,1,0,78643.0,80961.0,0.0,87785.0,78974.0,85273.0,1357.0,0.0,2188.0,1865.0,555.0,2270.0,0
1171,40000.0,1,27,1,1,0,0,0,0,0,1,22726.0,18928.0,17216.0,17708.0,22357.0,17305.0,3567.0,6528.0,2814.0,1493.0,1844.0,633.0,0
1172,10000.0,2,35,3,2,0,-2,1,0,1,0,8090.0,0.0,7858.0,8040.0,5934.0,7333.0,0.0,410.0,107.0,192.0,285.0,187.0,0
1173,100000.0,1,27,2,2,0,0,-2,0,-1,0,41894.0,33148.0,0.0,37782.0,39821.0,58051.0,4923.0,0.0,3621.0,1801.0,58051.0,32802.0,0
1174,100000.0,2,31,1,1,0,0,0,0,0,0,23009.0,19376.0,17459.0,22598.0,27725.0,363.0,3601.0,2628.0,10832.0,9479.0,51.0,14.0,0
1175,160000.0,2,45,2,1,0,-1,0,0,0,1,55946.0,56139.0,55134.0,34749.0,57032.0,62560.0,13449.0,55134.0,4728.0,9894.0,3494.0,700.0,0
1176,190000.0,1,39,1,2,-1,-1,0,-2,-2,0,111308.0,100071.0,110401.0,0.0,0.0,87461.0,100071.0,110401.0,0.0,0.0,3154.0,4125.0,1
1177,80000.0,1,50,2,1,-2,0,0,-1,1,0,0.0,31283.0,30966.0,28169.0,33097.0,29411.0,4431.0,1462.0,10937.0,33097.0,1114.0,9362.0,0
1178,160000.0,2,38,2,1,-2,-1,-2,0,0,0,0.0,89225.0,0.0,87513.0,92982.0,88088.0,44807.0,0.0,11430.0,21737.0,18729.0,12140.0,0
1179,120000.0,2,24,2,2,0,0,-1,0,-1,-1,-2400.0,15961.0,18939.0,11892.0,13807.0,1925.0,3864.0,6984.0,11892.0,5646.0,1925.0,1925.0,0
1180,80000.0,1,33,1,1,2,0,-1,-1,-1,-1,7422.0,-1600.0,16884.0,9793.0,9332.0,6921.0,0.0,6662.0,9793.0,9332.0,6921.0,6921.0,0
1181,160000.0,2,42,3,1,0,-2,1,0,-1,0,62031.0,0.0,70073.0,74491.0,57717.0,79282.0,0.0,3368.0,1077.0,3312.0,79282.0,11495.0,0
1182,110000.0,1,46,3,1,-2,-1,-1,-2,-1,-1,0.0,17251.0,1972.0,0.0,-2200.0,1985.0,11926.0,1972.0,0.0,0.0,1985.0,1985.0,1
1183,110000.0,2,37,5,2,0,-2,-1,-2,-1,-1,29318.0,0.0,17698.0,0.0,27872.0,18834.0,0.0,5961.0,0.0,10218.0,18834.0,18834.0,0
1184,150000.0,2,34,2,1,-1,-2,-1,1,-1,-1,35556.0,0.0,21799.0,24581.0,29312.0,49709.0,0.0,4916.0,24581.0,3712.0,49709.0,49709.0,0
1185,90000.0,2,27,1,2,0,0,4,3,2,1,55646.0,47350.0,56035.0,41561.0,57304.0,56160.0,3832.0,444.0,158.0,966.0,1619.0,1875.0,0
1186,70000.0,2,32,4,2,0,0,0,-1,0,0,50917.0,50911.0,46995.0,58790.0,57877.0,56171.0,10252.0,1141.0,1432.0,57877.0,374.0,3340.0,0
1187,90000.0,1,22,2,2,4,3,2,1,2,1,83807.0,68790.0,72582.0,79308.0,89056.0,78650.0,155.0,100.0,85.0,499.0,538.0,158.0,1
1188,60000.0,2,30,2,2,0,0,0,-1,0,0,36490.0,33293.0,42426.0,41695.0,35697.0,30316.0,4719.0,4785.0,6624.0,35697.0,7376.0,12223.0,1
1189,370000.0,2,44,2,2,1,0,0,0,-2,-1,122303.0,149529.0,173894.0,111769.0,0.0,142117.0,26536.0,47005.0,61614.0,0.0,9496.0,142117.0,0
1190,180000.0,2,26,1,2,-1,0,0,0,2,1,77385.0,63183.0,73923.0,79583.0,68218.0,91331.0,63183.0,10448.0,33406.0,18192.0,1220.0,4071.0,0
1191,160000.0,1,45,3,1,0,-1,-1,-2,-2,-1,24366.0,19861.0,22559.0,0.0,0.0,17819.0,1843.0,22559.0,0.0,0.0,1384.0,17819.0,0
1192,380000.0,2,31,2,1,3,2,1,2,1,0,165724.0,185340.0,138145.0,104220.0,122551.0,168373.0,8283.0,2343.0,1172.0,2384.0,4078.0,17117.0,1
1193,420000.0,2,30,1,2,-2,-1,0,-1,0,-1,0.0,35281.0,37936.0,-7409.0,47643.0,27878.0,13783.0,37936.0,0.0,47643.0,5040.0,27878.0,0
1194,510000.0,1,38,2,2,-2,0,-1,0,-1,-1,0.0,23237.0,73339.0,130937.0,179244.0,42898.0,2373.0,13348.0,130937.0,19156.0,42898.0,42898.0,0
1195,100000.0,1,38,1,2,2,0,-2,1,0,-1,35533.0,34198.0,0.0,39115.0,31122.0,32544.0,1455.0,0.0,11273.0,1004.0,1232.0,32544.0,1
1196,360000.0,2,35,2,1,0,-2,-1,0,0,0,117632.0,0.0,36032.0,41160.0,71218.0,60101.0,0.0,4105.0,41160.0,41795.0,15169.0,10706.0,0
1197,80000.0,1,29,5,2,2,1,-2,0,0,0,42946.0,43802.0,0.0,42778.0,34180.0,45296.0,170.0,0.0,2437.0,1738.0,1635.0,3935.0,1
1198,100000.0,2,35,2,2,-1,-1,1,2,1,0,37844.0,36369.0,40867.0,22183.0,33822.0,48427.0,36369.0,40867.0,114.0,655.0,458.0,3815.0,1
1199,160000.0,1,46,2,2,3,2,3,2,3,2,88445.0,102068.0,107980.0,120790.0,98065.0,98473.0,1978.0,425.0,675.0,9083.0,5564.0,7745.0,1
1200,130000.0,1,36,2,1,-1,0,-1,0,0,0,87600.0,62323.0,62641.0,62306.0,65349.0,80578.0,62323.0,12528.0,62306.0,19056.0,39612.0,985.0,0
1201,160000.0,1,29,1,1,0,-1,-1,-2,0,0,67516.0,56233.0,66876.0,0.0,35959.0,48974.0,25027.0,66876.0,0.0,9484.0,18954.0,17840.0,0
1202,210000.0,2,34,1,1,0,0,-1,0,0,0,49150.0,73000.0,73272.0,60337.0,70163.0,58337.0,24513.0,15795.0,60337.0,2968.0,8108.0,19384.0,0
1203,320000.0,1,30,2,3,-1,0,-1,-1,-1,-1,88082.0,47983.0,80089.0,47766.0,58330.0,115872.0,47983.0,43617.0,47766.0,58330.0,115872.0,115872.0,0
1204,40000.0,2,32,1,1,-2,0,-1,0,0,-1,0.0,4582.0,4174.0,6222.0,1361.0,4832.0,2154.0,2337.0,6222.0,505.0,576.0,4832.0,0
1205,40000.0,2,32,2,2,0,0,-1,-1,0,0,-800.0,3259.0,4893.0,2031.0,3496.0,904.0,714.0,1216.0,2031.0,3496.0,266.0,650.0,0
1206,30000.0,2,27,3,2,1,0,-2,-1,1,0,18539.0,18562.0,0.0,15224.0,10509.0,8151.0,204.0,0.0,286.0,10509.0,13.0,113.0,0
1207,150000.0,1,34,2,2,-1,-1,-1,-1,0,0,53725.0,26463.0,16161.0,26584.0,21052.0,20629.0,26463.0,16161.0,26584.0,21052.0,5894.0,6246.0,0
1208,160000.0,1,23,1,2,2,0,2,0,0,1,125208.0,131675.0,128471.0,109226.0,120641.0,125775.0,358.0,2223.0,3274.0,18557.0,2693.0,2108.0,1
1209,240000.0,1,40,1,1,-2,-2,-1,0,-2,-2,0.0,0.0,64584.0,79028.0,0.0,0.0,0.0,5911.0,79028.0,0.0,0.0,0.0,0
1210,490000.0,2,44,2,1,0,-1,-1,0,-1,-1,192866.0,201523.0,156119.0,184032.0,114118.0,156861.0,51451.0,156119.0,184032.0,75538.0,156861.0,156861.0,0
1211,90000.0,2,37,3,1,0,0,0,-1,0,0,17567.0,29558.0,24827.0,29471.0,25881.0,27407.0,19656.0,6673.0,635.0,25881.0,2719.0,4374.0,0
1212,50000.0,1,37,2,2,3,2,3,2,1,0,42284.0,43070.0,35569.0,41122.0,40940.0,43277.0,200.0,706.0,109.0,1047.0,666.0,1648.0,1
1213,160000.0,2,35,2,2,-1,-1,-1,-1,-1,0,7584.0,44218.0,35982.0,25899.0,69921.0,54851.0,44218.0,35982.0,25899.0,69921.0,54851.0,43899.0,0
1214,450000.0,2,42,2,1,0,0,0,-1,-2,0,165409.0,197769.0,190675.0,182150.0,0.0,220023.0,32245.0,28985.0,38920.0,0.0,59265.0,61437.0,0
1215,620000.0,2,30,1,2,0,0,0,-1,0,0,57613.0,97294.0,184448.0,130543.0,75858.0,513.0,21798.0,43850.0,25205.0,75858.0,91.0,276.0,0
1216,120000.0,2,35,2,1,0,0,0,0,-1,-1,30150.0,18196.0,32100.0,22419.0,44618.0,29460.0,3551.0,1683.0,8117.0,12736.0,29460.0,29460.0,0
1217,190000.0,2,37,1,1,-1,-1,-1,0,-1,-1,34268.0,27659.0,34695.0,27507.0,39126.0,25617.0,27659.0,34695.0,27507.0,24530.0,25617.0,25617.0,0
1218,140000.0,2,28,2,2,-1,0,0,0,-1,0,-2800.0,15677.0,18910.0,20307.0,35052.0,26339.0,15677.0,2085.0,4559.0,10798.0,26339.0,7563.0,0
1219,200000.0,1,42,2,2,0,-1,0,0,0,0,1068.0,6394.0,23094.0,11854.0,17323.0,14954.0,1492.0,23094.0,2052.0,4620.0,3679.0,1310.0,0
1220,140000.0,1,27,1,2,-2,0,0,-1,-1,-1,0.0,35453.0,60564.0,50901.0,37050.0,65478.0,11942.0,16430.0,842.0,37050.0,65478.0,65478.0,0
1221,80000.0,2,28,2,2,0,-1,0,0,0,1,57901.0,67650.0,64718.0,67207.0,78834.0,77018.0,3969.0,64718.0,3280.0,10468.0,5902.0,270.0,0
1222,380000.0,1,43,2,1,-2,0,0,0,-1,-1,0.0,222905.0,206427.0,227937.0,236518.0,231301.0,68967.0,22032.0,16595.0,44529.0,231301.0,231301.0,0
1223,560000.0,1,46,1,2,-1,0,0,0,-1,1,159158.0,230836.0,35559.0,132942.0,43767.0,97841.0,230836.0,3420.0,53438.0,12598.0,97841.0,9834.0,0
1224,90000.0,2,30,3,1,3,2,3,2,1,0,78318.0,84541.0,64568.0,69532.0,79395.0,73309.0,229.0,185.0,320.0,235.0,927.0,1633.0,1
1225,120000.0,2,40,1,1,0,0,0,0,-1,0,33646.0,43487.0,21246.0,40275.0,21279.0,57325.0,6007.0,7850.0,884.0,5508.0,57325.0,7451.0,1
1226,60000.0,2,30,3,2,0,0,0,0,-1,0,24390.0,35184.0,27878.0,31459.0,38336.0,26301.0,817.0,645.0,1321.0,10329.0,26301.0,1384.0,0
1227,90000.0,2,45,1,2,2,1,0,0,0,-2,23032.0,27645.0,40711.0,17820.0,26263.0,0.0,223.0,2443.0,1167.0,12514.0,0.0,0.0,0
1228,50000.0,1,38,2,2,0,0,0,-2,0,-1,21925.0,17867.0,16022.0,0.0,25066.0,22574.0,2291.0,1245.0,0.0,989.0,1328.0,22574.0,1
1229,70000.0,2,31,3,1,0,0,0,0,1,0,48388.0,41400.0,43382.0,51602.0,46309.0,46428.0,3921.0,6314.0,19464.0,10412.0,608.0,3667.0,0
1230,50000.0,2,33,3,1,0,0,-1,3,2,0,18576.0,12989.0,14404.0,18098.0,21868.0,18576.0,1985.0,340.0,18098.0,3077.0,262.0,5053.0,0
1231,150000.0,1,37,2,2,0,0,-1,0,-2,-1,102204.0,96869.0,96169.0,98207.0,0.0,89292.0,7288.0,16110.0,98207.0,0.0,8294.0,89292.0,1
1232,120000.0,1,36,1,2,-1,0,-2,0,-1,1,41982.0,39578.0,0.0,38411.0,16498.0,34493.0,39578.0,0.0,1440.0,9990.0,34493.0,2041.0,0
1233,70000.0,1,39,2,1,-1,-2,0,-1,-1,-1,5415.0,0.0,15104.0,9776.0,8289.0,-536.0,0.0,5271.0,1552.0,8289.0,0.0,0.0,0
1234,90000.0,2,36,2,1,0,0,0,3,2,0,62786.0,46157.0,39360.0,50321.0,45361.0,66803.0,4233.0,1401.0,1622.0,610.0,704.0,5414.0,0
1235,30000.0,1,32,1,2,-1,0,0,0,1,0,14525.0,13205.0,13185.0,9161.0,17577.0,13200.0,13205.0,1159.0,345.0,1513.0,158.0,4506.0,0
1236,180000.0,1,49,2,1,0,0,-1,0,0,-1,17161.0,32460.0,29483.0,50838.0,33388.0,57311.0,8324.0,14384.0,50838.0,5349.0,16191.0,57311.0,0
1237,80000.0,2,35,3,1,0,0,0,0,2,0,19669.0,19862.0,39582.0,21386.0,20697.0,15715.0,1079.0,1332.0,6177.0,2130.0,289.0,1658.0,0
1238,330000.0,2,40,2,1,0,-1,0,0,0,-1,43785.0,20649.0,52821.0,26251.0,39908.0,-6600.0,2544.0,52821.0,2447.0,17888.0,0.0,0.0,0
1239,130000.0,2,36,1,2,0,0,0,-1,0,0,67737.0,40326.0,53131.0,54027.0,45511.0,41034.0,14451.0,9029.0,6415.0,45511.0,16991.0,7234.0,0
1240,120000.0,2,41,2,2,4,3,2,1,-2,1,102757.0,111900.0,101904.0,101682.0,0.0,132626.0,255.0,107.0,27.0,0.0,677.0,558.0,1
1241,70000.0,1,38,2,2,1,0,3,2,1,0,44070.0,42572.0,61068.0,49596.0,47542.0,41312.0,971.0,10267.0,407.0,258.0,329.0,3589.0,0
1242,400000.0,1,41,3,2,-1,-1,-1,0,-2,-1,119045.0,147197.0,133352.0,128057.0,0.0,171697.0,147197.0,133352.0,128057.0,0.0,73493.0,171697.0,1
1243,130000.0,2,25,2,2,-1,-1,0,-1,0,0,4673.0,4748.0,11407.0,3475.0,29931.0,10268.0,4748.0,11407.0,216.0,29931.0,4061.0,1187.0,0
1244,370000.0,1,31,1,2,-1,0,2,1,0,0,192385.0,189306.0,231770.0,178724.0,186700.0,184664.0,189306.0,52466.0,4968.0,2580.0,23382.0,9548.0,0
1245,130000.0,2,30,1,2,0,0,0,-2,0,0,51718.0,65317.0,54640.0,0.0,50819.0,53019.0,4216.0,4734.0,0.0,11733.0,2292.0,9551.0,1
1246,280000.0,2,43,1,2,-1,-1,-2,-1,-1,-1,71778.0,81909.0,0.0,71561.0,114743.0,94478.0,81909.0,0.0,3835.0,114743.0,94478.0,94478.0,1
1247,50000.0,2,34,3,2,1,0,0,0,0,0,19400.0,23104.0,30706.0,24104.0,23289.0,14137.0,1714.0,1132.0,3415.0,905.0,2122.0,322.0,0
1248,70000.0,2,29,2,2,0,-1,0,-1,-2,0,9471.0,2503.0,-1400.0,-1400.0,0.0,10786.0,1198.0,0.0,0.0,0.0,6834.0,4431.0,0
1249,160000.0,1,45,1,1,0,1,-1,-1,0,0,143344.0,121500.0,128031.0,114519.0,112814.0,101843.0,14368.0,3233.0,114519.0,112814.0,5274.0,21032.0,1
1250,60000.0,1,34,4,1,2,3,2,1,2,1,22296.0,30796.0,35902.0,34424.0,35880.0,29167.0,73.0,710.0,146.0,341.0,307.0,425.0,0
1251,280000.0,2,35,1,2,3,2,1,0,-1,0,269766.0,251553.0,257871.0,254656.0,223772.0,254978.0,1359.0,3799.0,891.0,5774.0,254978.0,8540.0,1
1252,200000.0,1,32,2,1,-1,0,0,0,-1,0,27357.0,35021.0,56656.0,48032.0,53707.0,34347.0,35021.0,9802.0,30909.0,5123.0,34347.0,17147.0,0
1253,210000.0,2,39,3,2,0,2,-1,0,0,0,118035.0,136729.0,74311.0,126731.0,97944.0,128798.0,23430.0,586.0,126731.0,4799.0,2575.0,27156.0,1
1254,50000.0,1,35,3,1,6,5,4,3,2,1,38486.0,34680.0,25934.0,37116.0,37266.0,37705.0,594.0,88.0,94.0,505.0,780.0,257.0,1
1255,110000.0,2,31,1,2,0,0,0,0,0,0,49294.0,48015.0,64134.0,42611.0,45288.0,37206.0,4707.0,2581.0,5336.0,3498.0,10340.0,4934.0,0
1256,100000.0,1,25,2,2,-1,0,-2,-2,0,-2,45063.0,42849.0,0.0,0.0,29153.0,0.0,42849.0,0.0,0.0,1460.0,0.0,0.0,0
1257,310000.0,2,47,1,1,0,-2,-1,3,2,1,227576.0,0.0,207038.0,188194.0,228927.0,225941.0,0.0,8617.0,188194.0,1324.0,3210.0,8699.0,0
1258,50000.0,2,36,2,1,-1,-1,-1,0,0,-1,11983.0,3217.0,4304.0,1231.0,1786.0,2240.0,3217.0,4304.0,1231.0,529.0,608.0,2240.0,0
1259,160000.0,2,43,1,1,0,0,3,2,0,0,68277.0,64183.0,54894.0,55029.0,52694.0,50016.0,15254.0,6705.0,562.0,1193.0,9329.0,8241.0,0
1260,380000.0,2,44,1,1,0,0,0,0,-2,-1,179870.0,143522.0,135380.0,157350.0,0.0,116369.0,23040.0,23155.0,23296.0,0.0,17293.0,116369.0,0
1261,190000.0,2,40,1,1,0,0,0,0,-1,-1,84183.0,85512.0,81840.0,101489.0,94707.0,101376.0,10643.0,13788.0,5399.0,28843.0,101376.0,101376.0,1
1262,180000.0,1,44,1,2,0,-1,2,1,0,0,62071.0,71359.0,49906.0,68325.0,55969.0,52692.0,2749.0,49906.0,2116.0,4872.0,15830.0,3239.0,0
1263,50000.0,1,31,2,1,0,0,0,0,0,0,32187.0,34239.0,35207.0,35594.0,30520.0,37746.0,4136.0,1858.0,4966.0,2420.0,1683.0,771.0,0
1264,120000.0,2,28,1,2,1,0,0,0,0,1,60503.0,62390.0,45842.0,50670.0,63780.0,49967.0,1821.0,316.0,2953.0,2130.0,5529.0,623.0,1
1265,200000.0,2,38,2,2,0,0,-1,-1,0,0,56624.0,45991.0,44149.0,56092.0,67110.0,55216.0,6280.0,8659.0,56092.0,67110.0,19183.0,6009.0,0
1266,320000.0,1,32,1,2,-1,0,0,-1,-1,-1,142042.0,95844.0,113177.0,77859.0,76142.0,100041.0,95844.0,23437.0,34825.0,76142.0,100041.0,100041.0,0
1267,40000.0,2,30,2,2,2,-1,0,-1,-1,0,8418.0,11241.0,8917.0,11525.0,8970.0,9063.0,664.0,8917.0,2902.0,8970.0,9063.0,2479.0,0
1268,210000.0,1,32,1,1,0,0,0,-1,-1,0,19708.0,66456.0,31601.0,24921.0,35300.0,59371.0,25559.0,2028.0,6638.0,35300.0,59371.0,7701.0,0
1269,80000.0,2,28,2,2,0,0,-1,0,-1,-1,28721.0,22081.0,17569.0,31955.0,38770.0,32571.0,3604.0,1432.0,31955.0,15404.0,32571.0,32571.0,0
1270,60000.0,2,37,2,2,-1,-1,0,0,0,-2,21622.0,17612.0,19959.0,15071.0,21262.0,0.0,17612.0,19959.0,2337.0,4203.0,0.0,0.0,0
1271,610000.0,2,38,1,2,2,0,5,4,3,2,442566.0,432241.0,425397.0,428753.0,511327.0,477116.0,4213.0,21956.0,10409.0,1865.0,4627.0,2338.0,1
1272,170000.0,2,30,2,1,0,-2,0,0,-1,-1,11749.0,0.0,-3400.0,13549.0,19382.0,10008.0,0.0,0.0,4042.0,1504.0,10008.0,10008.0,0
1273,80000.0,2,32,1,1,0,0,-1,0,0,-1,34286.0,36264.0,44649.0,46671.0,57742.0,46084.0,3762.0,4062.0,46671.0,4027.0,5123.0,46084.0,0
1274,80000.0,1,34,1,2,0,0,0,0,2,1,51568.0,60257.0,60608.0,66795.0,51814.0,69341.0,1079.0,6154.0,11131.0,1798.0,2638.0,1285.0,0
1275,180000.0,2,31,1,2,-1,0,-1,0,0,-1,7410.0,32608.0,16279.0,27264.0,5726.0,35671.0,32608.0,2688.0,27264.0,2378.0,26765.0,35671.0,0
1276,30000.0,2,40,3,1,0,0,-1,0,3,2,8590.0,11520.0,6711.0,10558.0,14387.0,11619.0,4042.0,741.0,10558.0,201.0,238.0,333.0,0
1277,130000.0,2,23,1,2,1,0,0,0,2,1,63233.0,59995.0,58329.0,48673.0,72274.0,84578.0,2318.0,7364.0,7054.0,6432.0,1194.0,4313.0,0
1278,200000.0,1,22,1,2,-1,-1,0,0,0,0,83599.0,14850.0,34329.0,35001.0,32966.0,59172.0,14850.0,34329.0,8916.0,11552.0,41557.0,19055.0,0
1279,30000.0,2,28,3,2,1,0,0,0,0,-1,24332.0,23365.0,22772.0,20048.0,23434.0,24231.0,259.0,487.0,965.0,997.0,198.0,24231.0,1
1280,190000.0,1,36,1,1,0,-2,0,-1,0,-1,30192.0,0.0,29385.0,25523.0,21254.0,20953.0,0.0,2739.0,13033.0,21254.0,6159.0,20953.0,0
1281,200000.0,1,27,1,2,0,0,2,0,0,2,143620.0,158269.0,123698.0,114391.0,131204.0,123553.0,14223.0,22012.0,13416.0,9309.0,13101.0,983.0,0
1282,110000.0,1,38,1,2,0,1,0,0,3,2,88436.0,80122.0,82143.0,78070.0,85125.0,86768.0,4211.0,197.0,1922.0,1311.0,828.0,1992.0,1
1283,120000.0,2,42,3,1,0,-2,0,3,2,1,69680.0,0.0,83981.0,69997.0,83780.0,72940.0,0.0,4788.0,5774.0,264.0,540.0,746.0,0
1284,260000.0,1,35,1,1,-1,-2,-2,0,0,0,84044.0,0.0,0.0,108706.0,99880.0,97868.0,0.0,0.0,12909.0,4529.0,8349.0,55313.0,0
1285,110000.0,2,29,3,2,0,0,0,1,0,-1,48228.0,39730.0,58161.0,47358.0,59543.0,57954.0,4181.0,9819.0,10944.0,2203.0,2629.0,57954.0,1
1286,120000.0,2,46,1,2,1,0,4,3,2,0,53443.0,56088.0,45191.0,44472.0,35391.0,35393.0,711.0,1382.0,264.0,2273.0,280.0,321.0,1
1287,200000.0,1,30,2,1,0,-1,0,0,0,-1,28842.0,31751.0,50464.0,29293.0,30117.0,42333.0,9642.0,50464.0,6985.0,1435.0,12495.0,42333.0,0
1288,90000.0,2,36,2,1,0,0,-1,0,0,-1,27564.0,17591.0,22983.0,18913.0,9709.0,22011.0,2804.0,7805.0,18913.0,3351.0,13383.0,22011.0,0
1289,120000.0,2,26,2,2,2,-2,-1,0,1,0,67710.0,0.0,69517.0,62472.0,67163.0,58011.0,0.0,2164.0,62472.0,2330.0,704.0,4061.0,1
1290,150000.0,1,50,2,1,-2,4,3,4,3,2,0.0,91198.0,128369.0,106655.0,115538.0,85265.0,3888.0,649.0,2001.0,1332.0,830.0,1402.0,0
1291,110000.0,2,29,2,2,0,0,0,0,3,2,74736.0,63489.0,54677.0,43508.0,53253.0,53139.0,6734.0,7375.0,1150.0,3154.0,1135.0,1601.0,1
1292,40000.0,2,26,1,2,0,0,0,0,0,0,8054.0,9216.0,14408.0,12635.0,15725.0,13164.0,831.0,6780.0,1410.0,2086.0,615.0,2290.0,0
1293,240000.0,2,38,6,2,2,1,0,0,-1,-1,24383.0,28254.0,18405.0,4645.0,20307.0,16112.0,1832.0,715.0,793.0,8614.0,16112.0,16112.0,0
1294,170000.0,2,39,2,2,0,0,-2,0,0,0,8734.0,44651.0,0.0,61580.0,44743.0,29308.0,16396.0,0.0,10011.0,17530.0,4148.0,7183.0,0
1295,120000.0,1,30,2,1,0,-1,0,0,-1,-2,43136.0,47106.0,37636.0,22377.0,42522.0,0.0,4651.0,37636.0,2934.0,5366.0,0.0,0.0,0
1296,200000.0,2,44,2,2,0,-1,0,0,0,0,74049.0,119069.0,95108.0,73582.0,102195.0,83743.0,7624.0,95108.0,6135.0,16810.0,7693.0,8391.0,0
1297,60000.0,2,32,3,2,1,2,1,-1,0,0,43783.0,50190.0,53059.0,53085.0,46058.0,49703.0,2170.0,260.0,263.0,46058.0,4230.0,491.0,0
1298,140000.0,2,27,1,2,0,-1,0,0,-1,0,34471.0,14386.0,56904.0,34573.0,27935.0,25518.0,2956.0,56904.0,9526.0,7301.0,25518.0,3989.0,0
1299,210000.0,2,28,1,2,0,0,0,1,0,0,52563.0,55010.0,48194.0,69973.0,84205.0,74961.0,3335.0,5191.0,6008.0,3561.0,1621.0,33769.0,0
1300,20000.0,2,40,3,2,0,-2,0,0,0,0,5803.0,0.0,4068.0,4627.0,7076.0,2267.0,0.0,2444.0,831.0,2796.0,396.0,263.0,0
1301,90000.0,1,52,2,1,0,-1,-2,0,1,-2,41601.0,40719.0,0.0,50297.0,63561.0,0.0,7743.0,0.0,9625.0,2003.0,0.0,0.0,0
1302,80000.0,2,39,2,1,1,2,1,0,0,0,65097.0,55486.0,54055.0,64034.0,66761.0,72695.0,4769.0,169.0,572.0,5485.0,6997.0,2999.0,1
1303,110000.0,1,50,2,2,0,0,0,0,-2,-1,46689.0,59208.0,30923.0,50511.0,0.0,46013.0,22255.0,5028.0,24428.0,0.0,8133.0,46013.0,0
1304,90000.0,2,44,2,2,-1,-1,0,-1,-1,0,7490.0,10392.0,9272.0,18858.0,15508.0,-1800.0,10392.0,9272.0,8159.0,15508.0,0.0,0.0,0
1305,60000.0,2,42,3,1,3,2,1,0,0,-1,31286.0,28420.0,35738.0,31008.0,36743.0,35645.0,566.0,492.0,436.0,1482.0,1219.0,35645.0,1
1306,130000.0,1,31,2,2,3,4,3,2,0,0,95717.0,71205.0,127082.0,107522.0,101400.0,86404.0,423.0,14150.0,1054.0,2335.0,2103.0,661.0,1
1307,270000.0,1,32,1,1,-2,-2,0,0,0,-1,0.0,0.0,173412.0,123873.0,179703.0,161311.0,0.0,20935.0,13815.0,7121.0,4032.0,161311.0,0
1308,110000.0,2,32,3,1,0,-1,-2,-1,-1,-1,29545.0,33886.0,0.0,45883.0,50879.0,52639.0,13256.0,0.0,27578.0,50879.0,52639.0,52639.0,0
1309,350000.0,2,41,1,1,0,0,1,0,0,0,191358.0,191217.0,195037.0,162526.0,126140.0,178955.0,28541.0,64247.0,2349.0,19604.0,23577.0,31128.0,1
1310,110000.0,2,26,3,2,-1,0,0,2,0,0,15497.0,16740.0,-2200.0,10411.0,-2200.0,21461.0,16740.0,0.0,2146.0,0.0,8423.0,12243.0,0
1311,390000.0,1,24,1,2,-1,0,-1,-1,1,0,124214.0,50181.0,82952.0,76925.0,39666.0,116031.0,50181.0,12052.0,76925.0,39666.0,12260.0,19883.0,0
1312,340000.0,2,35,2,1,0,-1,-1,-1,-1,0,24458.0,71708.0,32069.0,24586.0,73419.0,93043.0,24645.0,32069.0,24586.0,73419.0,93043.0,6429.0,1
1313,90000.0,1,39,2,1,0,4,3,2,1,0,66493.0,70081.0,74228.0,69848.0,47696.0,65223.0,5193.0,3058.0,6047.0,656.0,1599.0,7281.0,0
1314,100000.0,2,39,1,2,0,0,0,0,0,0,17584.0,17377.0,6190.0,10723.0,21441.0,14816.0,3903.0,420.0,6208.0,3227.0,9153.0,3177.0,0
1315,80000.0,2,41,2,1,2,3,2,1,2,1,70277.0,67581.0,74989.0,82349.0,76769.0,70700.0,909.0,1612.0,425.0,419.0,246.0,1148.0,1
1316,80000.0,2,27,2,2,2,1,2,3,2,1,61175.0,64642.0,82595.0,69086.0,58857.0,66366.0,425.0,307.0,111.0,1217.0,187.0,262.0,1
1317,280000.0,2,37,1,2,0,0,0,0,0,0,209801.0,166957.0,152027.0,147761.0,170985.0,145438.0,6836.0,9104.0,1904.0,12010.0,5972.0,1643.0,0
1318,120000.0,1,31,3,2,0,0,0,-1,0,0,54057.0,42033.0,32457.0,44063.0,46801.0,43484.0,3041.0,482.0,3554.0,46801.0,4561.0,1873.0,0
1319,130000.0,2,34,2,2,-1,0,0,-1,-1,0,28248.0,34668.0,20687.0,26117.0,-2600.0,20497.0,34668.0,3983.0,7059.0,0.0,20497.0,8088.0,0
1320,70000.0,2,31,2,1,1,0,0,0,-2,0,10722.0,21393.0,3796.0,12645.0,0.0,14158.0,1215.0,1349.0,5831.0,0.0,1159.0,2409.0,0
1321,80000.0,2,51,3,2,3,2,1,2,1,2,44254.0,32049.0,38803.0,31118.0,44272.0,27099.0,135.0,433.0,351.0,753.0,987.0,322.0,0
1322,130000.0,1,28,1,2,0,1,0,0,0,0,93806.0,75182.0,86554.0,82406.0,90086.0,86886.0,10938.0,936.0,10255.0,6524.0,7615.0,4783.0,0
1323,190000.0,1,36,1,1,-1,0,0,-1,1,0,17260.0,28282.0,53329.0,58652.0,57714.0,52479.0,28282.0,18358.0,18415.0,57714.0,1471.0,12698.0,1
1324,10000.0,2,43,3,1,1,0,0,0,0,1,5581.0,5077.0,5644.0,4621.0,6146.0,5197.0,49.0,95.0,494.0,255.0,192.0,88.0,1
1325,230000.0,2,47,1,1,0,1,-2,0,0,0,36937.0,40898.0,0.0,75185.0,43731.0,24754.0,8018.0,0.0,19258.0,6156.0,6399.0,9978.0,0
1326,120000.0,2,32,3,2,0,2,1,0,0,0,64293.0,86973.0,74918.0,61649.0,68445.0,75905.0,2887.0,760.0,1487.0,11210.0,15317.0,26298.0,1
1327,90000.0,2,24,1,2,0,-2,0,0,0,0,39288.0,0.0,38777.0,39648.0,27630.0,37804.0,0.0,6472.0,15983.0,2653.0,5997.0,3453.0,1
1328,260000.0,1,23,2,2,6,5,4,3,2,0,208428.0,135900.0,196851.0,157250.0,195605.0,149808.0,1290.0,2911.0,799.0,1499.0,2935.0,5627.0,0
1329,190000.0,2,34,2,1,0,4,3,2,1,0,73217.0,49170.0,95599.0,81695.0,104356.0,94092.0,3320.0,4090.0,236.0,9702.0,1417.0,3806.0,0
1330,200000.0,1,39,2,1,2,-1,0,0,0,0,61200.0,63635.0,60222.0,14904.0,42128.0,58824.0,4269.0,60222.0,1733.0,8565.0,11120.0,5674.0,1
1331,40000.0,2,37,2,1,3,2,0,3,2,1,38155.0,31623.0,31803.0,29866.0,28194.0,33415.0,109.0,135.0,1103.0,502.0,521.0,112.0,1
1332,200000.0,1,37,2,1,-1,-1,-1,0,-1,-1,13559.0,-4000.0,49864.0,1351.0,1071.0,24920.0,0.0,49864.0,1351.0,280.0,24920.0,24920.0,0
1333,120000.0,1,31,2,2,-1,-1,-1,0,-1,-1,12467.0,16802.0,23744.0,-2400.0,11909.0,6059.0,16802.0,23744.0,0.0,5114.0,6059.0,6059.0,0
1334,140000.0,2,39,2,2,-1,0,-1,0,0,-2,17355.0,-2081.0,11740.0,3592.0,2899.0,0.0,0.0,3848.0,3592.0,637.0,0.0,0.0,0
1335,30000.0,2,33,1,1,5,4,3,2,1,0,20480.0,19830.0,26930.0,18663.0,23353.0,24031.0,443.0,243.0,121.0,1148.0,208.0,1482.0,0
1336,30000.0,2,35,3,2,4,5,4,3,2,1,24336.0,28830.0,27068.0,24993.0,30763.0,28581.0,98.0,288.0,138.0,22.0,76.0,25.0,1
1337,70000.0,2,30,3,2,1,0,0,0,0,0,37110.0,36714.0,42863.0,42435.0,47729.0,40071.0,165.0,2064.0,7139.0,2222.0,1535.0,11155.0,1
1338,80000.0,2,51,1,2,0,0,0,2,0,-1,41311.0,33522.0,29968.0,41155.0,38718.0,41056.0,4509.0,3645.0,1294.0,677.0,4202.0,41056.0,0
1339,470000.0,1,48,1,2,2,0,0,-2,-2,0,21014.0,30429.0,118700.0,0.0,0.0,83791.0,1520.0,9232.0,0.0,0.0,10817.0,13854.0,0
1340,60000.0,2,42,2,1,-1,-1,0,0,0,-1,4507.0,9943.0,5287.0,8082.0,999.0,14228.0,9943.0,5287.0,1527.0,257.0,5269.0,14228.0,0
1341,190000.0,1,34,2,2,-1,0,1,0,1,-1,47237.0,34884.0,6519.0,31150.0,82618.0,21114.0,34884.0,1430.0,1969.0,8711.0,870.0,21114.0,0
1342,160000.0,2,39,2,1,2,0,0,0,0,0,88021.0,90809.0,102361.0,94309.0,71784.0,88132.0,2802.0,1548.0,11321.0,927.0,3863.0,4370.0,0
1343,1000000.0,2,39,1,2,0,-2,0,0,0,-2,522027.0,0.0,420334.0,320130.0,442908.0,0.0,0.0,81583.0,70896.0,67365.0,0.0,0.0,1
1344,110000.0,2,27,2,2,-1,-1,0,-2,-2,0,11616.0,6376.0,11432.0,0.0,0.0,6058.0,6376.0,11432.0,0.0,0.0,2205.0,541.0,0
1345,560000.0,1,52,1,1,0,0,-1,1,-1,0,224381.0,167242.0,186899.0,158781.0,174960.0,167936.0,30222.0,21629.0,158781.0,10248.0,167936.0,23428.0,0
1346,80000.0,2,31,2,1,0,-1,0,0,-2,-1,30435.0,31945.0,31034.0,35142.0,0.0,30477.0,13070.0,31034.0,8507.0,0.0,5906.0,30477.0,0
1347,60000.0,1,39,2,1,-1,-1,-1,0,-1,0,6010.0,5199.0,1716.0,9939.0,6795.0,-1200.0,5199.0,1716.0,9939.0,2158.0,0.0,0.0,0
1348,180000.0,1,23,1,2,0,-2,-1,0,-1,0,40435.0,0.0,41169.0,37350.0,32184.0,35654.0,0.0,5314.0,37350.0,3291.0,35654.0,7229.0,0
1349,240000.0,1,24,2,2,0,0,-1,0,-1,-1,16433.0,32224.0,52022.0,56973.0,-4800.0,15303.0,5578.0,15048.0,56973.0,0.0,15303.0,15303.0,0
1350,80000.0,2,38,2,2,-1,0,-2,-1,-1,0,36107.0,37526.0,0.0,39753.0,41043.0,36583.0,37526.0,0.0,2474.0,41043.0,36583.0,2340.0,0
1351,180000.0,2,38,3,2,-1,-1,-1,-2,-1,0,80255.0,55613.0,88015.0,0.0,82824.0,66918.0,55613.0,88015.0,0.0,9789.0,66918.0,6668.0,0
1352,240000.0,1,33,1,1,0,-1,-1,-2,0,-1,75651.0,79948.0,52215.0,0.0,59362.0,72619.0,12604.0,52215.0,0.0,19401.0,4851.0,72619.0,0
1353,120000.0,1,35,2,2,0,-1,0,2,-1,0,74183.0,52409.0,52253.0,37358.0,50310.0,57465.0,6426.0,52253.0,8341.0,761.0,57465.0,15424.0,0
1354,110000.0,2,42,3,1,5,4,3,2,1,0,46763.0,53862.0,42098.0,43184.0,61199.0,31083.0,2887.0,1604.0,2165.0,3187.0,2292.0,2113.0,0
1355,210000.0,1,46,1,1,-1,0,0,0,0,0,68826.0,25708.0,59216.0,55817.0,42648.0,64059.0,25708.0,4235.0,9416.0,16459.0,7886.0,14444.0,0
1356,60000.0,2,44,3,2,0,-1,0,0,1,0,5320.0,14494.0,8561.0,17879.0,24147.0,22183.0,1382.0,8561.0,3862.0,3224.0,238.0,3888.0,1
1357,150000.0,1,45,2,2,0,0,0,2,-1,0,59681.0,86183.0,81051.0,64667.0,55971.0,78132.0,19469.0,19249.0,2865.0,4918.0,78132.0,56345.0,0
1358,220000.0,1,36,1,2,0,0,2,0,0,0,85442.0,115416.0,141428.0,104532.0,116192.0,133481.0,7435.0,31695.0,5331.0,19515.0,26666.0,29793.0,0
1359,90000.0,2,56,0,1,0,-1,0,-1,0,1,10366.0,21070.0,10024.0,6350.0,18650.0,11992.0,8011.0,10024.0,1031.0,18650.0,919.0,335.0,0
1360,20000.0,1,25,2,2,3,2,1,0,0,0,15286.0,14326.0,14910.0,18064.0,15937.0,13399.0,136.0,16.0,163.0,424.0,150.0,413.0,1
1361,300000.0,1,47,1,1,0,0,0,0,0,-1,191783.0,194817.0,196106.0,206618.0,180297.0,175353.0,65258.0,27185.0,30173.0,12190.0,37310.0,175353.0,0
1362,110000.0,1,40,1,2,0,-1,0,-1,0,-2,46941.0,43512.0,45406.0,63418.0,62996.0,0.0,5864.0,45406.0,15220.0,62996.0,0.0,0.0,0
1363,170000.0,2,33,2,1,2,1,0,0,-2,0,102373.0,87219.0,115035.0,58497.0,0.0,120243.0,420.0,6646.0,2393.0,0.0,11247.0,5969.0,0
1364,70000.0,2,46,2,2,0,1,0,2,1,-2,25195.0,9138.0,16371.0,26351.0,22279.0,0.0,561.0,475.0,1531.0,442.0,0.0,0.0,0
1365,220000.0,1,35,1,2,0,0,0,0,0,0,131826.0,135919.0,124597.0,137400.0,101623.0,142951.0,4598.0,9309.0,17783.0,3616.0,22300.0,1930.0,0
1366,90000.0,2,29,2,2,3,2,1,-2,1,2,85429.0,58835.0,60480.0,0.0,64281.0,75021.0,407.0,318.0,0.0,2970.0,261.0,388.0,1
1367,170000.0,1,55,1,2,0,0,-2,0,0,0,78083.0,88822.0,0.0,106104.0,60143.0,93767.0,7937.0,0.0,705.0,1523.0,5804.0,2804.0,0
1368,80000.0,2,31,3,2,1,0,0,0,0,0,18634.0,27751.0,16540.0,16265.0,23086.0,21607.0,3532.0,11115.0,3522.0,3697.0,11278.0,10924.0,1
1369,160000.0,2,38,2,1,-1,-1,0,0,0,0,54199.0,50106.0,54173.0,63063.0,77409.0,64564.0,50106.0,54173.0,23647.0,25625.0,21937.0,6045.0,0
1370,30000.0,1,29,2,2,0,2,0,-2,0,0,23182.0,25751.0,21891.0,0.0,24386.0,20762.0,1983.0,871.0,0.0,1200.0,2685.0,1305.0,0
1371,210000.0,2,39,3,1,0,-1,-1,-2,-1,-1,65114.0,48376.0,72330.0,0.0,79014.0,83540.0,5745.0,72330.0,0.0,67434.0,83540.0,83540.0,0
1372,500000.0,2,69,1,3,-1,0,0,-1,-1,-1,254200.0,143527.0,253297.0,148127.0,244688.0,194117.0,143527.0,51762.0,89359.0,244688.0,194117.0,194117.0,0
1373,110000.0,1,36,3,2,0,3,2,1,2,0,62966.0,58245.0,52815.0,58251.0,50826.0,50071.0,21486.0,1772.0,3854.0,3263.0,704.0,3458.0,0
1374,40000.0,1,34,2,1,0,0,0,0,0,0,15755.0,22045.0,17030.0,23169.0,19525.0,23910.0,955.0,4921.0,3071.0,1690.0,2895.0,2610.0,1
1375,200000.0,2,32,2,2,-1,0,2,1,0,-1,35825.0,17844.0,28471.0,17104.0,39421.0,-4000.0,17844.0,7117.0,791.0,2868.0,0.0,0.0,0
1376,160000.0,2,31,1,1,0,0,0,-2,0,0,74292.0,53120.0,69833.0,0.0,85059.0,75398.0,10625.0,31333.0,0.0,20353.0,8347.0,8913.0,1
1377,320000.0,2,26,2,2,0,0,0,0,0,0,36679.0,32245.0,61016.0,32162.0,91586.0,19525.0,14450.0,24835.0,8420.0,16818.0,2418.0,4300.0,0
1378,80000.0,2,30,2,3,-1,0,0,0,-2,0,30633.0,47226.0,35994.0,49201.0,0.0,45881.0,47226.0,3979.0,11298.0,0.0,18869.0,4330.0,0
1379,100000.0,2,36,2,1,3,2,0,0,0,0,53945.0,53142.0,60435.0,57456.0,70939.0,66870.0,1018.0,1239.0,7540.0,3314.0,28133.0,2514.0,1
1380,160000.0,2,29,3,2,-1,0,0,0,0,0,29235.0,19708.0,44960.0,28766.0,38696.0,57603.0,19708.0,6691.0,12871.0,20023.0,9967.0,1270.0,0
1381,30000.0,2,39,2,2,2,0,0,0,0,0,9318.0,15012.0,8917.0,11491.0,10610.0,10308.0,185.0,2877.0,5816.0,3178.0,850.0,547.0,1
1382,130000.0,1,36,1,3,0,0,1,2,1,0,93835.0,104199.0,105796.0,105583.0,65911.0,101653.0,6778.0,3024.0,1127.0,1618.0,587.0,12566.0,0
1383,70000.0,1,29,3,1,0,0,-2,0,0,0,39857.0,49081.0,0.0,50078.0,43748.0,50539.0,3119.0,0.0,6699.0,3628.0,544.0,1685.0,0
1384,20000.0,2,30,2,2,1,2,0,0,0,0,17307.0,18283.0,16182.0,16705.0,17778.0,14840.0,279.0,260.0,5005.0,4456.0,3183.0,674.0,0
1385,60000.0,2,29,2,2,-1,1,-1,-1,0,1,32668.0,32150.0,24707.0,25777.0,23725.0,28333.0,32150.0,202.0,25777.0,23725.0,1388.0,3318.0,0
1386,140000.0,1,39,2,2,0,1,0,-1,-2,0,82583.0,85947.0,84334.0,71063.0,0.0,86800.0,8358.0,13711.0,13354.0,0.0,6047.0,4392.0,1
1387,200000.0,1,33,1,2,0,0,0,0,-1,-1,73533.0,79045.0,70600.0,35462.0,96262.0,57989.0,8226.0,18692.0,5889.0,63585.0,57989.0,57989.0,1
1388,470000.0,1,28,1,2,-1,-1,-1,-1,0,-2,23059.0,25551.0,21077.0,84899.0,28349.0,0.0,25551.0,21077.0,84899.0,28349.0,0.0,0.0,0
1389,320000.0,2,35,1,1,-1,0,-1,-1,-1,0,88065.0,36005.0,61313.0,28216.0,65182.0,61891.0,36005.0,10932.0,28216.0,65182.0,61891.0,5901.0,0
1390,50000.0,2,35,2,2,0,0,0,0,2,1,37655.0,36996.0,40428.0,41005.0,29948.0,36812.0,1041.0,615.0,5980.0,4211.0,73.0,994.0,1
1391,140000.0,2,32,3,2,0,0,0,-2,-1,0,32163.0,21052.0,21825.0,0.0,40062.0,29780.0,7381.0,2947.0,0.0,1495.0,29780.0,12570.0,0
1392,140000.0,1,29,2,2,4,3,2,1,2,1,142925.0,132208.0,132408.0,115716.0,146728.0,123503.0,554.0,781.0,293.0,2573.0,267.0,1611.0,1
1393,130000.0,2,35,2,2,-1,0,0,0,2,1,39338.0,42075.0,30152.0,39935.0,42834.0,51244.0,42075.0,7238.0,4854.0,8669.0,1037.0,1947.0,0
1394,90000.0,2,44,1,2,1,0,0,0,0,0,29789.0,39814.0,36058.0,49378.0,40076.0,31735.0,1686.0,7946.0,8481.0,2519.0,5598.0,5302.0,0
1395,610000.0,2,36,1,1,-1,0,0,-1,0,0,114583.0,81941.0,24745.0,26402.0,87554.0,83302.0,81941.0,6535.0,17330.0,87554.0,5689.0,42184.0,0
1396,390000.0,1,34,2,1,0,-2,-1,0,0,-1,196684.0,0.0,127789.0,160501.0,134119.0,188715.0,0.0,39303.0,160501.0,10344.0,13099.0,188715.0,0
1397,190000.0,2,29,1,2,1,0,-1,2,1,0,168192.0,157172.0,163032.0,164603.0,188423.0,157450.0,6007.0,21663.0,164603.0,619.0,14457.0,4363.0,0
1398,100000.0,2,37,1,1,0,-2,0,0,0,-1,75332.0,0.0,57890.0,64331.0,58615.0,67476.0,0.0,6518.0,7058.0,5212.0,9842.0,67476.0,0
1399,70000.0,1,23,1,2,0,0,-2,-2,0,0,52843.0,59324.0,0.0,0.0,60410.0,53754.0,3187.0,0.0,0.0,2216.0,1127.0,3467.0,0
1400,70000.0,1,32,1,2,2,1,0,0,-2,0,60487.0,57848.0,58551.0,46980.0,0.0,44210.0,753.0,607.0,6908.0,0.0,1830.0,3983.0,0
1401,210000.0,2,31,2,1,0,-1,0,0,-1,-1,85578.0,118644.0,86602.0,74336.0,88350.0,108039.0,56123.0,86602.0,34365.0,22443.0,108039.0,108039.0,1
1402,30000.0,1,30,2,1,4,3,2,0,-1,0,18878.0,18845.0,16833.0,20704.0,17858.0,15546.0,226.0,192.0,662.0,1126.0,15546.0,23.0,0
1403,220000.0,2,48,3,2,-2,-2,0,0,0,-2,0.0,0.0,96243.0,76790.0,61478.0,0.0,0.0,11481.0,25101.0,7456.0,0.0,0.0,1
1404,90000.0,2,26,5,1,0,0,0,-1,0,0,37318.0,45621.0,54313.0,32914.0,34207.0,42440.0,9866.0,11367.0,10202.0,34207.0,17284.0,4701.0,0
1405,200000.0,2,28,1,2,-1,0,0,-1,0,0,4324.0,7550.0,36147.0,10458.0,22841.0,47842.0,7550.0,7093.0,1377.0,22841.0,5987.0,19074.0,1
1406,140000.0,2,31,3,1,0,-1,0,0,0,0,45653.0,38328.0,38865.0,45621.0,56303.0,49798.0,11281.0,38865.0,24719.0,33706.0,20908.0,12568.0,0
1407,690000.0,2,46,2,2,-1,-2,0,0,2,1,330152.0,0.0,343652.0,367722.0,416611.0,420543.0,0.0,47746.0,44404.0,26888.0,2311.0,11331.0,1
1408,180000.0,1,29,2,1,-2,-1,0,-2,-1,0,0.0,26565.0,25677.0,0.0,30288.0,24884.0,9193.0,25677.0,0.0,2112.0,24884.0,1818.0,0
1409,70000.0,2,30,3,2,3,2,1,2,0,0,50115.0,64183.0,50445.0,60201.0,56048.0,63278.0,343.0,284.0,502.0,195.0,1027.0,934.0,1
1410,140000.0,2,27,2,2,1,0,-1,0,0,0,93756.0,88811.0,95532.0,81792.0,100075.0,75309.0,5464.0,1329.0,81792.0,4600.0,11992.0,10806.0,1
1411,190000.0,2,37,1,1,0,-1,0,0,-2,-2,27761.0,34033.0,-1697.0,20635.0,0.0,0.0,5964.0,0.0,9957.0,0.0,0.0,0.0,0
1412,170000.0,2,32,1,2,0,-1,0,0,0,0,35105.0,68601.0,50554.0,29578.0,49355.0,56534.0,47118.0,50554.0,4671.0,19988.0,16226.0,14382.0,0
1413,250000.0,2,62,1,1,0,0,0,0,0,0,89243.0,55523.0,90502.0,75555.0,94741.0,96043.0,6865.0,16157.0,3353.0,9149.0,9083.0,34496.0,0
1414,60000.0,1,29,2,2,0,-1,-1,0,0,0,8005.0,12400.0,16712.0,22832.0,16191.0,10922.0,4868.0,16712.0,22832.0,7844.0,2328.0,2853.0,0
1415,180000.0,2,51,2,1,0,-1,0,0,0,0,81473.0,129701.0,79558.0,78771.0,91525.0,117474.0,7960.0,79558.0,17079.0,19516.0,32110.0,15531.0,0
1416,40000.0,2,28,2,1,1,0,2,0,2,1,29870.0,32639.0,33888.0,31777.0,31204.0,33392.0,1013.0,1090.0,252.0,3885.0,489.0,546.0,1
1417,380000.0,1,38,1,2,0,0,0,1,0,-1,185170.0,186505.0,214330.0,242942.0,225434.0,231272.0,10450.0,46671.0,40683.0,8926.0,26767.0,231272.0,0
1418,130000.0,1,32,1,2,-1,-2,-1,0,-1,-1,26246.0,0.0,30280.0,44304.0,28603.0,33626.0,0.0,4183.0,44304.0,11381.0,33626.0,33626.0,0
1419,50000.0,1,22,2,2,-1,0,2,1,0,0,32060.0,24586.0,23546.0,35090.0,35861.0,31535.0,24586.0,187.0,301.0,250.0,6245.0,10427.0,1
1420,190000.0,2,35,2,1,3,2,1,0,0,0,122018.0,82250.0,101845.0,68553.0,79956.0,90663.0,901.0,426.0,250.0,4992.0,5318.0,4776.0,1
1421,180000.0,1,32,2,2,-1,-1,0,-1,-1,0,15799.0,26185.0,36934.0,30282.0,14674.0,16934.0,26185.0,36934.0,813.0,14674.0,16934.0,2016.0,0
1422,240000.0,2,59,1,1,0,2,1,-1,0,0,154054.0,178536.0,167564.0,152209.0,134887.0,127858.0,7130.0,3364.0,7667.0,134887.0,6130.0,11599.0,0
1423,60000.0,2,29,1,2,0,0,0,0,1,0,22185.0,21257.0,24152.0,17946.0,20959.0,12229.0,2626.0,4925.0,2507.0,5730.0,767.0,1428.0,0
1424,40000.0,2,26,2,1,0,0,0,0,0,-1,10273.0,9890.0,16271.0,11493.0,9298.0,12980.0,5235.0,4760.0,4082.0,711.0,7184.0,12980.0,0
1425,180000.0,2,39,2,2,0,0,-1,0,0,0,142241.0,116500.0,145036.0,134457.0,167959.0,136199.0,28814.0,7661.0,134457.0,5751.0,8069.0,3296.0,1
1426,720000.0,2,27,1,1,4,3,2,0,-1,0,358646.0,371031.0,448462.0,321789.0,461188.0,392063.0,3072.0,33026.0,6432.0,54833.0,392063.0,37365.0,1
1427,120000.0,1,46,3,1,0,1,0,-1,0,0,10604.0,13212.0,20615.0,30576.0,13229.0,22005.0,7176.0,1619.0,8703.0,13229.0,4621.0,1746.0,0
1428,200000.0,2,32,1,1,0,-2,-1,0,-1,-1,16505.0,0.0,-4000.0,7039.0,-4000.0,-4000.0,0.0,0.0,7039.0,0.0,0.0,0.0,0
1429,230000.0,1,29,1,1,4,3,2,0,0,2,118814.0,106955.0,121895.0,121945.0,104284.0,107483.0,1917.0,867.0,1294.0,6659.0,3775.0,2394.0,0
1430,60000.0,1,33,2,1,0,0,-1,-1,0,0,26897.0,15207.0,32849.0,20308.0,21340.0,21682.0,4110.0,2855.0,20308.0,21340.0,4595.0,5599.0,0
1431,240000.0,2,31,2,2,-2,-2,0,-2,2,1,0.0,0.0,148182.0,0.0,177755.0,160961.0,0.0,20669.0,0.0,14534.0,16505.0,12062.0,1
1432,90000.0,1,49,2,2,-1,0,-2,-1,-1,-1,33203.0,41557.0,0.0,25714.0,33994.0,30318.0,41557.0,0.0,7595.0,33994.0,30318.0,30318.0,0
1433,140000.0,2,49,2,1,0,0,0,0,0,0,68257.0,79005.0,52861.0,51802.0,47909.0,60781.0,18437.0,3215.0,6723.0,2222.0,3352.0,3223.0,0
1434,50000.0,2,31,3,1,3,2,3,2,1,0,28338.0,29473.0,33974.0,37247.0,35455.0,30105.0,78.0,1500.0,348.0,79.0,215.0,380.0,1
1435,60000.0,2,47,2,1,0,0,0,0,2,-2,29335.0,23910.0,26384.0,30598.0,30290.0,0.0,851.0,8988.0,6572.0,586.0,0.0,0.0,0
1436,100000.0,2,34,1,1,0,0,0,1,0,0,36474.0,58094.0,57480.0,65616.0,48718.0,65362.0,546.0,2796.0,3886.0,581.0,3222.0,14151.0,0
1437,60000.0,2,35,2,2,-2,-2,0,0,0,0,0.0,0.0,34088.0,25069.0,31293.0,34046.0,0.0,2755.0,470.0,1044.0,4866.0,5191.0,0
1438,80000.0,1,25,2,1,0,0,1,0,-2,0,59588.0,58448.0,71213.0,65283.0,0.0,59711.0,3872.0,2152.0,724.0,0.0,1757.0,6855.0,0
1439,480000.0,2,34,1,2,2,-1,0,0,-1,-1,32548.0,101921.0,64618.0,135981.0,42597.0,37450.0,12971.0,64618.0,11681.0,6045.0,37450.0,37450.0,0
1440,200000.0,1,33,1,1,-1,0,-1,0,-2,0,64640.0,71021.0,44451.0,61060.0,0.0,39821.0,71021.0,14628.0,61060.0,0.0,14334.0,24986.0,0
1441,70000.0,1,28,2,2,-1,-1,-1,-1,-1,-1,1164.0,1709.0,-1400.0,-660.0,-1400.0,-1400.0,1709.0,0.0,0.0,0.0,0.0,0.0,0
1442,140000.0,1,25,5,2,-1,0,-1,-1,-2,0,76599.0,73799.0,79561.0,81375.0,0.0,45890.0,73799.0,25386.0,81375.0,0.0,6198.0,10070.0,0
1443,60000.0,2,32,3,1,0,0,0,0,0,-1,16822.0,30921.0,21296.0,28520.0,21795.0,27725.0,2001.0,3478.0,1992.0,8390.0,3310.0,27725.0,1
1444,300000.0,1,46,2,2,0,0,-1,0,-1,0,76230.0,55894.0,51467.0,57244.0,37062.0,43657.0,3358.0,40952.0,57244.0,6846.0,43657.0,18503.0,0
1445,200000.0,1,32,2,2,0,3,4,3,2,1,134239.0,138560.0,136146.0,149397.0,151442.0,151804.0,2296.0,188.0,7601.0,1938.0,2379.0,631.0,1
1446,70000.0,2,33,3,1,-2,0,0,-2,0,0,0.0,51018.0,50908.0,0.0,51256.0,52628.0,17314.0,3243.0,0.0,4505.0,24876.0,3705.0,0
1447,120000.0,1,37,5,2,6,5,4,3,2,0,101617.0,109937.0,95349.0,105650.0,93763.0,108123.0,147.0,398.0,243.0,70.0,276.0,555.0,1
1448,120000.0,2,31,2,2,2,1,0,0,0,0,62517.0,66229.0,78060.0,66545.0,74837.0,98134.0,423.0,2413.0,23487.0,6983.0,6184.0,4921.0,1
1449,40000.0,2,36,3,2,0,0,3,2,-1,0,18501.0,17740.0,18974.0,15989.0,17308.0,18722.0,8989.0,5861.0,1044.0,729.0,18722.0,5572.0,1
1450,60000.0,2,43,2,2,-1,-1,2,1,0,-2,47027.0,40065.0,48161.0,39659.0,40396.0,0.0,40065.0,48161.0,1193.0,893.0,0.0,0.0,0
1451,190000.0,2,50,1,1,2,1,0,-1,0,-1,60756.0,80538.0,50985.0,39551.0,82543.0,58218.0,2476.0,4461.0,6653.0,82543.0,8096.0,58218.0,0
1452,80000.0,1,49,2,1,0,0,2,0,0,0,42837.0,49233.0,51274.0,51152.0,31967.0,53912.0,1239.0,614.0,549.0,555.0,3966.0,1397.0,0
1453,180000.0,1,40,1,2,2,-1,0,2,1,2,103060.0,95299.0,114846.0,112760.0,102350.0,80074.0,585.0,114846.0,3815.0,2699.0,510.0,1349.0,1
1454,210000.0,1,34,2,2,0,0,-1,-1,-1,0,80180.0,73897.0,88765.0,61394.0,78538.0,73279.0,24874.0,14914.0,61394.0,78538.0,73279.0,2872.0,0
1455,120000.0,1,46,2,1,0,0,0,2,1,0,88557.0,72290.0,71740.0,68710.0,75460.0,72647.0,4681.0,3077.0,6354.0,1246.0,247.0,1625.0,0
1456,180000.0,2,36,2,2,0,-1,0,-1,-1,0,73220.0,83423.0,58850.0,117769.0,84176.0,73369.0,12222.0,58850.0,39837.0,84176.0,73369.0,23209.0,0
1457,710000.0,2,54,1,1,0,0,2,0,0,0,272489.0,395315.0,391977.0,237655.0,318115.0,333846.0,110435.0,43857.0,7375.0,44335.0,27760.0,34059.0,0
1458,90000.0,2,35,2,1,0,-2,0,0,0,-1,35127.0,0.0,47689.0,41310.0,33077.0,33470.0,0.0,1576.0,1087.0,1531.0,7440.0,33470.0,1
1459,290000.0,2,26,2,2,0,0,0,0,0,0,45660.0,47081.0,20052.0,85569.0,35988.0,43155.0,7211.0,1888.0,8997.0,5107.0,1608.0,2116.0,0
1460,60000.0,2,24,2,2,0,1,2,0,-1,0,39723.0,45644.0,39296.0,44541.0,48502.0,54525.0,1642.0,2354.0,1210.0,1818.0,54525.0,5406.0,0
1461,60000.0,1,36,2,1,0,-2,-2,0,-1,0,32977.0,0.0,0.0,31050.0,39812.0,37404.0,0.0,0.0,2163.0,8630.0,37404.0,4054.0,0
1462,120000.0,2,25,2,2,2,0,3,2,0,0,76605.0,60291.0,86008.0,81915.0,73443.0,79523.0,1561.0,1395.0,1204.0,1600.0,6171.0,15691.0,1
1463,100000.0,1,32,2,1,0,0,1,0,-1,0,77695.0,71749.0,76050.0,77640.0,70932.0,60063.0,15070.0,8569.0,3023.0,2984.0,60063.0,27383.0,1
1464,40000.0,1,29,2,1,0,-1,-1,0,0,0,4558.0,6790.0,3894.0,5561.0,5849.0,7585.0,2419.0,3894.0,5561.0,1029.0,1386.0,3706.0,0
1465,260000.0,2,49,3,1,0,0,-1,0,0,0,34004.0,36154.0,34077.0,56743.0,75162.0,42454.0,5357.0,8960.0,56743.0,22431.0,9607.0,5958.0,1
1466,280000.0,1,28,1,1,-1,0,1,-1,-1,-1,73589.0,85790.0,47496.0,71287.0,42513.0,48291.0,85790.0,4176.0,4022.0,42513.0,48291.0,48291.0,0
1467,50000.0,1,47,3,2,3,2,1,0,0,0,33416.0,37145.0,41069.0,31659.0,32561.0,35552.0,103.0,3605.0,94.0,1656.0,1251.0,2613.0,1
1468,90000.0,1,23,2,2,2,1,2,0,0,0,51831.0,55550.0,49283.0,56059.0,54166.0,57815.0,4713.0,541.0,1680.0,2321.0,3539.0,6503.0,1
1469,150000.0,2,31,1,1,0,-2,1,-1,0,0,61144.0,0.0,68082.0,92814.0,53669.0,62704.0,0.0,23631.0,5306.0,53669.0,3397.0,7671.0,0
1470,50000.0,2,24,2,2,0,0,0,0,-1,0,4001.0,10335.0,3677.0,8414.0,5500.0,-410.0,1461.0,1077.0,1517.0,159.0,0.0,0.0,0
1471,150000.0,1,32,2,1,-1,0,0,0,0,0,152018.0,141623.0,130130.0,137225.0,143659.0,141238.0,141623.0,11724.0,15885.0,11381.0,7120.0,5972.0,1
1472,50000.0,2,43,2,1,3,2,-1,0,-1,0,21324.0,20672.0,18886.0,22636.0,24063.0,20290.0,834.0,785.0,22636.0,3749.0,20290.0,2242.0,0
1473,40000.0,1,36,2,2,2,1,0,0,0,0,24661.0,27571.0,24169.0,29675.0,30502.0,29363.0,58.0,184.0,8084.0,1387.0,1820.0,1914.0,1
1474,310000.0,2,31,2,1,0,0,0,0,-1,0,56526.0,40789.0,38850.0,54126.0,57548.0,54704.0,7757.0,13807.0,21632.0,10636.0,54704.0,3552.0,0
1475,80000.0,2,34,2,2,0,0,0,-2,0,-1,45396.0,42142.0,44336.0,0.0,41641.0,47181.0,5591.0,5901.0,0.0,8122.0,5654.0,47181.0,0
1476,60000.0,2,22,2,2,-2,-1,-2,2,0,0,0.0,45150.0,0.0,41489.0,40796.0,38747.0,1641.0,0.0,1754.0,462.0,1314.0,1308.0,0
1477,140000.0,2,32,1,1,0,0,0,-2,-2,0,38476.0,31941.0,59770.0,0.0,0.0,44682.0,713.0,871.0,0.0,0.0,7914.0,1533.0,0
1478,100000.0,2,30,1,2,0,-1,-1,0,-1,-1,1331.0,5537.0,21361.0,8589.0,13922.0,448.0,626.0,21361.0,8589.0,6292.0,448.0,448.0,0
1479,470000.0,2,26,2,2,0,-2,0,0,-2,1,122048.0,0.0,127827.0,145234.0,0.0,153500.0,0.0,13833.0,17958.0,0.0,5863.0,4469.0,0
1480,170000.0,2,36,5,2,0,0,0,0,0,-2,47027.0,59059.0,52032.0,76428.0,61645.0,0.0,15371.0,23042.0,29936.0,11518.0,0.0,0.0,0
1481,300000.0,1,33,1,2,-1,-1,-1,0,-1,0,62513.0,39691.0,41713.0,-3096.0,46312.0,25073.0,39691.0,41713.0,0.0,23621.0,25073.0,6222.0,0
1482,190000.0,2,45,3,2,0,0,0,0,-1,0,13643.0,55167.0,10219.0,30720.0,26361.0,-3800.0,27815.0,2245.0,13832.0,6168.0,0.0,0.0,0
1483,450000.0,1,24,2,2,0,0,0,0,0,-1,198081.0,222864.0,124488.0,181225.0,171650.0,249615.0,12200.0,64290.0,8535.0,8358.0,24385.0,249615.0,0
1484,30000.0,1,34,2,2,0,0,1,0,0,1,11364.0,11872.0,9648.0,2105.0,10017.0,9002.0,161.0,1094.0,32.0,341.0,974.0,113.0,0
1485,270000.0,1,30,1,2,0,0,0,0,0,0,26473.0,75465.0,55508.0,39011.0,63242.0,57630.0,30396.0,17858.0,17015.0,6256.0,11679.0,17950.0,0
1486,130000.0,1,31,2,2,0,2,1,2,0,0,78073.0,68188.0,55973.0,73835.0,59600.0,54424.0,8247.0,981.0,1289.0,453.0,5246.0,5755.0,0
1487,120000.0,2,33,2,1,-1,0,-1,0,-1,0,12479.0,8866.0,6873.0,-1893.0,22519.0,8455.0,8866.0,2164.0,0.0,5862.0,8455.0,4122.0,1
1488,250000.0,2,28,2,2,0,-1,0,0,0,0,129229.0,77776.0,80138.0,96927.0,87682.0,123410.0,2256.0,80138.0,20919.0,3062.0,13490.0,3220.0,0
1489,240000.0,2,27,1,2,0,0,0,0,0,0,46692.0,32164.0,48304.0,12601.0,50654.0,28987.0,11839.0,7702.0,6150.0,22862.0,7658.0,19073.0,0
1490,50000.0,2,39,1,1,-1,3,4,3,2,-2,31186.0,36368.0,46807.0,40588.0,40237.0,0.0,36368.0,778.0,84.0,170.0,0.0,0.0,0
1491,140000.0,1,34,2,1,-1,-1,0,-2,0,0,36371.0,46322.0,23358.0,0.0,37718.0,40104.0,46322.0,23358.0,0.0,5792.0,26493.0,9051.0,0
1492,190000.0,1,53,1,1,0,-1,-1,-1,0,0,52582.0,35100.0,51661.0,86183.0,68596.0,76845.0,14472.0,51661.0,86183.0,68596.0,56339.0,10393.0,0
1493,300000.0,2,47,4,1,2,1,0,0,0,0,135106.0,107578.0,145973.0,139322.0,180398.0,118613.0,1712.0,6029.0,18077.0,52839.0,18678.0,9448.0,1
1494,30000.0,1,30,2,2,0,1,0,0,0,0,12759.0,12404.0,17877.0,13992.0,15358.0,16989.0,886.0,311.0,629.0,1152.0,1098.0,951.0,0
1495,140000.0,2,33,3,2,0,0,-2,0,0,0,80892.0,54166.0,0.0,75283.0,74389.0,82906.0,4106.0,0.0,5433.0,7522.0,2689.0,13861.0,0
1496,200000.0,2,40,1,2,2,1,0,-1,0,-2,46949.0,47489.0,33130.0,8413.0,41564.0,0.0,711.0,1676.0,706.0,41564.0,0.0,0.0,0
1497,190000.0,1,35,2,1,-2,0,0,-1,0,-1,0.0,69016.0,66587.0,61018.0,59603.0,51302.0,6863.0,18516.0,12890.0,59603.0,17587.0,51302.0,0
1498,230000.0,1,36,1,1,0,0,-2,0,0,0,96968.0,99086.0,0.0,119284.0,93178.0,101671.0,13815.0,0.0,19733.0,15484.0,14728.0,7376.0,0
1499,40000.0,2,37,1,2,0,0,0,0,0,0,10116.0,8743.0,11528.0,15366.0,7212.0,13309.0,121.0,442.0,1614.0,808.0,1872.0,1902.0,1
1500,180000.0,2,29,2,2,0,0,0,0,0,2,130607.0,132451.0,132952.0,126601.0,153993.0,124366.0,4928.0,6844.0,2982.0,2037.0,3490.0,1149.0,1
1501,110000.0,2,32,2,1,0,-1,0,0,0,0,63168.0,48788.0,61227.0,50151.0,53034.0,64660.0,4745.0,61227.0,21935.0,19810.0,23742.0,6964.0,0
1502,70000.0,2,35,2,1,1,0,0,0,0,0,47358.0,63598.0,43028.0,50392.0,53162.0,58878.0,623.0,617.0,15262.0,280.0,780.0,6232.0,1
1503,240000.0,1,37,2,1,0,0,0,0,0,0,87003.0,99878.0,112296.0,132940.0,88592.0,113081.0,11902.0,28141.0,49181.0,11236.0,7087.0,2627.0,0
1504,210000.0,1,54,1,1,-1,-1,-2,0,0,-1,97842.0,76706.0,0.0,59114.0,70801.0,90815.0,76706.0,0.0,13613.0,36638.0,38741.0,90815.0,0
1505,370000.0,1,34,2,2,0,-1,0,-1,-1,-1,11661.0,45975.0,66963.0,23476.0,53140.0,51068.0,39633.0,66963.0,13277.0,53140.0,51068.0,51068.0,0
1506,310000.0,1,22,1,2,0,2,-1,0,0,0,119074.0,138632.0,119526.0,170368.0,131518.0,108402.0,27910.0,2402.0,170368.0,30782.0,19958.0,9202.0,1
1507,70000.0,2,26,1,2,0,-1,0,0,0,0,56233.0,51936.0,53160.0,54725.0,49050.0,39618.0,1498.0,53160.0,3669.0,3877.0,4209.0,3623.0,0
1508,190000.0,2,26,2,2,0,0,-2,0,1,0,104469.0,77757.0,0.0,90096.0,110774.0,91369.0,11287.0,0.0,9950.0,18175.0,2101.0,17327.0,0
1509,120000.0,2,33,2,1,1,0,0,0,0,0,84970.0,107145.0,101905.0,91166.0,88939.0,94070.0,164.0,2568.0,11471.0,4332.0,3909.0,7131.0,0
1510,140000.0,1,48,2,2,2,0,0,0,0,0,38093.0,48975.0,56635.0,69063.0,44263.0,51134.0,2475.0,3637.0,11601.0,419.0,1639.0,16353.0,1
1511,70000.0,1,25,3,2,6,5,4,3,2,0,56941.0,58384.0,59815.0,48266.0,58167.0,58598.0,369.0,462.0,846.0,1159.0,79.0,816.0,1
1512,190000.0,2,38,3,1,0,0,0,0,0,0,111140.0,110856.0,103428.0,91055.0,98449.0,80282.0,9079.0,4870.0,17345.0,28057.0,8153.0,8705.0,0
1513,100000.0,2,39,1,2,-1,0,-2,0,0,-1,24144.0,13933.0,0.0,2324.0,18244.0,19526.0,13933.0,0.0,1004.0,2612.0,5536.0,19526.0,0
1514,140000.0,2,23,4,2,0,0,0,3,2,1,91461.0,109185.0,86814.0,96992.0,77871.0,103954.0,3161.0,7453.0,15163.0,1845.0,992.0,828.0,0
1515,40000.0,1,35,2,1,0,0,-1,0,0,-1,8010.0,11385.0,-241.0,10569.0,3270.0,11782.0,7973.0,0.0,10569.0,666.0,4026.0,11782.0,0
1516,170000.0,1,43,2,1,-1,0,0,-1,0,0,45918.0,-3400.0,26780.0,21684.0,44497.0,54506.0,0.0,17312.0,3003.0,44497.0,5174.0,20264.0,0
1517,70000.0,2,34,1,2,-1,-1,0,-1,0,0,5836.0,10664.0,8392.0,12109.0,11064.0,2972.0,10664.0,8392.0,2808.0,11064.0,644.0,1306.0,0
1518,60000.0,2,43,2,1,0,5,4,3,2,1,47410.0,51138.0,49068.0,55570.0,53896.0,56410.0,11216.0,946.0,559.0,1302.0,844.0,507.0,1
1519,110000.0,1,33,2,1,0,0,3,2,1,-2,71167.0,67162.0,53253.0,65758.0,46129.0,0.0,1820.0,1437.0,1632.0,1008.0,0.0,0.0,0
1520,90000.0,1,45,1,1,0,-1,0,0,-2,-1,17406.0,18406.0,19808.0,16464.0,0.0,17787.0,1965.0,19808.0,9645.0,0.0,8507.0,17787.0,0
1521,290000.0,1,45,2,2,-1,-1,0,0,0,0,98824.0,98637.0,86864.0,78088.0,55626.0,86842.0,98637.0,86864.0,27693.0,22926.0,44636.0,17241.0,0
1522,90000.0,1,42,1,2,-1,0,0,0,-1,0,30774.0,50700.0,50458.0,29265.0,43528.0,40147.0,50700.0,7373.0,3739.0,5710.0,40147.0,6115.0,0
1523,340000.0,2,30,2,2,-1,-2,-1,-1,0,-1,64992.0,0.0,3548.0,-6800.0,-6800.0,33046.0,0.0,749.0,0.0,0.0,21893.0,33046.0,0
1524,190000.0,2,25,2,2,0,0,0,0,-1,0,68755.0,48760.0,82547.0,50601.0,76802.0,64786.0,7638.0,7879.0,2770.0,10065.0,64786.0,8418.0,0
1525,120000.0,2,32,2,1,-1,-1,2,0,0,0,14159.0,11072.0,40916.0,13056.0,32747.0,8467.0,11072.0,40916.0,393.0,3422.0,2190.0,553.0,0
1526,290000.0,1,42,1,2,-2,-1,0,0,0,0,0.0,51666.0,50967.0,64349.0,42368.0,30673.0,15257.0,50967.0,26272.0,8197.0,9805.0,18063.0,0
1527,140000.0,1,33,2,2,-1,-1,-1,0,-1,0,6875.0,2725.0,13269.0,19783.0,5344.0,31615.0,2725.0,13269.0,19783.0,2391.0,31615.0,21906.0,0
1528,640000.0,2,39,2,1,-1,-1,-1,-1,-2,-1,109814.0,67792.0,145269.0,127732.0,0.0,114163.0,67792.0,145269.0,127732.0,0.0,16681.0,114163.0,0
1529,190000.0,2,46,2,2,0,0,0,-2,-1,-1,65267.0,34927.0,67607.0,0.0,65038.0,38067.0,4972.0,3057.0,0.0,5768.0,38067.0,38067.0,0
1530,90000.0,1,40,2,2,-1,-1,-1,-1,-1,0,22764.0,28336.0,6502.0,28266.0,21826.0,7857.0,28336.0,6502.0,28266.0,21826.0,7857.0,1718.0,0
1531,160000.0,2,36,2,2,0,0,-1,0,-1,0,51699.0,50578.0,46315.0,36926.0,50414.0,39659.0,6461.0,4904.0,36926.0,26816.0,39659.0,8496.0,1
1532,110000.0,2,45,2,2,4,3,2,1,0,-1,40206.0,18043.0,16872.0,41814.0,36998.0,35490.0,218.0,845.0,1255.0,433.0,1505.0,35490.0,0
1533,180000.0,2,41,1,1,0,-1,2,0,-1,0,103645.0,139773.0,131168.0,113535.0,119837.0,133413.0,32193.0,131168.0,2724.0,12742.0,133413.0,13731.0,0
1534,60000.0,2,31,3,2,-1,-2,0,0,-1,0,27988.0,0.0,27195.0,26443.0,31526.0,30354.0,0.0,13551.0,6831.0,3997.0,30354.0,4978.0,0
1535,80000.0,1,55,3,2,0,0,-2,0,0,0,29803.0,46248.0,0.0,31743.0,35583.0,27855.0,16605.0,0.0,4826.0,3673.0,8040.0,6911.0,0
1536,170000.0,2,39,3,2,-2,0,0,0,0,0,0.0,116396.0,152186.0,119534.0,143298.0,141633.0,7058.0,5035.0,1054.0,3968.0,4330.0,18716.0,1
1537,120000.0,2,40,2,1,0,0,0,-2,0,-1,-2400.0,13210.0,3498.0,0.0,13996.0,7674.0,4383.0,437.0,0.0,935.0,1621.0,7674.0,0
1538,210000.0,2,37,2,2,-2,-1,-1,-1,0,-1,0.0,95518.0,94721.0,99732.0,98005.0,93164.0,26853.0,94721.0,99732.0,98005.0,12248.0,93164.0,0
1539,70000.0,2,26,3,2,0,2,1,2,0,0,51218.0,57272.0,56992.0,61265.0,62522.0,62678.0,6782.0,456.0,404.0,352.0,850.0,2560.0,0
1540,120000.0,1,41,2,1,0,-1,-1,0,-1,-1,24750.0,31928.0,25124.0,29596.0,37563.0,31987.0,4371.0,25124.0,29596.0,5049.0,31987.0,31987.0,0
1541,120000.0,1,33,1,2,0,0,0,0,0,0,52999.0,17394.0,44669.0,38665.0,41627.0,45353.0,1834.0,5601.0,1829.0,9749.0,12284.0,3247.0,0
1542,260000.0,1,24,2,2,0,-1,-1,-1,-1,-1,32240.0,-5200.0,26075.0,10142.0,22838.0,42295.0,0.0,26075.0,10142.0,22838.0,42295.0,42295.0,0
1543,300000.0,1,42,3,1,0,-1,-1,0,0,0,57986.0,44418.0,35886.0,-6000.0,47614.0,68633.0,17116.0,35886.0,0.0,17952.0,6722.0,40148.0,0
1544,110000.0,1,30,2,1,-1,0,-1,-2,-1,-2,4503.0,19382.0,27639.0,0.0,22376.0,0.0,19382.0,20921.0,0.0,6265.0,0.0,0.0,0
1545,160000.0,2,34,3,2,0,0,0,-1,-1,0,5810.0,39478.0,29087.0,7510.0,49635.0,51995.0,1439.0,14687.0,1493.0,49635.0,51995.0,28925.0,0
1546,70000.0,1,37,1,1,0,-2,0,0,0,0,23547.0,0.0,27098.0,34277.0,34746.0,27435.0,0.0,3410.0,2524.0,1669.0,5259.0,4736.0,0
1547,40000.0,1,42,3,2,-1,-1,-1,0,0,0,7805.0,6719.0,9189.0,3705.0,5192.0,6092.0,6719.0,9189.0,3705.0,1674.0,1421.0,3932.0,0
1548,140000.0,2,29,3,2,4,3,2,0,0,1,61948.0,74884.0,102077.0,75019.0,86237.0,81495.0,102.0,1114.0,294.0,3811.0,2441.0,454.0,1
1549,40000.0,1,48,2,1,2,3,2,1,0,0,31353.0,29699.0,33648.0,29317.0,31744.0,31638.0,68.0,214.0,88.0,240.0,109.0,723.0,1
1550,650000.0,1,40,3,1,3,2,1,2,0,0,457576.0,453084.0,454752.0,430536.0,488667.0,413863.0,23528.0,11725.0,17728.0,15188.0,25730.0,10367.0,0
1551,370000.0,2,40,1,1,0,0,0,0,-1,0,-7400.0,61831.0,37037.0,3344.0,20438.0,-7400.0,3817.0,9545.0,980.0,10253.0,0.0,0.0,0
1552,480000.0,2,50,2,2,1,-2,0,0,2,0,161843.0,0.0,175857.0,144868.0,206085.0,113790.0,0.0,35279.0,7367.0,30705.0,7544.0,3330.0,0
1553,160000.0,2,36,1,1,0,-1,0,-1,0,0,35916.0,8776.0,50607.0,53888.0,39426.0,19267.0,2739.0,50607.0,3953.0,39426.0,2223.0,1123.0,0
1554,60000.0,1,50,2,2,0,0,-1,0,0,0,23428.0,17265.0,19375.0,19383.0,12778.0,15229.0,3434.0,3313.0,19383.0,510.0,4055.0,2849.0,1
1555,40000.0,2,24,3,2,0,0,0,0,-1,0,7658.0,8503.0,9497.0,8791.0,2926.0,6401.0,632.0,3447.0,2580.0,546.0,6401.0,396.0,0
1556,50000.0,1,28,3,2,-1,0,0,0,0,1,41050.0,37437.0,42442.0,44080.0,42413.0,33597.0,37437.0,7581.0,8183.0,1010.0,2785.0,959.0,0
1557,300000.0,2,33,1,1,-2,0,0,0,0,2,0.0,90637.0,119594.0,85418.0,115666.0,70543.0,22283.0,51425.0,30807.0,14030.0,6712.0,13078.0,0
1558,50000.0,2,23,2,2,0,0,0,0,0,0,30791.0,29299.0,25017.0,32274.0,22192.0,34067.0,1603.0,5352.0,6791.0,2952.0,12751.0,6322.0,1
1559,70000.0,1,32,2,2,-2,0,2,1,0,2,0.0,49983.0,48795.0,47013.0,54495.0,52075.0,7522.0,1839.0,155.0,525.0,3305.0,1030.0,1
1560,550000.0,1,42,1,1,0,0,0,-1,-2,0,227870.0,187506.0,308940.0,291408.0,0.0,248266.0,23073.0,94311.0,70417.0,0.0,63081.0,70011.0,1
1561,30000.0,2,24,3,2,3,2,1,0,1,0,20252.0,21645.0,18779.0,18103.0,20652.0,18094.0,469.0,244.0,201.0,2988.0,552.0,530.0,1
1562,80000.0,1,39,2,1,0,-1,0,1,0,0,45623.0,48775.0,30589.0,43632.0,40193.0,29376.0,2797.0,30589.0,1724.0,157.0,3684.0,6263.0,0
1563,450000.0,2,36,1,2,0,-1,-1,0,0,0,93825.0,112221.0,163917.0,167872.0,29596.0,103665.0,50065.0,163917.0,167872.0,2179.0,50428.0,62309.0,0
1564,630000.0,2,28,2,2,0,0,0,0,0,-2,67073.0,102292.0,59302.0,95201.0,240565.0,0.0,33631.0,17515.0,42393.0,90685.0,0.0,0.0,0
1565,40000.0,2,36,2,2,4,3,4,3,2,1,38207.0,33227.0,29315.0,33849.0,33962.0,36229.0,64.0,474.0,571.0,2047.0,124.0,371.0,1
1566,20000.0,2,28,3,2,0,0,0,0,0,2,9247.0,4749.0,10781.0,7116.0,6659.0,8979.0,930.0,791.0,849.0,172.0,1074.0,175.0,0
1567,90000.0,2,23,1,2,0,-2,0,-1,0,0,61101.0,0.0,61897.0,66409.0,75094.0,66571.0,0.0,5739.0,14484.0,75094.0,8269.0,16719.0,0
1568,130000.0,2,30,2,2,0,0,1,-1,-1,0,28427.0,31225.0,37613.0,20686.0,36628.0,32201.0,12241.0,5128.0,1814.0,36628.0,32201.0,2017.0,0
1569,180000.0,2,39,1,1,1,-1,0,0,-1,-2,95370.0,74994.0,73065.0,76090.0,63710.0,0.0,376.0,73065.0,5512.0,23215.0,0.0,0.0,0
1570,60000.0,1,35,3,2,5,4,3,2,0,0,57492.0,53817.0,45665.0,52833.0,48834.0,58580.0,56.0,262.0,154.0,619.0,5129.0,2285.0,1
1571,60000.0,2,24,1,2,2,0,0,-1,-1,0,10383.0,10567.0,9188.0,13273.0,8205.0,7333.0,785.0,2211.0,6820.0,8205.0,7333.0,5017.0,0
1572,150000.0,1,27,3,3,-1,-1,-1,0,0,0,21769.0,45634.0,61546.0,49135.0,27688.0,29397.0,45634.0,61546.0,49135.0,7374.0,11719.0,14752.0,0
1573,90000.0,2,36,2,1,0,0,0,0,0,0,44767.0,33021.0,26283.0,36870.0,42680.0,38863.0,8089.0,3052.0,3124.0,13145.0,7987.0,3856.0,0
1574,90000.0,2,45,2,2,-2,0,0,0,-1,0,0.0,51627.0,60343.0,52701.0,58188.0,51401.0,2420.0,1691.0,7487.0,2249.0,51401.0,7850.0,0
1575,120000.0,1,28,2,1,-1,0,-1,-1,0,0,20893.0,13096.0,22274.0,23449.0,12905.0,7635.0,13096.0,6753.0,23449.0,12905.0,807.0,958.0,0
1576,380000.0,1,45,2,1,0,-1,-1,0,0,-1,64235.0,34505.0,92593.0,16248.0,95936.0,78244.0,621.0,92593.0,16248.0,23154.0,22231.0,78244.0,0
1577,150000.0,1,41,2,1,3,2,-2,-1,0,0,90035.0,118855.0,0.0,106318.0,112258.0,99040.0,1513.0,0.0,26421.0,112258.0,5644.0,7521.0,1
1578,1000000.0,2,33,1,1,0,4,3,2,3,2,671774.0,886552.0,629235.0,639694.0,838644.0,747732.0,53599.0,4588.0,7162.0,12276.0,13107.0,12312.0,0
1579,140000.0,2,36,1,2,0,0,0,1,0,-1,101965.0,80603.0,100286.0,101407.0,75442.0,90161.0,4084.0,9870.0,15067.0,1930.0,13771.0,90161.0,0
1580,290000.0,2,43,1,2,-1,-1,-1,0,-1,0,11062.0,39661.0,50303.0,17150.0,91650.0,40598.0,39661.0,50303.0,17150.0,64714.0,40598.0,18566.0,0
1581,40000.0,2,36,1,1,5,4,5,4,3,2,37796.0,33071.0,42406.0,33790.0,41707.0,39370.0,266.0,36.0,1054.0,260.0,325.0,78.0,1
1582,70000.0,2,26,2,2,0,2,3,2,-1,0,22999.0,19495.0,27107.0,28526.0,31252.0,35270.0,3585.0,2484.0,764.0,354.0,35270.0,5288.0,0
1583,120000.0,2,34,2,1,-1,-1,-1,-1,-1,-1,47746.0,39612.0,30694.0,18122.0,44384.0,39703.0,39612.0,30694.0,18122.0,44384.0,39703.0,39703.0,0
1584,90000.0,1,47,2,1,-1,0,0,2,0,0,44382.0,59007.0,60194.0,48429.0,48635.0,52031.0,59007.0,1680.0,2038.0,422.0,3891.0,9909.0,1
1585,80000.0,1,48,2,1,-1,0,-1,0,0,-1,9460.0,23146.0,14788.0,4342.0,16634.0,21492.0,23146.0,3995.0,4342.0,7890.0,4101.0,21492.0,0
1586,90000.0,1,68,3,1,0,-2,0,0,0,0,20152.0,0.0,25776.0,47501.0,34817.0,24866.0,0.0,2110.0,2599.0,5179.0,1281.0,21209.0,0
1587,50000.0,2,43,3,2,-2,-1,0,-1,0,0,0.0,8618.0,19534.0,8303.0,3424.0,4436.0,1864.0,19534.0,4193.0,3424.0,672.0,2038.0,0
1588,120000.0,1,38,1,2,-1,0,-1,0,-1,0,22424.0,19867.0,36209.0,34568.0,18964.0,31618.0,19867.0,3720.0,34568.0,2254.0,31618.0,5371.0,0
1589,130000.0,1,37,2,1,-2,-1,-1,-1,0,-1,0.0,23895.0,18341.0,-2600.0,-2600.0,22485.0,14286.0,18341.0,0.0,0.0,10246.0,22485.0,0
1590,120000.0,1,33,3,2,4,3,2,3,2,0,111649.0,112598.0,102351.0,114999.0,91521.0,88292.0,4173.0,901.0,735.0,2101.0,1343.0,14605.0,1
1591,80000.0,1,33,1,1,2,0,1,0,0,1,21223.0,28122.0,19912.0,26995.0,26362.0,44257.0,1265.0,3347.0,527.0,5731.0,3075.0,965.0,1
1592,100000.0,2,29,2,1,0,0,0,2,0,0,66014.0,62576.0,64708.0,69093.0,59688.0,62662.0,3305.0,1110.0,10054.0,1196.0,5239.0,5906.0,0
1593,70000.0,1,33,2,1,0,0,0,0,0,0,65901.0,58171.0,57540.0,66261.0,61520.0,69180.0,2831.0,9983.0,3369.0,597.0,2914.0,13484.0,0
1594,250000.0,1,42,2,1,0,0,0,-1,0,-1,92709.0,76985.0,21643.0,53106.0,60501.0,55521.0,4242.0,3889.0,5408.0,60501.0,3489.0,55521.0,0
1595,440000.0,2,40,2,1,2,1,0,-2,3,2,171573.0,175876.0,131353.0,0.0,143726.0,84297.0,822.0,1659.0,0.0,18376.0,442.0,1630.0,0
1596,140000.0,2,35,2,1,3,2,1,2,1,0,88582.0,64176.0,74471.0,73101.0,73133.0,63979.0,1320.0,477.0,1883.0,763.0,856.0,600.0,0
1597,240000.0,2,65,2,1,-2,0,-1,0,0,0,0.0,44806.0,45231.0,32124.0,24032.0,71641.0,16481.0,1348.0,32124.0,3711.0,2881.0,11518.0,1
1598,80000.0,2,42,3,1,5,4,3,2,0,0,41211.0,46138.0,37124.0,37369.0,39168.0,31357.0,686.0,646.0,1889.0,916.0,5145.0,509.0,1
1599,170000.0,1,31,2,1,-1,0,0,-1,0,0,69997.0,63844.0,61928.0,25239.0,60748.0,35258.0,63844.0,10292.0,7233.0,60748.0,2936.0,7951.0,0
1600,130000.0,2,23,1,2,0,0,-1,0,0,0,30736.0,39861.0,37688.0,42965.0,30620.0,55801.0,16855.0,8459.0,42965.0,6014.0,12442.0,4425.0,0
1601,50000.0,2,40,2,1,0,0,0,1,0,0,35568.0,30972.0,36218.0,30474.0,31387.0,32109.0,3631.0,1359.0,873.0,772.0,2364.0,1033.0,1
1602,270000.0,2,27,2,2,0,0,0,0,2,1,133735.0,133779.0,139849.0,145076.0,132675.0,122967.0,10126.0,51201.0,11800.0,40512.0,3265.0,3036.0,0
1603,420000.0,1,31,3,2,0,-1,-1,-2,0,-1,128034.0,77983.0,97235.0,0.0,77866.0,108111.0,18556.0,97235.0,0.0,7964.0,26849.0,108111.0,0
1604,190000.0,1,35,2,1,-1,-1,-1,0,-1,-1,30194.0,33909.0,42537.0,12107.0,28166.0,-3800.0,33909.0,42537.0,12107.0,20662.0,0.0,0.0,0
1605,120000.0,1,31,2,2,-2,-2,0,0,0,-1,0.0,0.0,62311.0,58352.0,53994.0,56401.0,0.0,32758.0,30530.0,8354.0,12895.0,56401.0,1
1606,160000.0,1,29,2,2,0,-1,0,0,1,0,37552.0,36293.0,33352.0,76218.0,48607.0,33595.0,3981.0,33352.0,10188.0,6455.0,986.0,2864.0,0
1607,410000.0,1,37,2,1,0,0,0,-2,-1,0,109133.0,133186.0,73544.0,0.0,130347.0,131738.0,44792.0,6194.0,0.0,40792.0,131738.0,7586.0,0
1608,110000.0,2,26,1,2,-1,0,0,0,2,1,10229.0,39722.0,23863.0,29221.0,28150.0,27148.0,39722.0,958.0,1599.0,3305.0,196.0,307.0,0
1609,190000.0,2,27,2,1,0,0,-1,0,-1,0,52325.0,50624.0,71798.0,75594.0,23439.0,76552.0,16844.0,25668.0,75594.0,6796.0,76552.0,20207.0,0
1610,120000.0,1,45,3,1,0,0,0,0,-1,-1,45531.0,64953.0,42766.0,53008.0,63502.0,39833.0,12905.0,3370.0,3445.0,6429.0,39833.0,39833.0,0
1611,30000.0,1,32,2,2,-1,0,-1,0,-1,1,358.0,2993.0,5145.0,4072.0,4871.0,4187.0,2993.0,1844.0,4072.0,1478.0,4187.0,262.0,0
1612,120000.0,1,26,1,2,0,0,0,0,0,0,76603.0,83729.0,80087.0,67224.0,87425.0,86281.0,7605.0,7280.0,10106.0,3981.0,4591.0,10083.0,1
1613,310000.0,1,48,1,2,-2,-1,-2,0,0,0,0.0,281933.0,0.0,239106.0,233539.0,255782.0,8799.0,0.0,2167.0,9985.0,23328.0,2777.0,0
1614,120000.0,2,37,3,2,0,-1,-1,0,0,0,41716.0,66963.0,69940.0,65071.0,66586.0,63342.0,6178.0,69940.0,65071.0,18631.0,4003.0,6088.0,0
1615,170000.0,2,39,1,1,0,-1,-2,-1,0,0,35538.0,35012.0,0.0,32279.0,29341.0,50334.0,14130.0,0.0,11804.0,29341.0,27350.0,16095.0,0
1616,50000.0,1,29,2,1,-1,0,0,0,2,1,35541.0,44694.0,40852.0,39810.0,40374.0,42223.0,44694.0,492.0,6279.0,911.0,76.0,97.0,1
1617,110000.0,2,32,3,1,0,1,0,0,0,0,52056.0,49277.0,61487.0,44962.0,57999.0,44655.0,18673.0,5810.0,1762.0,11373.0,2233.0,2440.0,1
1618,100000.0,2,34,3,1,0,0,0,0,0,-2,40165.0,46208.0,38156.0,43110.0,25337.0,0.0,4836.0,2286.0,6384.0,4202.0,0.0,0.0,0
1619,180000.0,2,33,2,1,-1,1,0,-1,0,0,86350.0,84109.0,53525.0,66195.0,74269.0,91440.0,84109.0,1539.0,5144.0,74269.0,5404.0,51301.0,0
1620,300000.0,2,28,3,2,0,0,0,-2,0,-2,66741.0,70031.0,84869.0,0.0,47572.0,0.0,19300.0,14014.0,0.0,14677.0,0.0,0.0,0
1621,150000.0,2,45,2,2,0,0,0,0,0,0,68072.0,62285.0,91302.0,72903.0,57605.0,57272.0,4383.0,16381.0,6775.0,5883.0,3159.0,4420.0,1
1622,180000.0,2,27,3,1,0,0,-2,0,-1,-1,36811.0,60418.0,0.0,54980.0,61120.0,60946.0,35623.0,0.0,8891.0,8322.0,60946.0,60946.0,0
1623,160000.0,2,28,2,1,0,-1,0,-1,0,-1,77183.0,81799.0,68165.0,73357.0,65605.0,90792.0,11846.0,68165.0,13651.0,65605.0,48073.0,90792.0,0
1624,1000000.0,2,32,1,2,0,0,0,0,0,0,252886.0,375682.0,276334.0,306464.0,291468.0,285876.0,23053.0,79267.0,45259.0,38681.0,51118.0,75720.0,0
1625,170000.0,2,31,2,1,0,0,0,1,0,0,82121.0,69959.0,46114.0,66501.0,84755.0,80687.0,35374.0,4833.0,5086.0,1168.0,9071.0,2236.0,1
1626,1000000.0,1,42,1,1,0,-1,0,-1,-1,0,187489.0,169851.0,266896.0,363690.0,193186.0,229343.0,33828.0,266896.0,145749.0,193186.0,229343.0,109655.0,1
1627,60000.0,2,28,0,2,0,-2,0,0,0,-1,52477.0,0.0,47786.0,48805.0,48993.0,45022.0,0.0,6741.0,4725.0,347.0,1966.0,45022.0,0
1628,90000.0,1,46,1,1,-1,-1,0,0,0,0,41036.0,43886.0,37903.0,38833.0,32615.0,43157.0,43886.0,37903.0,3025.0,9102.0,3388.0,7644.0,0
1629,170000.0,1,34,2,1,0,-1,0,0,0,0,78486.0,95372.0,108687.0,94766.0,91287.0,92213.0,6351.0,108687.0,8966.0,14144.0,15538.0,38825.0,0
1630,180000.0,1,45,1,1,0,0,1,0,0,0,52676.0,59882.0,50141.0,44387.0,37285.0,52431.0,1572.0,4150.0,3651.0,9052.0,2048.0,5289.0,0
1631,350000.0,1,43,2,2,-1,0,0,-1,0,-1,44106.0,346.0,22230.0,54548.0,13943.0,41168.0,346.0,4985.0,30850.0,13943.0,18293.0,41168.0,0
1632,220000.0,1,32,2,1,3,2,-1,0,0,0,117070.0,54310.0,70751.0,116248.0,76463.0,123806.0,5393.0,1698.0,116248.0,15005.0,25142.0,9246.0,1
1633,170000.0,2,36,3,2,0,2,1,0,-1,0,102970.0,85857.0,95665.0,88444.0,104209.0,92359.0,3869.0,2844.0,559.0,15719.0,92359.0,2969.0,1
1634,110000.0,2,36,1,2,0,2,1,2,0,2,80287.0,87322.0,66127.0,78379.0,88244.0,85790.0,26891.0,2580.0,1984.0,1599.0,3493.0,3049.0,0
1635,130000.0,2,38,2,1,0,0,0,0,3,2,84710.0,112480.0,94275.0,113921.0,90567.0,84396.0,5480.0,13645.0,1422.0,1873.0,1598.0,383.0,0
1636,220000.0,1,56,3,2,0,0,-1,0,0,0,50389.0,48692.0,29464.0,31175.0,47824.0,49573.0,5528.0,16559.0,31175.0,3912.0,30304.0,6552.0,0
1637,120000.0,2,34,1,2,0,0,-2,2,0,-1,25097.0,31007.0,0.0,40024.0,16213.0,37057.0,9718.0,0.0,4414.0,1254.0,1937.0,37057.0,0
1638,120000.0,2,30,2,1,0,0,1,-1,0,0,39236.0,33330.0,26245.0,18941.0,33513.0,44741.0,13890.0,6293.0,450.0,33513.0,7475.0,12577.0,0
1639,430000.0,1,35,1,1,-2,-1,-1,0,-2,0,0.0,52108.0,39115.0,49197.0,0.0,-8600.0,13298.0,39115.0,49197.0,0.0,0.0,0.0,0
1640,110000.0,1,28,2,1,-2,2,0,0,-2,0,0.0,48930.0,52292.0,66704.0,0.0,54363.0,5669.0,1654.0,2500.0,0.0,7253.0,5001.0,0
1641,110000.0,1,33,3,2,0,0,4,3,2,1,55066.0,47760.0,52084.0,51048.0,57316.0,49403.0,4945.0,2829.0,141.0,551.0,1144.0,568.0,0
1642,400000.0,2,29,1,1,0,0,-1,0,0,-2,97816.0,92094.0,119119.0,47690.0,104141.0,0.0,15537.0,14269.0,47690.0,28753.0,0.0,0.0,0
1643,140000.0,1,39,3,2,0,0,0,0,0,0,75619.0,86509.0,49903.0,73068.0,82590.0,65699.0,1175.0,5871.0,856.0,1073.0,6703.0,1441.0,0
1644,50000.0,2,41,2,1,0,0,0,1,0,0,9529.0,9420.0,13800.0,11566.0,2890.0,12536.0,687.0,2484.0,2677.0,11.0,1038.0,185.0,0
1645,200000.0,1,35,1,2,-1,-1,0,-1,-1,-1,10696.0,15300.0,25180.0,-4000.0,-451.0,31969.0,15300.0,25180.0,0.0,0.0,31969.0,31969.0,0
1646,90000.0,2,29,3,2,-1,0,-1,0,0,0,28752.0,23312.0,38799.0,30986.0,15287.0,25200.0,23312.0,1697.0,30986.0,5223.0,3527.0,1431.0,0
1647,150000.0,2,25,2,2,-1,0,0,0,-1,-2,108529.0,65009.0,84344.0,85916.0,82029.0,0.0,65009.0,15806.0,26595.0,19914.0,0.0,0.0,0
1648,880000.0,2,32,1,2,0,0,-1,0,0,0,153627.0,200031.0,326469.0,129476.0,231402.0,313646.0,12871.0,87036.0,129476.0,32111.0,34292.0,34079.0,0
1649,460000.0,1,45,1,1,0,0,0,-1,0,-1,109589.0,143053.0,22620.0,43409.0,47447.0,61608.0,29344.0,6714.0,4904.0,47447.0,6112.0,61608.0,0
1650,110000.0,2,41,3,1,-2,0,0,0,0,-2,0.0,-2200.0,27263.0,9636.0,8154.0,0.0,0.0,15432.0,1464.0,1087.0,0.0,0.0,0
1651,80000.0,2,35,5,1,0,4,3,2,1,2,61351.0,63833.0,65213.0,77227.0,64979.0,74362.0,1204.0,143.0,423.0,1097.0,135.0,446.0,1
1652,210000.0,2,27,2,1,3,2,1,0,0,0,92667.0,115933.0,87524.0,110620.0,120850.0,142961.0,1708.0,1939.0,697.0,17579.0,24047.0,3304.0,0
1653,140000.0,1,29,2,2,0,-1,0,-1,0,0,24545.0,38704.0,33816.0,64950.0,10325.0,35558.0,2065.0,33816.0,6341.0,10325.0,8507.0,2391.0,0
1654,360000.0,2,43,2,1,0,0,-1,-2,-1,0,105678.0,64979.0,12411.0,0.0,113106.0,60681.0,23457.0,2874.0,0.0,50887.0,60681.0,29363.0,0
1655,110000.0,2,30,3,1,0,0,1,0,0,0,32083.0,43543.0,39326.0,31880.0,38968.0,48952.0,18514.0,16164.0,483.0,20496.0,1623.0,10675.0,0
1656,410000.0,1,44,1,2,-1,0,0,0,0,0,160324.0,147275.0,206576.0,138275.0,140069.0,136022.0,147275.0,79752.0,71971.0,39711.0,13405.0,23639.0,0
1657,110000.0,2,68,2,1,1,2,1,-1,0,-2,62248.0,85364.0,87260.0,81485.0,66406.0,0.0,1747.0,1062.0,731.0,66406.0,0.0,0.0,1
1658,80000.0,2,30,3,1,0,4,3,2,1,0,40052.0,55187.0,28819.0,42054.0,32190.0,44209.0,3217.0,497.0,887.0,168.0,1330.0,4633.0,0
1659,120000.0,2,27,2,2,-1,0,-1,-1,0,-1,-1094.0,4820.0,21835.0,18787.0,10121.0,19904.0,4820.0,3852.0,18787.0,10121.0,4009.0,19904.0,1
1660,80000.0,1,41,2,1,0,0,-2,0,0,0,48045.0,41316.0,0.0,32901.0,37472.0,29601.0,10578.0,0.0,1701.0,8176.0,743.0,1954.0,0
1661,130000.0,1,37,3,1,0,0,-1,0,0,0,51507.0,53959.0,54775.0,58030.0,39751.0,56559.0,5462.0,4303.0,58030.0,2205.0,17544.0,3813.0,0
1662,110000.0,1,43,2,1,0,0,-2,0,0,0,12308.0,17967.0,0.0,29724.0,9439.0,14368.0,4526.0,0.0,3384.0,1592.0,4439.0,299.0,0
1663,100000.0,2,32,2,1,0,0,0,2,1,0,34293.0,34550.0,47694.0,14491.0,30988.0,35434.0,3223.0,1604.0,166.0,2202.0,286.0,2707.0,0
1664,60000.0,2,30,3,2,0,0,0,0,1,0,31812.0,35395.0,33265.0,42813.0,27726.0,33962.0,8882.0,5405.0,6256.0,281.0,5896.0,4579.0,0
1665,120000.0,1,35,2,2,-1,0,-1,0,0,0,14024.0,15448.0,30262.0,5292.0,2182.0,3348.0,15448.0,2496.0,5292.0,849.0,358.0,1768.0,0
1666,40000.0,2,33,2,2,-1,0,-1,1,2,1,22288.0,18106.0,15216.0,18701.0,20624.0,18287.0,18106.0,892.0,18701.0,569.0,951.0,1831.0,0
1667,370000.0,1,42,1,1,-1,0,-1,0,-1,0,208278.0,250733.0,197699.0,227987.0,212598.0,273868.0,250733.0,74167.0,227987.0,35631.0,273868.0,93799.0,0
1668,160000.0,1,31,2,1,0,2,0,0,-1,1,34591.0,4621.0,11297.0,31495.0,44072.0,36048.0,500.0,1129.0,5969.0,16466.0,36048.0,1708.0,0
1669,220000.0,2,48,2,2,0,0,1,0,-1,0,133611.0,166026.0,146368.0,162525.0,158677.0,153117.0,12618.0,19629.0,2165.0,11965.0,153117.0,10565.0,0
1670,270000.0,1,24,2,2,-1,0,-1,0,0,-1,70798.0,6663.0,42490.0,66065.0,60024.0,51750.0,6663.0,4478.0,66065.0,23702.0,9224.0,51750.0,0
1671,150000.0,2,32,2,2,0,0,2,-1,0,0,77399.0,79096.0,101167.0,85971.0,74476.0,69347.0,9326.0,1198.0,1546.0,74476.0,5940.0,2744.0,0
1672,70000.0,1,27,3,1,-1,0,5,4,3,2,55480.0,53370.0,57437.0,54959.0,54362.0,47030.0,53370.0,157.0,965.0,567.0,753.0,1644.0,1
1673,310000.0,1,30,2,1,0,0,-2,0,1,0,122050.0,76614.0,0.0,125016.0,47303.0,117599.0,22872.0,0.0,38701.0,14178.0,7131.0,51530.0,0
1674,80000.0,2,38,3,1,0,2,0,0,1,0,53647.0,56228.0,45895.0,43930.0,51439.0,65985.0,3085.0,716.0,11758.0,1359.0,8352.0,3641.0,0
1675,130000.0,2,29,2,1,0,0,0,0,-1,0,21648.0,51352.0,31261.0,18987.0,30532.0,28509.0,13795.0,9387.0,6906.0,4129.0,28509.0,13253.0,0
1676,30000.0,1,38,2,2,0,2,1,0,0,-1,16758.0,17616.0,16991.0,17998.0,16681.0,14358.0,2824.0,195.0,587.0,516.0,6907.0,14358.0,0
1677,140000.0,2,46,1,1,0,-1,-2,-1,0,-1,59209.0,55598.0,0.0,43014.0,58045.0,38215.0,8644.0,0.0,4948.0,58045.0,14724.0,38215.0,0
1678,140000.0,1,42,2,1,0,0,-1,0,0,-1,37534.0,9469.0,12967.0,27174.0,14733.0,32569.0,2084.0,2337.0,27174.0,1759.0,12604.0,32569.0,0
1679,200000.0,1,33,2,1,2,0,2,0,0,0,101210.0,76309.0,99282.0,71507.0,80720.0,94192.0,2172.0,1260.0,2094.0,1155.0,13863.0,3348.0,0
1680,260000.0,2,35,1,2,0,0,0,-1,0,0,171853.0,130704.0,126405.0,146409.0,142495.0,178779.0,43351.0,8971.0,10909.0,142495.0,6534.0,25777.0,0
1681,220000.0,2,26,2,2,0,4,3,2,0,-1,107864.0,93539.0,79384.0,76036.0,94680.0,95506.0,10747.0,1890.0,1096.0,5414.0,2677.0,95506.0,1
1682,60000.0,2,31,3,2,-1,-1,0,-1,-1,0,27649.0,28162.0,20968.0,12878.0,20024.0,30909.0,28162.0,20968.0,6267.0,20024.0,30909.0,10041.0,0
1683,130000.0,2,42,1,1,0,0,0,0,0,0,35820.0,32163.0,11520.0,55848.0,42539.0,30480.0,10511.0,1672.0,697.0,4476.0,1814.0,8399.0,0
1684,160000.0,1,44,2,2,0,-1,0,0,-1,2,14128.0,23265.0,26155.0,4578.0,24216.0,11668.0,2190.0,26155.0,735.0,4265.0,11668.0,708.0,0
1685,50000.0,1,26,3,2,-1,-2,-1,0,-1,0,14013.0,0.0,19534.0,13721.0,13771.0,19078.0,0.0,2748.0,13721.0,8945.0,19078.0,6081.0,0
1686,90000.0,2,32,2,1,-1,0,2,0,0,-1,59961.0,74900.0,62205.0,71020.0,70466.0,66445.0,74900.0,4377.0,1678.0,2000.0,6637.0,66445.0,0
1687,180000.0,2,33,1,2,0,0,1,-1,0,-1,34781.0,57918.0,46610.0,66738.0,60985.0,41750.0,1470.0,3730.0,1273.0,60985.0,5155.0,41750.0,0
1688,30000.0,1,42,2,2,0,0,-2,0,-2,0,22911.0,18395.0,0.0,20902.0,0.0,17305.0,230.0,0.0,131.0,0.0,1800.0,927.0,0
1689,40000.0,2,40,2,1,4,3,2,1,0,0,36006.0,36793.0,35045.0,38682.0,34130.0,33156.0,1075.0,856.0,338.0,206.0,2193.0,111.0,1
1690,120000.0,2,31,3,2,0,0,0,0,0,0,8234.0,15405.0,25180.0,36842.0,10703.0,16396.0,5183.0,9037.0,1758.0,771.0,3302.0,889.0,0
1691,70000.0,1,29,2,2,1,2,3,2,0,1,39403.0,54324.0,49482.0,43141.0,36481.0,47448.0,169.0,581.0,75.0,282.0,1359.0,889.0,1
1692,250000.0,1,49,2,1,0,0,-1,-1,-1,0,33102.0,46457.0,63365.0,48527.0,26373.0,54223.0,36634.0,27937.0,48527.0,26373.0,54223.0,17783.0,0
1693,90000.0,1,36,2,2,1,0,2,1,0,0,77964.0,80425.0,77276.0,95420.0,81729.0,84404.0,1583.0,4133.0,2914.0,97.0,3783.0,2212.0,0
1694,50000.0,2,50,3,2,0,0,-1,0,0,0,18855.0,31645.0,28162.0,27396.0,30356.0,34648.0,2386.0,500.0,27396.0,1320.0,2845.0,826.0,1
1695,140000.0,1,32,3,1,-2,0,-1,0,0,-1,0.0,18995.0,16401.0,6863.0,26848.0,20260.0,2051.0,8923.0,6863.0,14340.0,11188.0,20260.0,0
1696,150000.0,1,38,1,2,0,-1,-1,-2,0,0,17053.0,41892.0,13704.0,0.0,9095.0,8348.0,5230.0,13704.0,0.0,4850.0,6884.0,1659.0,0
1697,180000.0,2,47,2,2,5,4,3,2,1,0,158226.0,164855.0,137812.0,156715.0,165269.0,148244.0,477.0,431.0,186.0,2693.0,531.0,5103.0,1
1698,50000.0,2,30,3,2,-2,0,0,0,-1,0,0.0,13417.0,14616.0,6430.0,12119.0,13773.0,659.0,1295.0,474.0,813.0,13773.0,1979.0,0
1699,90000.0,1,58,2,2,0,0,3,2,1,0,78919.0,83129.0,68551.0,79201.0,77565.0,63270.0,3348.0,1460.0,2163.0,395.0,581.0,3144.0,0
1700,70000.0,2,32,3,2,0,0,0,0,0,0,55473.0,43810.0,54189.0,45910.0,44227.0,57998.0,3077.0,14109.0,4733.0,6666.0,13186.0,14265.0,1
1701,100000.0,1,31,1,1,-1,0,-1,0,0,0,59679.0,69351.0,44909.0,47793.0,54300.0,62071.0,69351.0,10337.0,47793.0,11725.0,26391.0,8578.0,0
1702,110000.0,2,36,2,1,0,0,0,0,-2,0,48735.0,49457.0,63796.0,64282.0,0.0,54171.0,12141.0,4134.0,8875.0,0.0,5494.0,3176.0,0
1703,70000.0,1,41,2,2,0,-2,0,1,0,0,12205.0,0.0,18967.0,14554.0,15543.0,18862.0,0.0,4356.0,5674.0,1433.0,3863.0,4412.0,0
1704,220000.0,2,35,1,1,-1,-1,-1,0,0,-1,10775.0,7488.0,57102.0,33234.0,70072.0,7600.0,7488.0,57102.0,33234.0,18416.0,855.0,7600.0,0
1705,200000.0,1,31,2,2,-1,-1,-1,1,-2,-1,40729.0,58277.0,50748.0,4019.0,0.0,50779.0,58277.0,50748.0,4019.0,0.0,27779.0,50779.0,0
1706,170000.0,2,33,2,2,-1,0,2,0,0,0,93010.0,98686.0,112918.0,93998.0,110695.0,131220.0,98686.0,2502.0,3907.0,10306.0,26520.0,6429.0,0
1707,50000.0,2,33,2,2,0,0,-1,-1,0,0,543.0,3819.0,12286.0,9237.0,8592.0,11930.0,345.0,7773.0,9237.0,8592.0,9818.0,6907.0,0
1708,280000.0,1,31,2,2,-1,0,1,0,0,0,65405.0,108750.0,48084.0,31374.0,86203.0,75369.0,108750.0,8535.0,2401.0,14810.0,43313.0,23417.0,0
1709,40000.0,1,36,2,2,-1,0,0,4,3,2,19898.0,17530.0,17037.0,20090.0,21240.0,23833.0,17530.0,1069.0,2473.0,588.0,453.0,310.0,0
1710,180000.0,2,25,1,2,0,0,3,2,1,0,25862.0,53192.0,62188.0,43725.0,50021.0,39095.0,5140.0,11600.0,810.0,2011.0,1491.0,5389.0,0
1711,190000.0,2,35,1,1,1,0,0,0,-1,0,66816.0,74863.0,106601.0,86837.0,100488.0,75257.0,3390.0,19388.0,39648.0,15071.0,75257.0,6509.0,0
1712,210000.0,2,61,3,2,-1,0,-2,0,0,0,55524.0,67156.0,0.0,51526.0,24327.0,25902.0,67156.0,0.0,15644.0,7615.0,7022.0,13276.0,0
1713,80000.0,2,36,2,2,-1,0,-1,-1,-1,-1,2709.0,14395.0,12224.0,10715.0,16869.0,8672.0,14395.0,1403.0,10715.0,16869.0,8672.0,8672.0,0
1714,150000.0,2,51,1,1,0,0,-1,-1,0,0,36043.0,54233.0,62056.0,55650.0,32957.0,53712.0,17101.0,14228.0,55650.0,32957.0,2391.0,26007.0,0
1715,380000.0,2,33,1,1,-1,-1,-1,0,0,-1,80900.0,60378.0,54701.0,123267.0,73879.0,60679.0,60378.0,54701.0,123267.0,51918.0,38392.0,60679.0,0
1716,280000.0,2,39,2,1,1,0,0,-1,2,0,32605.0,18486.0,45930.0,5057.0,9008.0,53662.0,743.0,27274.0,1618.0,9008.0,2078.0,4650.0,0
1717,90000.0,2,40,1,1,0,0,1,0,1,0,40565.0,50905.0,50034.0,60612.0,51352.0,50232.0,14141.0,14743.0,9202.0,5425.0,905.0,14206.0,0
1718,80000.0,2,39,3,2,-2,0,0,-1,0,-1,0.0,18940.0,123.0,10553.0,6017.0,7911.0,4879.0,35.0,3018.0,6017.0,2465.0,7911.0,0
1719,90000.0,1,26,1,1,-1,0,0,2,3,2,33210.0,33616.0,43866.0,44959.0,53652.0,43423.0,33616.0,1605.0,2545.0,260.0,41.0,541.0,0
1720,10000.0,1,34,3,2,1,-1,-1,-1,-1,-1,685.0,1029.0,1936.0,1299.0,2846.0,3077.0,47.0,1936.0,1299.0,2846.0,3077.0,3077.0,0
1721,300000.0,1,45,2,1,1,2,-1,-1,-2,-2,102639.0,79900.0,124734.0,84669.0,0.0,0.0,940.0,2937.0,84669.0,0.0,0.0,0.0,0
1722,80000.0,1,40,2,1,-1,2,-1,0,-1,0,14249.0,13140.0,15799.0,21617.0,20225.0,13898.0,13140.0,437.0,21617.0,866.0,13898.0,4262.0,0
1723,120000.0,2,29,2,1,-1,0,0,0,0,-1,61341.0,51731.0,44812.0,55480.0,43940.0,53137.0,51731.0,10848.0,12952.0,12566.0,29321.0,53137.0,0
1724,130000.0,1,26,2,2,-1,0,0,-2,0,-1,24709.0,30443.0,9944.0,0.0,13869.0,414.0,30443.0,3047.0,0.0,8429.0,100.0,414.0,0
1725,70000.0,1,39,1,1,-1,0,0,-2,-2,0,13490.0,9638.0,5538.0,0.0,0.0,11951.0,9638.0,2101.0,0.0,0.0,2078.0,1030.0,0
1726,240000.0,2,40,2,2,0,0,0,0,-1,0,13048.0,69410.0,50601.0,55086.0,66055.0,87801.0,12326.0,6442.0,4619.0,10702.0,87801.0,44870.0,0
1727,110000.0,1,33,1,2,0,0,0,-1,-1,-1,23840.0,26519.0,15968.0,3012.0,21738.0,-2200.0,5662.0,3260.0,1535.0,21738.0,0.0,0.0,0
1728,60000.0,1,32,1,1,0,0,2,1,0,0,51683.0,36952.0,53093.0,44055.0,33276.0,49134.0,1588.0,1977.0,418.0,71.0,1060.0,3669.0,0
1729,110000.0,1,30,3,1,1,0,0,0,2,0,51027.0,53547.0,64253.0,63319.0,57585.0,54688.0,2477.0,9222.0,3100.0,18686.0,1548.0,1596.0,0
1730,100000.0,2,37,3,1,-1,-2,-1,3,2,1,37069.0,0.0,30986.0,30766.0,28769.0,32580.0,0.0,2700.0,30766.0,3281.0,4101.0,2778.0,0
1731,90000.0,2,41,2,2,0,0,0,-1,0,0,45468.0,39465.0,48861.0,52888.0,48550.0,55755.0,3400.0,7065.0,6976.0,48550.0,2201.0,4646.0,0
1732,180000.0,2,42,1,2,0,-1,-1,0,2,1,115698.0,157134.0,164487.0,152992.0,135397.0,156644.0,16099.0,164487.0,152992.0,2595.0,3752.0,1667.0,1
1733,510000.0,2,56,2,1,0,0,2,0,0,0,138588.0,144531.0,123630.0,109496.0,188279.0,181145.0,10418.0,50526.0,10418.0,26511.0,61953.0,42208.0,0
1734,190000.0,2,30,2,2,0,1,0,0,0,0,101814.0,105230.0,109921.0,83815.0,89910.0,97786.0,4857.0,2629.0,7362.0,8122.0,5651.0,6792.0,0
1735,110000.0,2,25,2,2,0,0,0,-1,-1,-2,21972.0,34337.0,25679.0,28654.0,29705.0,0.0,2158.0,5728.0,7887.0,29705.0,0.0,0.0,0
1736,80000.0,2,26,2,2,1,0,0,1,2,1,32905.0,45099.0,45079.0,40937.0,43296.0,45566.0,623.0,1501.0,707.0,104.0,166.0,338.0,0
1737,400000.0,1,28,2,2,0,-1,0,0,0,0,97267.0,88814.0,46618.0,134389.0,32766.0,64896.0,33624.0,46618.0,20325.0,8371.0,11642.0,29687.0,1
1738,110000.0,2,26,1,1,-1,-1,-2,-1,-1,0,20318.0,27110.0,0.0,27903.0,16608.0,26399.0,27110.0,0.0,6886.0,16608.0,26399.0,9235.0,0
1739,30000.0,1,37,2,1,-1,0,0,-1,0,-1,6986.0,11493.0,7384.0,7618.0,8912.0,6220.0,11493.0,401.0,692.0,8912.0,355.0,6220.0,0
1740,370000.0,1,28,1,2,-2,1,2,0,0,0,0.0,220721.0,299026.0,265126.0,242737.0,234754.0,36455.0,17395.0,2081.0,32661.0,18195.0,27148.0,0
1741,80000.0,2,30,2,2,4,3,2,1,0,0,52503.0,46442.0,45330.0,50490.0,42128.0,50317.0,329.0,518.0,492.0,196.0,746.0,391.0,1
1742,30000.0,2,35,2,1,2,-1,0,0,0,0,16286.0,20154.0,23039.0,17969.0,18884.0,15337.0,717.0,23039.0,3684.0,4119.0,2134.0,803.0,1
1743,40000.0,1,33,2,2,1,0,1,2,1,0,25094.0,30708.0,28044.0,29480.0,27162.0,31621.0,157.0,2092.0,79.0,173.0,1564.0,1351.0,1
1744,30000.0,2,30,3,1,0,0,0,-1,-1,0,7001.0,7328.0,12698.0,7908.0,6223.0,6031.0,1569.0,5069.0,1022.0,6223.0,6031.0,1161.0,0
1745,20000.0,2,25,3,2,0,0,-2,0,0,0,6398.0,3490.0,0.0,6324.0,5029.0,5138.0,530.0,0.0,1915.0,1584.0,645.0,588.0,0
1746,70000.0,2,31,2,1,-1,-1,0,2,-2,0,17742.0,21109.0,30223.0,21404.0,0.0,20230.0,21109.0,30223.0,5769.0,0.0,1430.0,4715.0,0
1747,90000.0,1,42,2,1,1,0,0,-2,0,1,68161.0,63904.0,55083.0,0.0,67974.0,63114.0,891.0,5885.0,0.0,2834.0,4248.0,299.0,1
1748,400000.0,2,40,2,1,-1,-1,0,0,0,0,8459.0,43173.0,72049.0,51876.0,25811.0,8588.0,43173.0,72049.0,16190.0,16207.0,865.0,3077.0,0
1749,160000.0,1,36,1,2,1,-1,0,-1,-1,0,59377.0,68724.0,45495.0,41808.0,59219.0,65454.0,3412.0,45495.0,2937.0,59219.0,65454.0,4863.0,1
1750,50000.0,1,26,3,2,0,-2,0,2,0,0,13934.0,0.0,7843.0,5938.0,7575.0,4960.0,0.0,2290.0,1212.0,1019.0,956.0,1659.0,0
1751,150000.0,2,34,1,1,0,-1,0,0,0,1,44303.0,66630.0,70923.0,69016.0,75066.0,65014.0,1575.0,70923.0,4900.0,6403.0,22614.0,832.0,0
1752,150000.0,2,39,2,1,0,-1,-1,-1,-1,-1,30476.0,23429.0,36286.0,26391.0,41919.0,42234.0,3656.0,36286.0,26391.0,41919.0,42234.0,42234.0,1
1753,230000.0,2,30,2,1,4,3,2,1,0,0,153023.0,204498.0,195735.0,178139.0,186067.0,201268.0,1274.0,2090.0,588.0,854.0,1901.0,2653.0,1
1754,520000.0,2,51,1,2,0,-1,-2,0,0,1,286366.0,169056.0,0.0,226153.0,298810.0,155793.0,14552.0,0.0,9225.0,28161.0,5166.0,1192.0,0
1755,50000.0,1,43,1,2,0,0,-1,-1,0,0,29099.0,30133.0,30307.0,19633.0,21455.0,27837.0,2032.0,1213.0,19633.0,21455.0,1518.0,6756.0,0
1756,40000.0,1,32,2,1,4,5,4,3,2,0,38298.0,37930.0,36930.0,37915.0,34753.0,37079.0,253.0,1245.0,187.0,91.0,308.0,5448.0,1
1757,80000.0,2,30,3,2,0,0,0,0,0,2,32740.0,30737.0,22805.0,22024.0,22023.0,31292.0,908.0,1382.0,4192.0,1076.0,6303.0,442.0,0
1758,460000.0,1,34,2,1,-1,0,0,-1,0,0,53194.0,94836.0,60062.0,70604.0,78069.0,75496.0,94836.0,18677.0,5018.0,78069.0,24430.0,35325.0,0
1759,80000.0,2,30,2,1,0,0,0,0,0,0,57803.0,43494.0,54808.0,52587.0,52586.0,58305.0,7004.0,2978.0,6104.0,3483.0,2776.0,6825.0,1
1760,240000.0,1,30,2,1,-1,-1,-1,-1,0,0,2604.0,6080.0,28289.0,-4800.0,31393.0,46262.0,6080.0,28289.0,0.0,31393.0,21701.0,30699.0,0
1761,90000.0,1,44,2,1,5,4,3,4,3,2,63718.0,70777.0,73428.0,59039.0,66552.0,60914.0,902.0,553.0,230.0,3003.0,1306.0,504.0,1
1762,100000.0,1,50,2,1,0,2,1,0,3,2,34201.0,44772.0,36156.0,50483.0,42086.0,50198.0,6387.0,243.0,434.0,1806.0,1435.0,894.0,0
1763,90000.0,1,28,2,2,-1,-1,-1,-1,0,-1,2932.0,21128.0,10458.0,16276.0,2686.0,11897.0,21128.0,10458.0,16276.0,2686.0,8544.0,11897.0,0
1764,310000.0,2,32,2,2,2,-2,0,0,0,0,89603.0,0.0,67778.0,65936.0,49960.0,56616.0,0.0,28480.0,14519.0,5577.0,8251.0,19656.0,0
1765,80000.0,1,27,2,2,-1,-1,-1,-1,0,0,26631.0,26281.0,21673.0,21221.0,19964.0,13147.0,26281.0,21673.0,21221.0,19964.0,4823.0,7423.0,0
1766,110000.0,2,26,2,1,3,2,1,0,0,0,84820.0,95959.0,94231.0,96655.0,98629.0,79860.0,1741.0,3293.0,4099.0,3458.0,28723.0,12762.0,1
1767,130000.0,2,23,2,2,0,0,0,-1,0,0,62547.0,48747.0,70436.0,60869.0,75223.0,65610.0,3235.0,17347.0,18397.0,75223.0,9383.0,3848.0,0
1768,300000.0,1,28,1,1,0,0,0,-1,0,0,101390.0,120294.0,142274.0,118452.0,117335.0,132336.0,18068.0,14049.0,19493.0,117335.0,28397.0,14683.0,0
1769,170000.0,2,30,1,1,0,0,0,0,0,-1,45079.0,49468.0,44707.0,13051.0,23889.0,45104.0,18041.0,6342.0,2528.0,12021.0,6880.0,45104.0,0
1770,210000.0,2,29,2,2,0,-1,0,-2,-1,0,36523.0,59039.0,32293.0,0.0,47536.0,51134.0,18846.0,32293.0,0.0,9866.0,51134.0,14087.0,0
1771,630000.0,1,44,1,2,0,-1,0,0,-1,0,130341.0,198943.0,220812.0,117536.0,310452.0,247741.0,74223.0,220812.0,38916.0,81263.0,247741.0,61504.0,0
1772,190000.0,2,25,2,2,0,0,0,-1,0,0,64318.0,62814.0,66257.0,61854.0,65547.0,29783.0,12011.0,23379.0,9790.0,65547.0,12409.0,3758.0,1
1773,60000.0,2,28,3,2,-1,0,-2,-1,-1,0,28985.0,34156.0,0.0,30132.0,30558.0,29784.0,34156.0,0.0,6747.0,30558.0,29784.0,9429.0,0
1774,170000.0,2,43,1,1,0,-1,0,0,0,0,18201.0,23009.0,21832.0,45532.0,39195.0,21397.0,14594.0,21832.0,17383.0,16120.0,3830.0,1522.0,0
1775,140000.0,1,32,2,2,-1,-1,0,0,1,0,27335.0,25168.0,42004.0,26985.0,24182.0,10195.0,25168.0,42004.0,4397.0,8194.0,1169.0,1445.0,0
1776,130000.0,2,28,1,1,-1,-1,-1,0,-1,-1,-2600.0,13818.0,6510.0,851.0,3773.0,1092.0,13818.0,6510.0,851.0,1905.0,1092.0,1092.0,0
1777,50000.0,2,28,2,2,-1,0,-1,0,-2,0,9944.0,7392.0,6182.0,15724.0,0.0,11515.0,7392.0,2031.0,15724.0,0.0,1825.0,1944.0,0
1778,50000.0,1,41,3,2,1,0,0,0,0,1,45086.0,41770.0,35835.0,36122.0,39039.0,43008.0,794.0,2250.0,1706.0,1357.0,1103.0,335.0,1
1779,50000.0,1,23,3,2,2,1,0,0,0,2,39192.0,32690.0,36866.0,30164.0,32891.0,31792.0,95.0,171.0,424.0,1251.0,1638.0,176.0,1
1780,30000.0,2,45,2,2,-1,2,0,0,0,-2,10948.0,7088.0,4609.0,929.0,4027.0,0.0,7088.0,232.0,191.0,1018.0,0.0,0.0,0
1781,1000000.0,2,46,2,2,-1,-1,0,0,0,-1,517815.0,593425.0,523449.0,493259.0,568953.0,516045.0,593425.0,523449.0,43402.0,332780.0,136306.0,516045.0,0
1782,230000.0,1,36,2,1,0,0,3,2,0,1,105653.0,144006.0,141586.0,169048.0,128012.0,139827.0,10799.0,3766.0,2555.0,1954.0,29692.0,1897.0,0
1783,110000.0,2,28,1,1,-1,0,-1,-1,0,-1,26224.0,10874.0,9340.0,-1965.0,7261.0,16765.0,10874.0,3448.0,0.0,7261.0,7150.0,16765.0,0
1784,120000.0,1,45,1,1,-1,1,0,-1,-2,0,66152.0,46704.0,40583.0,41471.0,0.0,69917.0,46704.0,1000.0,1931.0,0.0,13676.0,2230.0,0
1785,270000.0,2,29,2,2,-1,0,0,-1,-1,-1,11245.0,-5400.0,45742.0,11988.0,73441.0,46300.0,0.0,25814.0,6142.0,73441.0,46300.0,46300.0,0
1786,70000.0,1,43,1,2,1,0,1,0,-2,0,34766.0,41382.0,38303.0,44376.0,0.0,45090.0,1414.0,13354.0,1875.0,0.0,4517.0,1674.0,1
1787,40000.0,1,35,3,2,0,0,-1,0,0,0,25233.0,18453.0,23244.0,24283.0,22765.0,25155.0,3529.0,6102.0,24283.0,4930.0,2023.0,7560.0,0
1788,330000.0,1,28,1,2,0,0,0,-2,0,0,98466.0,45538.0,60728.0,0.0,55103.0,58620.0,3413.0,1274.0,0.0,14152.0,18949.0,19385.0,0
1789,110000.0,1,32,2,2,0,0,0,-1,0,0,23977.0,25256.0,38599.0,24840.0,26277.0,32785.0,2438.0,7178.0,2876.0,26277.0,4051.0,2319.0,0
1790,240000.0,2,44,2,1,0,0,0,1,2,1,180856.0,165869.0,161460.0,198989.0,107380.0,133857.0,1524.0,3103.0,6755.0,1436.0,1124.0,587.0,0
1791,120000.0,1,30,2,2,0,-1,-1,-1,-1,-1,9740.0,19276.0,11032.0,-2400.0,-2400.0,24860.0,4718.0,11032.0,0.0,0.0,24860.0,24860.0,0
1792,120000.0,2,34,2,2,0,0,-1,-1,0,-2,7726.0,12433.0,16101.0,-948.0,24065.0,0.0,4664.0,12969.0,0.0,24065.0,0.0,0.0,0
1793,130000.0,2,46,1,2,0,-2,0,-1,0,0,79878.0,0.0,52956.0,67551.0,77477.0,61217.0,0.0,5101.0,19477.0,77477.0,9918.0,6929.0,1
1794,130000.0,1,39,3,1,2,1,0,0,-2,0,62081.0,38286.0,35645.0,46296.0,0.0,42963.0,1043.0,574.0,2224.0,0.0,7183.0,3511.0,1
1795,150000.0,1,35,2,0,-2,-1,-1,0,0,-1,0.0,49926.0,39719.0,51265.0,30496.0,33901.0,17146.0,39719.0,51265.0,6515.0,8632.0,33901.0,0
1796,170000.0,2,48,2,2,0,0,0,0,0,-1,132615.0,133209.0,118092.0,113390.0,134047.0,108014.0,6815.0,19699.0,11400.0,1479.0,6083.0,108014.0,0
1797,100000.0,1,40,2,1,0,0,0,-1,-1,0,43683.0,60684.0,36877.0,65672.0,43757.0,61940.0,13559.0,1042.0,21747.0,43757.0,61940.0,4377.0,1
1798,290000.0,2,36,2,1,0,0,0,0,0,0,87195.0,39229.0,39451.0,46906.0,66011.0,26074.0,1181.0,10060.0,9092.0,7798.0,1734.0,7068.0,0
1799,80000.0,2,25,3,2,0,0,-2,0,1,0,22917.0,19319.0,0.0,37074.0,26265.0,28436.0,3212.0,0.0,542.0,1709.0,923.0,529.0,1
1800,210000.0,1,43,2,2,-1,-1,0,0,0,-1,52807.0,40426.0,57204.0,30924.0,71146.0,69084.0,40426.0,57204.0,4402.0,9832.0,47099.0,69084.0,0
1801,100000.0,2,53,1,1,1,0,1,0,0,0,41456.0,40888.0,52156.0,37341.0,43406.0,38900.0,1298.0,7184.0,776.0,6356.0,2721.0,7776.0,0
1802,40000.0,2,28,2,2,0,1,0,0,0,1,21581.0,28396.0,23007.0,28214.0,26955.0,24232.0,980.0,160.0,726.0,398.0,1970.0,146.0,0
1803,170000.0,2,45,3,1,0,0,-1,0,0,0,64055.0,56950.0,72606.0,76883.0,74359.0,74742.0,12568.0,7528.0,76883.0,45641.0,23384.0,27785.0,0
1804,50000.0,1,29,3,2,1,0,2,0,0,0,42260.0,27207.0,33014.0,27764.0,27343.0,34647.0,63.0,4792.0,315.0,2409.0,514.0,1848.0,0
1805,70000.0,1,32,2,1,-1,0,-2,0,1,0,-1400.0,8849.0,0.0,3289.0,14305.0,8997.0,8849.0,0.0,1414.0,6147.0,371.0,717.0,0
1806,140000.0,1,27,2,2,0,-1,-1,-1,-1,0,30642.0,3155.0,23998.0,12163.0,23836.0,35484.0,1247.0,23998.0,12163.0,23836.0,35484.0,20636.0,0
1807,340000.0,1,43,2,1,0,-1,-1,-1,-1,0,57510.0,78124.0,105997.0,62896.0,99409.0,98424.0,12275.0,105997.0,62896.0,99409.0,98424.0,17611.0,0
1808,100000.0,1,34,2,1,2,0,0,-1,0,0,18754.0,19564.0,23979.0,24908.0,21850.0,12541.0,1878.0,9196.0,2744.0,21850.0,219.0,1005.0,0
1809,80000.0,2,44,3,1,1,0,-2,1,2,0,34910.0,40259.0,0.0,26456.0,34401.0,25632.0,738.0,0.0,770.0,109.0,545.0,213.0,1
1810,110000.0,2,26,3,2,0,0,-1,-1,0,-1,35108.0,19461.0,8914.0,16768.0,12984.0,7506.0,1520.0,513.0,16768.0,12984.0,878.0,7506.0,0
1811,180000.0,1,37,2,1,0,0,0,-2,0,0,87351.0,93357.0,99679.0,0.0,64748.0,80018.0,40772.0,29895.0,0.0,14334.0,9604.0,11387.0,1
1812,100000.0,2,36,3,2,-1,0,-2,0,0,-2,55409.0,58919.0,0.0,65612.0,52260.0,0.0,58919.0,0.0,3887.0,7038.0,0.0,0.0,0
1813,40000.0,2,38,2,1,2,1,2,0,0,0,20066.0,19115.0,27001.0,24249.0,27599.0,21081.0,739.0,683.0,762.0,541.0,2484.0,153.0,1
1814,140000.0,1,24,3,2,0,-1,-1,-1,0,0,12480.0,28352.0,23482.0,26399.0,22691.0,21218.0,2726.0,23482.0,26399.0,22691.0,2575.0,1234.0,0
1815,70000.0,1,33,2,2,-1,-2,0,0,-1,0,17179.0,0.0,12661.0,6367.0,12299.0,5676.0,0.0,613.0,1004.0,784.0,5676.0,851.0,0
1816,860000.0,2,46,1,1,0,-1,0,-1,-1,0,187144.0,216001.0,61989.0,255406.0,254896.0,153875.0,31081.0,61989.0,57441.0,254896.0,153875.0,81004.0,0
1817,70000.0,1,33,2,2,0,0,0,0,0,0,41446.0,34960.0,26618.0,25446.0,41351.0,39609.0,3001.0,2146.0,5791.0,1914.0,2111.0,9152.0,0
1818,140000.0,2,34,2,1,0,-2,0,0,2,0,105635.0,0.0,99223.0,98062.0,113218.0,84108.0,0.0,18118.0,4824.0,1160.0,1720.0,908.0,1
1819,150000.0,2,52,2,1,-1,-2,0,-1,-1,-1,20361.0,0.0,10150.0,28052.0,47214.0,-3000.0,0.0,6577.0,12076.0,47214.0,0.0,0.0,0
1820,190000.0,1,29,1,2,1,2,1,-1,-1,0,74889.0,90419.0,93064.0,103128.0,94168.0,58499.0,2811.0,9597.0,6704.0,94168.0,58499.0,26238.0,0
1821,650000.0,2,28,2,1,0,-1,-1,0,0,0,283273.0,330327.0,125967.0,336671.0,270358.0,251897.0,105041.0,125967.0,336671.0,182056.0,95466.0,35305.0,0
1822,100000.0,1,34,2,2,0,0,-1,0,0,0,63548.0,57348.0,54239.0,63276.0,51696.0,57758.0,5587.0,9607.0,63276.0,4485.0,3219.0,2958.0,0
1823,330000.0,2,27,1,2,-1,0,-1,-1,0,0,18453.0,58693.0,59411.0,35719.0,21840.0,-6600.0,58693.0,20025.0,35719.0,21840.0,0.0,0.0,0
1824,200000.0,2,44,1,2,0,-2,0,-1,0,0,107180.0,0.0,99782.0,131269.0,119602.0,139784.0,0.0,30336.0,23408.0,119602.0,4644.0,8139.0,0
1825,80000.0,2,44,3,1,0,-2,-1,0,-2,0,14648.0,0.0,299.0,6310.0,0.0,18910.0,0.0,169.0,6310.0,0.0,9443.0,3767.0,0
1826,140000.0,2,28,3,2,-1,0,0,3,2,0,75431.0,91494.0,79918.0,79065.0,94296.0,71800.0,91494.0,3346.0,10372.0,812.0,1482.0,7219.0,0
1827,120000.0,2,41,3,2,4,3,2,0,0,1,100878.0,90769.0,88416.0,88595.0,95649.0,115618.0,246.0,500.0,896.0,2485.0,2460.0,1007.0,1
1828,100000.0,2,28,2,1,4,3,2,0,0,0,30283.0,10719.0,30941.0,29794.0,24498.0,26081.0,843.0,1933.0,3378.0,1505.0,2001.0,3154.0,0
1829,70000.0,1,44,2,2,7,6,5,4,3,2,55410.0,65669.0,63943.0,55303.0,49482.0,74321.0,261.0,517.0,664.0,333.0,1277.0,265.0,1
1830,170000.0,2,38,2,1,2,0,0,0,2,0,107529.0,117778.0,118159.0,99268.0,104818.0,88900.0,1268.0,3584.0,7586.0,1776.0,607.0,1247.0,0
1831,1000000.0,1,36,2,1,0,0,0,-2,-1,0,308256.0,206586.0,129883.0,0.0,171572.0,149572.0,109551.0,44265.0,0.0,36174.0,149572.0,90310.0,0
1832,100000.0,1,25,2,2,0,0,-1,0,0,0,42157.0,47787.0,47605.0,46860.0,53999.0,43859.0,4673.0,3377.0,46860.0,3683.0,6674.0,6354.0,1
1833,260000.0,2,31,1,2,0,0,0,0,0,-1,82768.0,85241.0,90537.0,105872.0,73867.0,72443.0,18507.0,8590.0,25280.0,6746.0,47228.0,72443.0,1
1834,110000.0,2,28,1,1,1,0,0,0,0,0,66201.0,77344.0,77778.0,80662.0,77346.0,73825.0,1605.0,2287.0,4294.0,10924.0,2195.0,5094.0,1
1835,1000000.0,2,26,2,2,0,-1,-1,-1,0,-1,249362.0,269166.0,137177.0,213973.0,214077.0,173002.0,95723.0,137177.0,213973.0,214077.0,83368.0,173002.0,0
1836,50000.0,1,38,2,1,2,0,1,0,0,0,31288.0,26855.0,31084.0,27320.0,35550.0,24919.0,250.0,2579.0,585.0,3478.0,2815.0,2261.0,0
1837,90000.0,2,45,6,2,0,0,-2,0,-1,0,13403.0,16699.0,0.0,13693.0,7845.0,-1000.0,8903.0,0.0,6335.0,304.0,0.0,0.0,0
1838,30000.0,1,30,2,2,3,2,1,0,2,0,13111.0,18235.0,15954.0,15455.0,21036.0,12402.0,394.0,83.0,329.0,608.0,286.0,383.0,0
1839,190000.0,1,29,2,2,0,1,0,0,0,0,44092.0,42238.0,43267.0,46458.0,40046.0,24884.0,8802.0,671.0,10429.0,3251.0,1821.0,13153.0,0
1840,200000.0,2,38,1,1,-1,-1,-1,0,-1,0,19685.0,-4000.0,2238.0,18409.0,39898.0,889.0,0.0,2238.0,18409.0,34457.0,889.0,353.0,0
1841,250000.0,2,40,1,2,0,0,-2,-1,0,0,52522.0,39111.0,0.0,18901.0,2186.0,11619.0,6758.0,0.0,6210.0,2186.0,4617.0,1719.0,1
1842,200000.0,2,47,1,1,4,3,2,1,2,0,132155.0,125669.0,130711.0,129566.0,119746.0,132386.0,1386.0,8859.0,5135.0,4781.0,2263.0,11090.0,1
1843,430000.0,1,47,2,2,0,2,1,0,0,0,49026.0,44701.0,66463.0,18228.0,25848.0,38153.0,8685.0,10631.0,1169.0,3159.0,3610.0,5884.0,0
1844,220000.0,2,26,3,2,-1,0,2,0,2,-2,96034.0,90821.0,90316.0,109759.0,81883.0,0.0,90821.0,5597.0,4515.0,6861.0,0.0,0.0,0
1845,410000.0,2,38,1,2,0,2,1,0,0,0,320854.0,302127.0,293017.0,303043.0,301557.0,326111.0,2492.0,4982.0,4486.0,4543.0,9322.0,24913.0,1
1846,30000.0,1,32,1,1,0,0,-1,0,0,0,4564.0,11530.0,3737.0,7555.0,8415.0,9456.0,2544.0,1601.0,7555.0,2501.0,2411.0,2828.0,0
1847,70000.0,2,39,2,2,0,0,0,0,0,0,21927.0,27141.0,24198.0,12723.0,18430.0,31976.0,2052.0,7805.0,2360.0,3782.0,1997.0,2158.0,0
1848,180000.0,2,30,1,2,-1,0,-1,0,0,0,37709.0,57559.0,49881.0,62708.0,62579.0,74865.0,57559.0,15424.0,62708.0,39144.0,21398.0,6636.0,0
1849,400000.0,2,51,1,1,1,0,-1,0,-1,-1,148883.0,65493.0,94161.0,145877.0,171721.0,118095.0,4407.0,14829.0,145877.0,14394.0,118095.0,118095.0,0
1850,10000.0,2,32,3,1,0,0,0,0,0,0,4156.0,4706.0,6229.0,4225.0,5986.0,6569.0,70.0,458.0,337.0,476.0,234.0,532.0,0
1851,560000.0,1,39,1,1,0,0,-1,0,1,0,110335.0,153720.0,119190.0,87369.0,139653.0,80527.0,26323.0,24278.0,87369.0,78555.0,3363.0,21145.0,0
1852,170000.0,2,40,2,1,0,0,-2,-1,1,-1,32494.0,9725.0,0.0,7150.0,23194.0,26744.0,4522.0,0.0,3515.0,23194.0,1418.0,26744.0,0
1853,350000.0,2,27,2,2,0,0,-1,-1,0,-1,54337.0,28939.0,113273.0,56484.0,-7000.0,89508.0,5147.0,15000.0,56484.0,0.0,10818.0,89508.0,0
1854,50000.0,1,31,2,0,2,1,0,0,2,0,44553.0,44222.0,47787.0,45118.0,43865.0,44966.0,134.0,1165.0,411.0,2112.0,353.0,2822.0,1
1855,50000.0,2,30,3,1,6,5,4,3,2,-2,49790.0,44516.0,46385.0,48095.0,44839.0,0.0,107.0,341.0,297.0,29.0,0.0,0.0,0
1856,50000.0,2,28,2,2,-1,0,2,-1,0,0,21466.0,17864.0,26404.0,26097.0,31297.0,14529.0,17864.0,3049.0,342.0,31297.0,6658.0,1849.0,0
1857,130000.0,2,48,1,1,0,0,2,0,-1,2,22960.0,35688.0,21954.0,18736.0,21490.0,36223.0,4549.0,6323.0,750.0,2167.0,36223.0,832.0,0
1858,100000.0,1,33,1,2,0,-1,-1,-1,-2,-1,39304.0,27551.0,44249.0,35752.0,0.0,30935.0,13126.0,44249.0,35752.0,0.0,23680.0,30935.0,1
1859,30000.0,2,28,2,1,2,0,0,-1,0,0,10159.0,5382.0,11585.0,4381.0,9288.0,10131.0,82.0,682.0,153.0,9288.0,1109.0,2717.0,1
1860,310000.0,2,35,2,1,0,0,0,0,0,0,227787.0,227436.0,236153.0,249156.0,191792.0,193616.0,9981.0,18193.0,38638.0,40710.0,66168.0,29160.0,0
1861,250000.0,1,34,1,2,0,0,-1,0,0,1,90632.0,92648.0,47161.0,68927.0,46034.0,62053.0,8370.0,4258.0,68927.0,1470.0,7024.0,2799.0,0
1862,90000.0,2,30,1,2,-1,0,0,0,0,1,36450.0,61215.0,60713.0,53072.0,69555.0,57332.0,61215.0,18304.0,23839.0,10619.0,4142.0,2128.0,0
1863,30000.0,2,38,2,2,2,1,2,1,2,1,27225.0,25897.0,25272.0,24168.0,30381.0,29365.0,146.0,221.0,348.0,86.0,92.0,45.0,1
1864,380000.0,1,31,1,2,0,4,3,2,1,-1,310655.0,321653.0,339305.0,368078.0,296783.0,335810.0,1615.0,1477.0,748.0,2689.0,1022.0,335810.0,1
1865,20000.0,2,27,2,1,1,0,0,0,0,0,10669.0,14128.0,9680.0,15109.0,11472.0,13137.0,228.0,236.0,1969.0,3816.0,1313.0,573.0,1
1866,60000.0,2,36,2,3,-2,-1,-1,-1,-1,1,0.0,14750.0,18695.0,12758.0,14330.0,15871.0,2691.0,18695.0,12758.0,14330.0,15871.0,352.0,0
1867,50000.0,2,31,2,2,1,0,0,0,0,-1,23767.0,33945.0,32850.0,28753.0,34673.0,36074.0,627.0,1156.0,1522.0,3116.0,2841.0,36074.0,0
1868,70000.0,2,37,2,2,0,1,0,0,0,-1,40651.0,39950.0,46812.0,37744.0,49148.0,40299.0,4689.0,646.0,21352.0,1606.0,2701.0,40299.0,0
1869,120000.0,2,30,3,1,-1,0,0,-1,0,-1,30301.0,33439.0,42889.0,51916.0,46217.0,30039.0,33439.0,9434.0,7118.0,46217.0,6154.0,30039.0,0
1870,270000.0,1,51,2,2,0,0,0,-1,-1,0,159808.0,174777.0,150357.0,148261.0,165328.0,169038.0,16896.0,23848.0,11286.0,165328.0,169038.0,27364.0,0
1871,210000.0,2,31,1,2,0,0,0,-1,0,0,188943.0,149533.0,174259.0,193161.0,190938.0,173696.0,997.0,2822.0,17243.0,190938.0,12736.0,1709.0,1
1872,40000.0,2,31,3,2,0,0,0,0,0,0,20229.0,12156.0,15822.0,15164.0,14176.0,14607.0,892.0,717.0,3649.0,793.0,419.0,837.0,0
1873,310000.0,2,37,2,1,0,-1,0,-1,-2,0,105233.0,118825.0,74012.0,161067.0,0.0,96319.0,23388.0,74012.0,16460.0,0.0,25223.0,41368.0,0
1874,220000.0,1,39,3,1,0,0,0,1,2,0,133092.0,110677.0,117641.0,113526.0,127685.0,121546.0,8568.0,24266.0,2339.0,632.0,5035.0,7741.0,1
1875,360000.0,2,50,1,1,0,0,-1,-1,-2,-1,100408.0,76474.0,118816.0,69910.0,0.0,117109.0,21677.0,17483.0,69910.0,0.0,32837.0,117109.0,0
1876,520000.0,2,41,3,1,0,1,0,0,1,0,525119.0,496185.0,399638.0,412106.0,381819.0,445224.0,27171.0,2467.0,13262.0,14068.0,6599.0,16448.0,1
1877,50000.0,1,27,2,2,2,1,2,0,-1,0,15426.0,12426.0,15429.0,14388.0,8108.0,18800.0,146.0,164.0,1111.0,791.0,18800.0,4814.0,0
1878,70000.0,2,39,2,1,-1,-1,0,-1,-1,-1,3555.0,4747.0,7701.0,12649.0,2525.0,6808.0,4747.0,7701.0,3543.0,2525.0,6808.0,6808.0,0
1879,100000.0,1,38,1,1,0,-1,0,-1,0,0,6317.0,12068.0,13035.0,2199.0,13700.0,16748.0,4750.0,13035.0,446.0,13700.0,7017.0,5074.0,0
1880,100000.0,1,27,1,1,-1,0,0,0,2,0,59575.0,68941.0,75058.0,65477.0,75895.0,75940.0,68941.0,18407.0,8615.0,13708.0,112.0,2727.0,1
1881,250000.0,1,28,1,2,4,3,2,1,2,1,202244.0,198694.0,208278.0,167201.0,204058.0,211673.0,1305.0,679.0,2320.0,1440.0,940.0,1053.0,1
1882,200000.0,1,35,1,1,0,-2,0,1,0,0,51138.0,0.0,41859.0,47183.0,12508.0,10948.0,0.0,5650.0,12355.0,1049.0,1624.0,1839.0,0
1883,130000.0,1,34,1,2,-1,1,-2,2,0,0,25734.0,26270.0,0.0,30633.0,44143.0,31474.0,26270.0,0.0,924.0,1740.0,9879.0,7464.0,0
1884,340000.0,2,53,2,1,0,4,3,4,3,2,322946.0,299377.0,271677.0,280533.0,249199.0,293876.0,5241.0,2021.0,1081.0,3931.0,4660.0,5137.0,0
1885,110000.0,2,30,2,2,0,-1,-1,-1,0,-1,2953.0,17320.0,19767.0,11603.0,14315.0,25386.0,1092.0,19767.0,11603.0,14315.0,7275.0,25386.0,0
1886,110000.0,2,31,1,1,-1,5,4,3,2,-2,87445.0,83440.0,81218.0,72739.0,81501.0,0.0,83440.0,462.0,416.0,237.0,0.0,0.0,0
1887,120000.0,1,44,1,1,-2,0,-1,0,-1,-1,0.0,23763.0,15679.0,22946.0,23125.0,51544.0,5216.0,1670.0,22946.0,10391.0,51544.0,51544.0,0
1888,70000.0,1,32,1,2,0,-1,-1,-2,0,-1,14270.0,10567.0,13895.0,0.0,9394.0,13723.0,2973.0,13895.0,0.0,4138.0,10472.0,13723.0,0
1889,140000.0,2,33,1,2,-1,-1,-1,-1,-1,0,24523.0,26737.0,35368.0,56808.0,41038.0,24227.0,26737.0,35368.0,56808.0,41038.0,24227.0,12722.0,0
1890,80000.0,2,26,1,2,1,0,-2,0,0,0,55447.0,66396.0,0.0,67983.0,56385.0,64667.0,1199.0,0.0,2596.0,2328.0,2534.0,4136.0,0
1891,100000.0,2,23,2,2,0,2,-2,0,0,0,16972.0,8375.0,0.0,22513.0,16012.0,19599.0,616.0,0.0,1399.0,1520.0,2954.0,1661.0,0
1892,220000.0,2,35,1,2,0,0,-2,-1,-1,0,84010.0,109061.0,0.0,135158.0,128309.0,120932.0,28391.0,0.0,12397.0,128309.0,120932.0,62556.0,0
1893,120000.0,2,35,3,1,0,0,0,0,0,0,50908.0,49506.0,36406.0,47501.0,32454.0,39985.0,9986.0,4769.0,3413.0,5084.0,6636.0,4201.0,0
1894,90000.0,2,37,5,1,0,0,-1,0,-2,-2,34748.0,34926.0,34972.0,30611.0,0.0,0.0,7304.0,1723.0,30611.0,0.0,0.0,0.0,0
1895,460000.0,1,35,2,1,5,4,3,2,0,0,317241.0,252114.0,277844.0,289408.0,259957.0,301383.0,3495.0,4369.0,8131.0,2154.0,12666.0,11143.0,0
1896,70000.0,2,32,1,2,0,0,0,0,0,2,23387.0,38931.0,33310.0,29066.0,29018.0,21128.0,5998.0,5352.0,10625.0,5273.0,6336.0,774.0,1
1897,260000.0,2,27,1,2,-1,0,0,0,0,0,75307.0,81583.0,106573.0,85304.0,105381.0,92967.0,81583.0,5988.0,13021.0,3873.0,7597.0,14528.0,0
1898,140000.0,1,48,2,2,-2,0,-2,-1,0,0,0.0,41308.0,0.0,33569.0,43347.0,33747.0,8866.0,0.0,4260.0,43347.0,19028.0,5942.0,0
1899,140000.0,2,58,3,0,0,0,0,-2,0,-1,44025.0,21110.0,62467.0,0.0,39140.0,30632.0,2559.0,30182.0,0.0,3880.0,3225.0,30632.0,0
1900,70000.0,2,31,5,2,-1,-1,-2,0,-1,0,16398.0,12882.0,0.0,13342.0,14163.0,8512.0,12882.0,0.0,1934.0,2550.0,8512.0,1478.0,0
1901,70000.0,1,34,2,2,4,5,4,3,2,0,19943.0,16842.0,5931.0,15599.0,23049.0,12816.0,453.0,156.0,411.0,722.0,76.0,374.0,1
1902,140000.0,2,36,3,1,0,-1,-1,-1,0,-1,16795.0,28783.0,25028.0,25481.0,36249.0,32890.0,8957.0,25028.0,25481.0,36249.0,7462.0,32890.0,0
1903,50000.0,2,39,1,2,0,2,1,0,0,0,33954.0,26553.0,29457.0,28995.0,27247.0,31404.0,1009.0,309.0,617.0,511.0,3577.0,4565.0,0
1904,160000.0,2,49,2,1,0,3,2,1,0,1,104152.0,117841.0,99675.0,56959.0,75486.0,102485.0,7675.0,2404.0,1775.0,1951.0,14903.0,2809.0,0
1905,40000.0,2,37,2,2,0,0,5,4,3,2,21049.0,23676.0,25429.0,23241.0,21477.0,25763.0,574.0,1209.0,189.0,484.0,569.0,721.0,0
1906,40000.0,1,30,1,1,3,2,0,0,0,0,38863.0,30461.0,28618.0,33016.0,29573.0,32658.0,786.0,543.0,1341.0,1263.0,631.0,607.0,1
1907,140000.0,2,42,2,1,1,0,0,0,-2,0,107008.0,125782.0,115152.0,110686.0,0.0,108810.0,101.0,8442.0,612.0,0.0,1558.0,5079.0,0
1908,90000.0,2,44,2,1,-1,0,0,0,0,-1,15583.0,30738.0,28964.0,12920.0,31874.0,27371.0,30738.0,1343.0,6795.0,7534.0,9808.0,27371.0,0
1909,380000.0,2,43,3,1,0,-1,0,-1,-1,0,68602.0,22853.0,-7600.0,62340.0,80137.0,90976.0,4652.0,0.0,20396.0,80137.0,90976.0,21187.0,1
1910,40000.0,2,25,1,2,-1,0,0,0,0,0,9637.0,12906.0,9816.0,12383.0,14606.0,10754.0,12906.0,1706.0,420.0,2288.0,1488.0,489.0,0
1911,180000.0,2,33,1,1,0,0,0,1,2,1,33761.0,30482.0,25336.0,24272.0,25702.0,47937.0,1940.0,3303.0,2514.0,395.0,2435.0,2321.0,0
1912,190000.0,1,40,1,1,0,0,0,-1,0,0,77278.0,57380.0,65513.0,49303.0,72634.0,93654.0,18777.0,35165.0,4260.0,72634.0,18327.0,21156.0,0
1913,240000.0,2,55,1,1,0,-1,0,-1,-2,0,65921.0,32726.0,43247.0,75601.0,0.0,68209.0,3979.0,43247.0,13144.0,0.0,1306.0,12519.0,0
1914,120000.0,2,32,1,2,0,-1,0,0,0,-2,86794.0,77801.0,82645.0,68888.0,65964.0,0.0,4270.0,82645.0,708.0,1184.0,0.0,0.0,0
1915,30000.0,2,27,2,2,-2,-1,0,2,0,1,0.0,12121.0,18162.0,11602.0,11808.0,17772.0,404.0,18162.0,2738.0,716.0,3775.0,586.0,0
1916,160000.0,2,41,3,1,-2,-2,0,0,0,-1,0.0,0.0,62845.0,37353.0,37163.0,47451.0,0.0,19123.0,10316.0,11771.0,3193.0,47451.0,0
1917,270000.0,2,30,1,2,3,2,0,0,0,-2,202457.0,192899.0,203061.0,224055.0,215858.0,0.0,4356.0,6173.0,10240.0,20499.0,0.0,0.0,1
1918,160000.0,2,34,2,1,0,-1,-1,-1,0,0,48705.0,73569.0,38565.0,41200.0,54981.0,57301.0,5232.0,38565.0,41200.0,54981.0,5505.0,20168.0,0
1919,200000.0,1,32,1,1,0,0,-2,0,-1,2,94066.0,130818.0,0.0,67196.0,110444.0,97828.0,16797.0,0.0,3543.0,6629.0,97828.0,1356.0,0
1920,430000.0,2,41,1,2,-1,0,1,0,0,-2,211105.0,184009.0,205326.0,170715.0,133029.0,0.0,184009.0,29184.0,4114.0,7829.0,0.0,0.0,0
1921,370000.0,2,42,1,1,-2,-2,0,0,0,-1,0.0,0.0,141679.0,168372.0,154747.0,178355.0,0.0,12470.0,24409.0,38132.0,72215.0,178355.0,0
1922,190000.0,2,33,2,2,-1,-1,0,-1,-1,0,33360.0,31038.0,47512.0,62422.0,42396.0,33734.0,31038.0,47512.0,21754.0,42396.0,33734.0,9804.0,0
1923,100000.0,1,25,1,2,-1,-1,0,-1,-1,0,8072.0,26281.0,20654.0,13973.0,19897.0,17352.0,26281.0,20654.0,4975.0,19897.0,17352.0,9859.0,0
1924,320000.0,2,29,1,1,-1,-1,-1,-1,1,-1,53174.0,21511.0,33353.0,24103.0,40940.0,79064.0,21511.0,33353.0,24103.0,40940.0,14035.0,79064.0,0
1925,60000.0,2,31,2,1,0,0,0,0,0,-1,16332.0,10688.0,18738.0,14210.0,7714.0,16747.0,3351.0,4173.0,1466.0,1090.0,5066.0,16747.0,0
1926,220000.0,1,33,1,1,1,0,0,0,0,0,107298.0,98692.0,104942.0,105423.0,97188.0,104842.0,3797.0,4854.0,17353.0,3771.0,6278.0,6082.0,0
1927,40000.0,1,24,3,3,-1,0,0,2,1,2,23659.0,23660.0,24279.0,26265.0,20539.0,25745.0,23660.0,7500.0,1206.0,1731.0,403.0,376.0,0
1928,160000.0,2,39,1,3,1,0,-1,0,0,-2,43722.0,88463.0,103451.0,63667.0,62319.0,0.0,4918.0,13965.0,63667.0,7112.0,0.0,0.0,0
1929,230000.0,2,43,2,1,-1,0,0,0,0,-1,20242.0,22359.0,35147.0,25497.0,9098.0,48413.0,22359.0,2208.0,15798.0,3087.0,26479.0,48413.0,0
1930,90000.0,1,29,5,2,2,-2,0,0,-1,0,36414.0,0.0,16804.0,30134.0,28945.0,30401.0,0.0,7840.0,15358.0,2883.0,30401.0,6751.0,0
1931,330000.0,2,33,1,2,0,0,0,0,-2,0,115979.0,80390.0,140946.0,130642.0,0.0,91166.0,6076.0,20814.0,24025.0,0.0,3868.0,8025.0,0
1932,120000.0,1,30,1,2,-1,3,2,0,-1,1,75283.0,53319.0,46810.0,45626.0,46178.0,50840.0,53319.0,874.0,708.0,2562.0,50840.0,541.0,0
1933,400000.0,1,38,2,1,0,-2,0,-1,0,0,210104.0,0.0,196459.0,268233.0,220904.0,150211.0,0.0,34926.0,29674.0,220904.0,36550.0,29905.0,1
1934,110000.0,2,36,2,2,2,1,0,2,1,0,58531.0,74255.0,79172.0,80817.0,89142.0,72943.0,229.0,1623.0,2365.0,525.0,1707.0,1833.0,1
1935,780000.0,2,38,2,1,-1,0,0,0,0,-2,201115.0,146798.0,74494.0,89160.0,149612.0,0.0,146798.0,42038.0,17802.0,23402.0,0.0,0.0,0
1936,300000.0,2,41,1,1,-1,0,0,-1,0,1,81319.0,78600.0,73495.0,61181.0,81812.0,54905.0,78600.0,9245.0,10442.0,81812.0,20743.0,2986.0,0
1937,110000.0,2,33,2,1,-2,0,0,0,-1,-1,0.0,23092.0,49983.0,19329.0,35480.0,30252.0,5780.0,8724.0,7751.0,4290.0,30252.0,30252.0,0
1938,50000.0,1,32,2,1,-2,0,-2,1,-1,0,0.0,11679.0,0.0,6500.0,19542.0,7344.0,2109.0,0.0,2025.0,1046.0,7344.0,2400.0,0
1939,130000.0,2,37,1,2,-1,1,0,0,0,0,95254.0,79592.0,90107.0,101027.0,90184.0,85727.0,79592.0,9750.0,28010.0,7100.0,2114.0,5618.0,0
1940,510000.0,2,40,2,2,0,-1,-1,-2,-1,-1,-156.0,144682.0,113557.0,0.0,170631.0,134062.0,20991.0,113557.0,0.0,81166.0,134062.0,134062.0,0
1941,40000.0,1,45,3,1,0,1,0,0,0,0,28765.0,21409.0,22655.0,27930.0,28610.0,24508.0,1713.0,129.0,5180.0,618.0,546.0,804.0,0
1942,40000.0,2,29,2,1,0,-1,0,0,-1,-1,10926.0,3363.0,2164.0,4951.0,2348.0,2426.0,1446.0,2164.0,1803.0,1143.0,2426.0,2426.0,0
1943,170000.0,2,46,2,2,-1,-1,0,-1,0,-2,21837.0,36831.0,29999.0,30192.0,17637.0,0.0,36831.0,29999.0,13852.0,17637.0,0.0,0.0,0
1944,280000.0,2,31,2,1,0,-1,2,0,0,0,62952.0,67809.0,79491.0,80133.0,40930.0,54440.0,15059.0,79491.0,6983.0,4374.0,10165.0,9451.0,1
1945,90000.0,2,33,2,1,1,2,3,2,1,0,41042.0,54789.0,52129.0,39421.0,32853.0,35169.0,1154.0,2656.0,298.0,948.0,2862.0,6005.0,0
1946,100000.0,1,39,1,2,0,-1,1,-1,0,0,21213.0,32063.0,16463.0,47674.0,23484.0,36526.0,1858.0,16463.0,2786.0,23484.0,13486.0,10902.0,0
1947,90000.0,1,49,3,1,-1,-1,-1,0,0,-1,23877.0,18819.0,29490.0,16627.0,34556.0,42327.0,18819.0,29490.0,16627.0,16346.0,31399.0,42327.0,0
1948,140000.0,2,29,1,2,0,3,2,1,0,1,108317.0,104274.0,81400.0,93007.0,77843.0,92631.0,15929.0,2258.0,3740.0,195.0,2854.0,1230.0,0
1949,250000.0,1,31,2,2,0,0,0,0,0,0,169773.0,130828.0,165847.0,153219.0,134540.0,148177.0,2546.0,47997.0,9882.0,1033.0,25022.0,39663.0,0
1950,440000.0,2,33,2,1,0,-1,-1,-1,-1,-1,64331.0,85256.0,125733.0,34269.0,65937.0,26901.0,10735.0,125733.0,34269.0,65937.0,26901.0,26901.0,0
1951,110000.0,2,38,2,1,1,0,0,-1,3,2,56858.0,59622.0,58946.0,44440.0,52922.0,56346.0,790.0,3529.0,4085.0,52922.0,836.0,2476.0,0
1952,70000.0,1,37,2,1,0,0,0,1,0,0,18419.0,19793.0,25466.0,34081.0,21626.0,30461.0,10435.0,7133.0,1382.0,1480.0,4466.0,2267.0,0
1953,40000.0,2,36,3,2,0,0,0,0,-1,0,19799.0,21252.0,13652.0,19214.0,14530.0,19672.0,747.0,462.0,1035.0,1920.0,19672.0,3695.0,0
1954,30000.0,2,28,2,2,0,0,0,-2,-1,0,10107.0,15461.0,11046.0,0.0,13378.0,10954.0,5217.0,4104.0,0.0,977.0,10954.0,2741.0,0
1955,150000.0,1,30,1,1,0,-1,-1,0,0,0,30942.0,23131.0,50854.0,25073.0,57656.0,32715.0,4689.0,50854.0,25073.0,24703.0,3207.0,4958.0,0
1956,40000.0,1,34,2,2,0,-1,0,0,-1,0,10472.0,7574.0,3810.0,9181.0,13075.0,9886.0,2241.0,3810.0,5246.0,5361.0,9886.0,816.0,0
1957,180000.0,2,52,3,1,3,2,0,0,-2,0,31444.0,25998.0,34433.0,35920.0,0.0,42993.0,495.0,1130.0,3827.0,0.0,4954.0,10130.0,0
1958,100000.0,2,30,2,2,0,-2,1,2,0,0,67299.0,0.0,62993.0,46653.0,40923.0,43741.0,0.0,2161.0,1010.0,684.0,1791.0,11143.0,0
1959,70000.0,2,51,3,1,-1,0,0,0,0,-1,31510.0,29860.0,42802.0,34276.0,34784.0,35142.0,29860.0,8387.0,11100.0,5846.0,830.0,35142.0,0
1960,330000.0,2,34,2,2,0,0,0,0,2,1,192799.0,124974.0,156296.0,159585.0,148346.0,156943.0,29325.0,16127.0,3730.0,35150.0,4239.0,13567.0,0
1961,30000.0,1,45,3,1,0,0,0,0,2,0,16838.0,14415.0,13793.0,17226.0,16613.0,13920.0,1356.0,1620.0,2153.0,1331.0,115.0,918.0,1
1962,330000.0,2,37,1,1,0,0,0,0,2,0,254265.0,254275.0,288816.0,256885.0,269996.0,250952.0,10145.0,3009.0,34242.0,9971.0,3750.0,5856.0,1
1963,140000.0,1,66,3,2,4,3,2,1,-2,2,85989.0,65213.0,68955.0,86356.0,0.0,62558.0,1874.0,1141.0,397.0,0.0,1979.0,259.0,1
1964,140000.0,2,31,2,2,0,0,-2,0,0,0,72973.0,67132.0,0.0,61181.0,55688.0,59710.0,7159.0,0.0,5887.0,19036.0,11966.0,2658.0,1
1965,80000.0,1,25,3,2,0,0,0,-2,0,0,34448.0,20919.0,29092.0,0.0,40668.0,27675.0,1490.0,3441.0,0.0,9916.0,1466.0,4316.0,0
1966,80000.0,1,37,1,1,-1,2,-1,2,0,0,47323.0,50496.0,56111.0,45845.0,39003.0,47276.0,50496.0,4105.0,45845.0,4614.0,2677.0,3068.0,0
1967,190000.0,1,37,2,2,0,-1,0,-1,0,-1,76631.0,56786.0,95773.0,78137.0,74856.0,69520.0,9534.0,95773.0,20094.0,74856.0,11332.0,69520.0,0
1968,220000.0,1,40,3,1,0,-2,0,0,-1,-2,57666.0,0.0,2207.0,19051.0,34862.0,0.0,0.0,692.0,2950.0,24571.0,0.0,0.0,0
1969,30000.0,2,38,2,2,3,2,-2,0,2,1,22530.0,22181.0,0.0,23462.0,19050.0,22713.0,112.0,0.0,221.0,151.0,102.0,138.0,1
1970,220000.0,2,51,1,1,-1,-1,-1,0,-1,0,52326.0,65299.0,18232.0,47847.0,27741.0,33468.0,65299.0,18232.0,47847.0,16621.0,33468.0,16408.0,0
1971,160000.0,2,39,1,2,1,0,-1,0,-1,0,78232.0,107949.0,68920.0,110324.0,102402.0,97718.0,791.0,2098.0,110324.0,4983.0,97718.0,16105.0,0
1972,70000.0,2,32,3,2,0,4,3,4,3,2,43810.0,33891.0,35301.0,45077.0,41242.0,42315.0,1615.0,113.0,409.0,604.0,327.0,326.0,1
1973,160000.0,2,36,2,2,0,0,0,0,0,-2,91588.0,76660.0,69045.0,100606.0,77282.0,0.0,10544.0,1767.0,41987.0,10309.0,0.0,0.0,0
1974,140000.0,2,33,1,1,-1,1,-2,-1,-2,0,21873.0,18697.0,0.0,26973.0,0.0,24501.0,18697.0,0.0,12081.0,0.0,10563.0,16871.0,0
1975,120000.0,2,33,1,1,0,0,0,0,0,0,17374.0,49923.0,26908.0,40657.0,45020.0,47544.0,7829.0,4612.0,2713.0,17419.0,3489.0,19718.0,0
1976,260000.0,2,31,2,2,5,4,5,4,3,2,174794.0,163072.0,232043.0,178276.0,179813.0,214905.0,3374.0,1607.0,9293.0,600.0,2665.0,1272.0,0
1977,110000.0,2,53,1,2,-1,-1,0,0,-1,0,15797.0,6549.0,8777.0,15710.0,3517.0,11407.0,6549.0,8777.0,6771.0,661.0,11407.0,3307.0,0
1978,90000.0,1,33,2,1,0,0,0,0,0,0,28593.0,33168.0,39762.0,36989.0,42576.0,34572.0,6903.0,18418.0,9403.0,11450.0,4986.0,2045.0,0
1979,90000.0,2,38,2,2,0,0,0,0,0,-1,28904.0,46128.0,13579.0,28350.0,34439.0,33469.0,6441.0,681.0,5288.0,10320.0,20393.0,33469.0,0
1980,110000.0,2,45,1,1,0,-1,0,0,0,0,64178.0,61409.0,47428.0,22578.0,53557.0,62194.0,7050.0,47428.0,3904.0,3057.0,8938.0,3323.0,0
1981,130000.0,2,44,1,1,1,0,2,0,0,1,85948.0,104209.0,118644.0,84774.0,107630.0,90026.0,3115.0,2642.0,3220.0,2966.0,22791.0,10116.0,1
1982,230000.0,2,31,3,1,0,0,0,0,-2,-2,75148.0,39698.0,46829.0,58301.0,0.0,0.0,4854.0,5280.0,7472.0,0.0,0.0,0.0,0
1983,100000.0,2,40,1,1,0,0,0,2,0,0,53518.0,64676.0,47447.0,69181.0,54327.0,37704.0,9205.0,9248.0,3253.0,870.0,4825.0,2863.0,0
1984,1000000.0,1,42,1,1,0,0,0,1,-1,0,365124.0,327191.0,398007.0,383831.0,417393.0,423171.0,36784.0,114126.0,40411.0,6786.0,423171.0,28238.0,0
1985,30000.0,2,32,3,1,0,0,0,-1,0,-1,6874.0,6315.0,3273.0,3245.0,-600.0,5457.0,1769.0,1532.0,1319.0,0.0,1796.0,5457.0,0
1986,20000.0,1,24,2,2,2,0,0,2,1,0,7119.0,9867.0,8267.0,6008.0,7558.0,8860.0,304.0,428.0,378.0,152.0,130.0,584.0,0
1987,70000.0,1,29,2,1,0,0,0,0,0,0,13328.0,26855.0,16486.0,11713.0,12951.0,15252.0,991.0,921.0,359.0,409.0,1102.0,414.0,0
1988,30000.0,1,31,3,2,0,0,2,0,0,1,10744.0,11148.0,13782.0,12113.0,15838.0,14476.0,946.0,842.0,54.0,1198.0,185.0,281.0,0
1989,370000.0,1,27,1,2,0,2,0,0,0,0,251926.0,218969.0,270018.0,223768.0,214242.0,192720.0,22242.0,4337.0,14582.0,37271.0,21106.0,29390.0,1
1990,220000.0,2,29,1,2,0,0,-1,0,-1,0,4306.0,12252.0,17746.0,918.0,18254.0,28194.0,6870.0,6322.0,918.0,7840.0,28194.0,5095.0,0
1991,50000.0,1,33,2,2,2,-1,0,0,0,0,17248.0,16927.0,3647.0,14905.0,13174.0,14456.0,494.0,3647.0,4162.0,2806.0,2239.0,638.0,1
1992,110000.0,1,44,2,2,0,-1,0,0,-1,0,48325.0,17628.0,50938.0,36200.0,36233.0,40102.0,3158.0,50938.0,2045.0,23703.0,40102.0,11274.0,0
1993,130000.0,2,31,1,2,0,0,0,0,-1,-1,44542.0,38770.0,47475.0,53320.0,47643.0,54073.0,5671.0,815.0,8603.0,3288.0,54073.0,54073.0,0
1994,700000.0,2,29,2,2,-2,-1,0,0,2,1,0.0,168066.0,169047.0,163261.0,190338.0,250108.0,39254.0,169047.0,22026.0,44525.0,12915.0,26809.0,0
1995,190000.0,2,35,1,2,-2,-1,0,0,0,0,0.0,65384.0,52476.0,64267.0,82142.0,77723.0,6149.0,52476.0,8912.0,5036.0,14472.0,42641.0,0
1996,230000.0,1,44,1,3,0,0,0,0,-2,0,62486.0,12720.0,43491.0,69839.0,0.0,42889.0,5736.0,16068.0,18369.0,0.0,13964.0,3223.0,0
1997,160000.0,1,30,2,2,5,4,3,2,3,2,150969.0,140185.0,131433.0,140052.0,139656.0,149621.0,2869.0,1101.0,297.0,2457.0,796.0,4333.0,1
1998,110000.0,2,38,3,1,2,1,2,3,2,-2,83722.0,75601.0,69491.0,78930.0,85717.0,0.0,929.0,578.0,3582.0,314.0,0.0,0.0,1
1999,190000.0,1,44,1,1,0,-1,0,0,0,0,46793.0,40576.0,37837.0,64571.0,43760.0,66788.0,3424.0,37837.0,2285.0,1463.0,3683.0,4940.0,0
2000,90000.0,1,30,1,1,-1,0,-2,0,-1,0,65656.0,71826.0,0.0,73762.0,62351.0,77573.0,71826.0,0.0,21269.0,1588.0,77573.0,11672.0,0
2001,160000.0,1,28,1,2,0,0,0,0,0,0,109625.0,115133.0,99993.0,96726.0,124364.0,111959.0,5032.0,5801.0,943.0,6079.0,1717.0,18419.0,1
2002,190000.0,2,35,1,1,0,0,0,-1,-1,0,67733.0,43014.0,34338.0,37185.0,59536.0,60101.0,22277.0,3271.0,4934.0,59536.0,60101.0,4652.0,0
2003,50000.0,2,37,2,1,0,0,0,0,0,-1,16456.0,1498.0,6549.0,1369.0,7304.0,3653.0,947.0,3156.0,590.0,1543.0,980.0,3653.0,0
2004,150000.0,2,50,2,0,2,1,-1,0,-2,-1,50151.0,41448.0,56709.0,62571.0,0.0,51455.0,925.0,2405.0,62571.0,0.0,6745.0,51455.0,0
2005,50000.0,2,40,2,2,-1,0,-2,-1,0,-1,15394.0,18212.0,0.0,20484.0,15992.0,23574.0,18212.0,0.0,1989.0,15992.0,9835.0,23574.0,0
2006,30000.0,2,49,3,2,0,-2,0,0,0,-1,315.0,0.0,4721.0,6342.0,7957.0,395.0,0.0,2474.0,2537.0,2952.0,296.0,395.0,0
2007,130000.0,2,47,2,1,-1,0,-1,-1,-1,0,53043.0,67280.0,52360.0,64216.0,58212.0,50145.0,67280.0,17707.0,64216.0,58212.0,50145.0,13880.0,0
2008,170000.0,2,34,2,1,1,0,0,-2,-1,0,50082.0,67280.0,18735.0,0.0,49335.0,54563.0,5647.0,8715.0,0.0,22966.0,54563.0,7239.0,0
2009,210000.0,1,29,2,1,0,-1,-1,0,-1,0,65551.0,60644.0,122837.0,64902.0,69948.0,80973.0,13274.0,122837.0,64902.0,8145.0,80973.0,6519.0,0
2010,90000.0,1,43,2,1,2,0,0,0,0,0,50609.0,48467.0,45670.0,46707.0,39035.0,46341.0,538.0,2554.0,172.0,1569.0,8744.0,9570.0,0
2011,40000.0,1,24,2,2,0,0,0,0,0,0,26564.0,25215.0,22107.0,29458.0,23579.0,24981.0,2203.0,947.0,4124.0,739.0,3216.0,964.0,0
2012,60000.0,2,30,4,2,-2,0,0,0,0,1,0.0,31722.0,40684.0,41691.0,30220.0,33783.0,1282.0,3189.0,798.0,283.0,6899.0,509.0,0
2013,140000.0,2,35,1,2,1,0,-1,-1,0,-1,8126.0,46418.0,27517.0,11351.0,5247.0,8041.0,5023.0,5445.0,11351.0,5247.0,1722.0,8041.0,0
2014,130000.0,2,48,2,2,0,3,2,3,2,0,49086.0,45106.0,39179.0,37508.0,50995.0,45006.0,6274.0,491.0,1563.0,688.0,236.0,3475.0,1
2015,210000.0,1,25,1,2,2,1,2,3,2,0,121059.0,88687.0,89220.0,103634.0,115752.0,101371.0,430.0,818.0,338.0,2913.0,469.0,3078.0,1
2016,160000.0,2,40,1,1,0,0,0,0,-2,0,58079.0,65929.0,44470.0,51938.0,0.0,56878.0,16700.0,18945.0,9534.0,0.0,3194.0,18189.0,0
2017,210000.0,1,48,3,2,-1,-2,0,1,0,0,16870.0,0.0,37327.0,42024.0,44114.0,29392.0,0.0,5099.0,961.0,1850.0,3213.0,12732.0,0
2018,70000.0,2,30,2,2,-2,0,0,0,0,1,0.0,17444.0,19949.0,15502.0,17460.0,16923.0,2512.0,1571.0,336.0,3679.0,115.0,392.0,0
2019,140000.0,2,24,2,2,-1,0,0,0,0,0,41151.0,34226.0,61149.0,62156.0,32321.0,43552.0,34226.0,9381.0,23023.0,1089.0,4015.0,2721.0,0
2020,260000.0,2,33,1,2,0,2,3,2,-1,0,31059.0,24699.0,14644.0,52275.0,20096.0,57165.0,3557.0,415.0,659.0,1582.0,57165.0,11677.0,1
2021,170000.0,2,42,2,1,1,0,0,0,0,2,94260.0,92919.0,69529.0,92540.0,72357.0,97564.0,3780.0,8185.0,20090.0,18459.0,16902.0,4273.0,1
2022,240000.0,2,34,1,2,-1,-1,0,0,2,-2,40853.0,28783.0,42171.0,36674.0,65110.0,0.0,28783.0,42171.0,12057.0,23465.0,0.0,0.0,0
2023,60000.0,2,36,2,1,0,-1,-1,-1,-1,-1,14022.0,8617.0,12765.0,12857.0,12612.0,15272.0,3220.0,12765.0,12857.0,12612.0,15272.0,15272.0,0
2024,180000.0,1,45,3,1,-2,-1,0,0,-1,-1,0.0,51744.0,53303.0,17464.0,56609.0,41686.0,6669.0,53303.0,5964.0,10255.0,41686.0,41686.0,0
2025,90000.0,2,39,2,2,-1,1,0,-1,0,-1,21467.0,37345.0,12499.0,29418.0,22636.0,20189.0,37345.0,191.0,7894.0,22636.0,10111.0,20189.0,0
2026,100000.0,1,29,2,2,-1,0,0,0,0,0,9126.0,24138.0,21539.0,37397.0,33036.0,34971.0,24138.0,3153.0,6553.0,17691.0,6134.0,5488.0,0
2027,50000.0,1,31,2,2,-1,0,0,0,-1,0,17746.0,13888.0,18672.0,24048.0,11232.0,24074.0,13888.0,6649.0,3801.0,1401.0,24074.0,7169.0,0
2028,190000.0,1,25,1,2,-1,-1,-1,-1,0,0,66915.0,91437.0,85122.0,72679.0,52077.0,99996.0,91437.0,85122.0,72679.0,52077.0,70203.0,32183.0,1
2029,100000.0,2,51,2,1,0,0,0,2,-1,0,39977.0,53088.0,49710.0,51270.0,59266.0,34363.0,840.0,8536.0,1214.0,2318.0,34363.0,3802.0,0
2030,70000.0,1,32,2,1,0,0,-1,1,0,0,18094.0,17007.0,26710.0,34477.0,27424.0,40040.0,967.0,6839.0,34477.0,591.0,1048.0,221.0,0
2031,320000.0,2,48,1,2,0,0,0,0,0,0,145124.0,98333.0,70717.0,53022.0,97553.0,155169.0,9591.0,14108.0,8507.0,22804.0,22969.0,64469.0,0
2032,70000.0,1,37,2,2,0,-1,0,0,0,-1,42341.0,39938.0,42288.0,40880.0,34293.0,40475.0,4584.0,42288.0,9104.0,2617.0,4282.0,40475.0,0
2033,120000.0,1,37,3,1,0,0,0,0,0,0,35170.0,62591.0,57219.0,56214.0,65428.0,63651.0,13913.0,8943.0,13737.0,23759.0,5615.0,19003.0,0
2034,130000.0,2,29,2,2,0,0,-1,-1,-1,0,23472.0,31363.0,27497.0,24204.0,19645.0,36789.0,7297.0,5212.0,24204.0,19645.0,36789.0,20589.0,0
2035,180000.0,1,40,2,2,1,-2,0,-1,0,0,86556.0,0.0,54498.0,83985.0,49085.0,30763.0,0.0,6074.0,18454.0,49085.0,3910.0,9132.0,1
2036,180000.0,2,38,1,1,-2,-1,-1,0,-2,-1,0.0,40304.0,43341.0,33068.0,0.0,36935.0,2035.0,43341.0,33068.0,0.0,6485.0,36935.0,0
2037,50000.0,1,27,2,2,-1,0,0,-1,0,-1,-1000.0,-1000.0,-1000.0,4246.0,5301.0,-1000.0,0.0,0.0,1466.0,5301.0,0.0,0.0,0
2038,130000.0,1,36,2,1,3,4,3,2,1,0,101123.0,86197.0,99735.0,120362.0,98873.0,127757.0,1834.0,127.0,616.0,1889.0,1069.0,2863.0,0
2039,140000.0,2,30,2,2,0,-1,0,2,0,-1,65703.0,74323.0,68088.0,70388.0,69540.0,53352.0,1218.0,68088.0,687.0,2655.0,5436.0,53352.0,0
2040,420000.0,2,31,2,1,0,0,0,0,0,0,78443.0,62258.0,88777.0,73287.0,89233.0,64308.0,5318.0,6973.0,8028.0,13767.0,8781.0,7184.0,0
2041,420000.0,1,30,2,2,2,-2,0,0,0,0,59989.0,0.0,96879.0,96456.0,28530.0,47804.0,0.0,38295.0,5317.0,6922.0,18521.0,9281.0,1
2042,300000.0,2,31,1,1,-1,-1,0,-1,0,0,80664.0,59063.0,65899.0,34095.0,86682.0,52439.0,59063.0,65899.0,2053.0,86682.0,6693.0,7251.0,0
2043,310000.0,2,27,1,2,2,0,0,0,0,-1,218329.0,202337.0,201069.0,220096.0,187585.0,197563.0,6365.0,25367.0,51759.0,18645.0,50487.0,197563.0,1
2044,30000.0,2,29,1,1,0,0,0,0,-2,0,15388.0,12048.0,16072.0,15523.0,0.0,15878.0,2787.0,399.0,746.0,0.0,644.0,810.0,0
2045,120000.0,1,35,1,1,0,-1,0,0,-2,0,41708.0,49786.0,48427.0,38497.0,0.0,35486.0,7304.0,48427.0,2098.0,0.0,2429.0,8032.0,0
2046,50000.0,1,30,2,2,0,-1,0,-1,1,-1,13873.0,16585.0,3965.0,3021.0,4576.0,10660.0,1688.0,3965.0,827.0,4576.0,965.0,10660.0,0
2047,250000.0,1,31,1,1,0,4,3,2,1,0,96196.0,131083.0,106607.0,97363.0,102837.0,113458.0,45655.0,805.0,3949.0,1503.0,343.0,7240.0,0
2048,260000.0,1,38,1,2,-1,0,0,-1,0,0,113200.0,104935.0,97566.0,103386.0,93966.0,79308.0,104935.0,6573.0,36802.0,93966.0,41272.0,8086.0,0
2049,190000.0,2,42,2,2,6,5,4,3,2,0,109506.0,127027.0,108840.0,115224.0,143306.0,113639.0,223.0,880.0,784.0,624.0,2404.0,2292.0,1
2050,260000.0,1,37,1,2,-1,-2,0,-1,-1,0,21552.0,0.0,45905.0,65600.0,16801.0,42130.0,0.0,11220.0,33066.0,16801.0,42130.0,3576.0,1
2051,140000.0,2,24,2,2,2,0,-1,-2,0,0,66778.0,6795.0,45894.0,0.0,17262.0,59129.0,351.0,12014.0,0.0,910.0,6205.0,6376.0,1
2052,160000.0,2,35,1,1,0,-2,0,0,0,0,66204.0,0.0,50269.0,82544.0,80125.0,68527.0,0.0,10515.0,25905.0,15648.0,6163.0,28878.0,0
2053,110000.0,1,34,1,2,-1,-1,-1,-1,-1,-1,10668.0,10448.0,24701.0,14820.0,15460.0,22980.0,10448.0,24701.0,14820.0,15460.0,22980.0,22980.0,0
2054,200000.0,1,36,2,2,-1,-1,0,-1,-1,0,36032.0,27919.0,31415.0,59362.0,44572.0,15648.0,27919.0,31415.0,36049.0,44572.0,15648.0,3974.0,0
2055,140000.0,2,45,4,2,-1,-1,-1,0,-1,-1,2848.0,15182.0,577.0,3421.0,10203.0,888.0,15182.0,577.0,3421.0,4253.0,888.0,888.0,0
2056,360000.0,2,36,1,2,0,-2,2,0,0,0,67055.0,0.0,12861.0,55034.0,65320.0,132455.0,0.0,2314.0,5193.0,30438.0,40788.0,27038.0,0
2057,120000.0,1,33,1,2,-2,0,-1,0,0,0,0.0,51638.0,63677.0,47774.0,42366.0,59171.0,7365.0,4408.0,47774.0,6708.0,3370.0,1977.0,0
2058,110000.0,2,43,2,1,0,0,0,0,0,0,33588.0,44217.0,49188.0,31240.0,41459.0,52175.0,7000.0,6163.0,2527.0,1613.0,1347.0,6960.0,1
2059,70000.0,1,35,2,2,0,0,-1,0,0,1,41966.0,45334.0,50774.0,48099.0,54160.0,52041.0,631.0,1604.0,48099.0,5065.0,9926.0,1590.0,0
2060,150000.0,2,38,3,2,0,-2,-1,0,-1,1,54696.0,0.0,63186.0,70790.0,52113.0,65639.0,0.0,9153.0,70790.0,4510.0,65639.0,6341.0,0
2061,110000.0,1,44,1,2,0,0,0,0,0,0,61536.0,57419.0,61118.0,60708.0,55802.0,61394.0,1940.0,1360.0,8483.0,2396.0,2484.0,2635.0,0
2062,30000.0,2,33,1,1,-1,0,-2,0,2,1,18853.0,20287.0,0.0,23066.0,18433.0,26926.0,20287.0,0.0,442.0,502.0,258.0,1166.0,0
2063,90000.0,1,31,1,1,-1,-1,0,1,-1,-1,13222.0,18496.0,21204.0,14806.0,12418.0,7712.0,18496.0,21204.0,8697.0,1242.0,7712.0,7712.0,0
2064,100000.0,1,35,1,1,0,1,0,0,-1,0,7642.0,8529.0,10156.0,14490.0,9935.0,21203.0,772.0,863.0,1235.0,981.0,21203.0,8825.0,1
2065,150000.0,2,54,2,2,0,-1,0,0,0,0,-2230.0,9636.0,20192.0,12249.0,8050.0,15711.0,4024.0,20192.0,2939.0,1020.0,3774.0,6315.0,0
2066,90000.0,2,35,2,3,0,0,0,-2,0,0,35251.0,29534.0,42589.0,0.0,36518.0,52294.0,837.0,699.0,0.0,3534.0,6315.0,8829.0,0
2067,290000.0,2,34,2,2,2,0,2,0,0,2,209441.0,196587.0,257417.0,221664.0,278126.0,231508.0,662.0,3634.0,2203.0,14411.0,15508.0,2830.0,1
2068,150000.0,2,33,2,2,7,6,5,4,3,2,88313.0,99712.0,112297.0,112754.0,120667.0,129207.0,1422.0,1060.0,1837.0,1740.0,4578.0,806.0,1
2069,230000.0,2,32,2,2,0,0,-2,0,0,0,71563.0,105409.0,0.0,77589.0,81233.0,68093.0,52851.0,0.0,16708.0,6030.0,22240.0,12816.0,0
2070,240000.0,1,35,3,1,0,0,0,0,0,-1,96247.0,144652.0,128682.0,114500.0,108152.0,144096.0,17409.0,12061.0,34641.0,18464.0,50247.0,144096.0,0
2071,350000.0,2,33,1,1,-1,-1,-1,0,-1,-2,45408.0,49132.0,-2834.0,47314.0,45386.0,0.0,49132.0,0.0,47314.0,22554.0,0.0,0.0,0
2072,350000.0,1,40,1,2,0,1,0,0,-1,0,89597.0,75369.0,131827.0,110214.0,121519.0,129104.0,6324.0,5444.0,33445.0,10481.0,129104.0,5551.0,0
2073,120000.0,1,37,1,1,0,-2,0,-1,0,2,32950.0,0.0,48329.0,46969.0,64936.0,53483.0,0.0,17204.0,10095.0,64936.0,8017.0,4575.0,0
2074,150000.0,2,51,3,1,0,0,-1,1,0,-2,39774.0,23695.0,57815.0,31227.0,43641.0,0.0,4229.0,27506.0,31227.0,508.0,0.0,0.0,0
2075,110000.0,1,33,2,1,0,-1,-2,-1,0,-1,3914.0,2298.0,0.0,4176.0,4935.0,7087.0,1018.0,0.0,280.0,4935.0,3672.0,7087.0,0
2076,190000.0,1,28,2,2,-1,-1,0,0,0,0,-3800.0,9403.0,34562.0,-3800.0,-3381.0,-3800.0,9403.0,34562.0,0.0,0.0,0.0,0.0,0
2077,80000.0,2,36,2,3,0,0,0,0,0,0,41953.0,52314.0,43344.0,47513.0,45485.0,38476.0,8495.0,8299.0,9979.0,12084.0,10878.0,17143.0,0
2078,190000.0,2,35,2,1,0,1,-1,0,0,0,77157.0,66957.0,99290.0,69382.0,72064.0,65219.0,2543.0,622.0,69382.0,6616.0,6593.0,2238.0,0
2079,80000.0,1,32,2,2,2,0,-2,-2,0,0,42586.0,51708.0,0.0,0.0,52392.0,40408.0,341.0,0.0,0.0,3180.0,14661.0,8414.0,1
2080,290000.0,1,35,1,2,0,-1,-1,-1,0,-1,82882.0,50850.0,45435.0,71182.0,32460.0,42988.0,21312.0,45435.0,71182.0,32460.0,13938.0,42988.0,0
2081,420000.0,1,37,1,2,0,2,1,0,0,0,215619.0,198690.0,185217.0,213322.0,182458.0,229460.0,27941.0,8326.0,19578.0,40624.0,26731.0,6469.0,1
2082,260000.0,2,25,2,2,-1,2,0,0,0,-1,226922.0,207071.0,201240.0,238514.0,260109.0,237359.0,207071.0,3192.0,42242.0,26683.0,16745.0,237359.0,1
2083,110000.0,2,22,1,2,0,0,-1,0,0,0,47090.0,68506.0,65106.0,71085.0,44712.0,60477.0,8283.0,6989.0,71085.0,5411.0,7077.0,13526.0,0
2084,210000.0,2,28,3,2,-1,-1,-1,-1,0,0,34176.0,23658.0,35666.0,40564.0,53925.0,85336.0,23658.0,35666.0,40564.0,53925.0,13902.0,16916.0,0
2085,40000.0,1,34,2,1,0,-2,0,0,0,0,22474.0,0.0,25130.0,25986.0,24318.0,20990.0,0.0,1758.0,4151.0,797.0,3786.0,2010.0,0
2086,200000.0,2,36,1,2,0,0,0,0,-1,0,82523.0,93108.0,73592.0,59799.0,52392.0,54987.0,8453.0,9060.0,13992.0,9707.0,54987.0,9226.0,1
2087,40000.0,2,36,2,2,-2,0,2,1,0,0,0.0,37618.0,36013.0,30219.0,40021.0,26358.0,10999.0,1940.0,627.0,925.0,4969.0,5800.0,0
2088,120000.0,1,31,2,1,0,-1,0,0,-1,-1,22721.0,24225.0,6458.0,30018.0,14535.0,31582.0,10347.0,6458.0,23285.0,2789.0,31582.0,31582.0,0
2089,50000.0,2,38,2,1,0,4,3,2,0,1,45924.0,45983.0,47665.0,45935.0,45462.0,40620.0,610.0,1105.0,533.0,320.0,6680.0,517.0,0
2090,90000.0,2,35,3,2,-2,-1,0,0,-2,0,0.0,14756.0,9244.0,15889.0,0.0,10627.0,1872.0,9244.0,6058.0,0.0,1132.0,2718.0,0
2091,100000.0,2,31,1,1,3,2,0,2,0,0,78824.0,86373.0,80554.0,70528.0,79949.0,88735.0,581.0,24.0,734.0,343.0,2430.0,4809.0,1
2092,320000.0,1,41,2,2,-1,0,-1,-1,-1,-1,52768.0,39773.0,-6400.0,-6400.0,56640.0,-4640.0,39773.0,0.0,0.0,56640.0,0.0,0.0,0
2093,490000.0,2,24,2,2,-1,0,-1,-1,0,0,120407.0,128138.0,111731.0,101659.0,103335.0,101294.0,128138.0,23411.0,101659.0,103335.0,42340.0,47673.0,0
2094,160000.0,2,34,3,1,0,-1,-1,0,-2,-1,-3200.0,29569.0,24745.0,15513.0,0.0,12922.0,23186.0,24745.0,15513.0,0.0,3687.0,12922.0,0
2095,360000.0,1,36,1,1,0,-1,-2,0,0,-2,23785.0,52643.0,0.0,62284.0,54725.0,0.0,14054.0,0.0,15880.0,3020.0,0.0,0.0,0
2096,170000.0,2,37,2,2,-1,-2,2,-1,0,0,86931.0,0.0,57643.0,65937.0,73014.0,86406.0,0.0,2242.0,541.0,73014.0,12941.0,13088.0,0
2097,180000.0,1,41,1,1,0,-1,0,-1,-2,0,82507.0,37267.0,60810.0,61570.0,0.0,72330.0,10072.0,60810.0,24036.0,0.0,12924.0,8389.0,0
2098,130000.0,2,51,2,2,2,1,0,0,0,0,69140.0,61543.0,64857.0,54595.0,48243.0,64146.0,1327.0,5840.0,519.0,6889.0,18421.0,5582.0,1
2099,40000.0,2,31,3,1,3,2,1,0,1,0,10360.0,7059.0,3635.0,7350.0,12623.0,9861.0,126.0,110.0,522.0,590.0,176.0,1009.0,0
2100,70000.0,1,32,2,3,-2,-1,0,-1,0,0,0.0,18612.0,8732.0,16926.0,19235.0,14085.0,3521.0,8732.0,1979.0,19235.0,7268.0,1320.0,0
2101,290000.0,2,30,1,1,-1,-1,-1,0,0,0,90932.0,96921.0,124284.0,98700.0,132932.0,119147.0,96921.0,124284.0,98700.0,7379.0,21957.0,32037.0,0
2102,90000.0,2,37,5,3,0,0,-1,-2,-1,0,19711.0,26046.0,25995.0,0.0,7322.0,2426.0,17227.0,6589.0,0.0,735.0,2426.0,1414.0,0
2103,170000.0,1,39,2,1,0,0,-1,0,-1,-1,52612.0,50104.0,64079.0,45843.0,36378.0,64057.0,2897.0,5160.0,45843.0,9483.0,64057.0,64057.0,0
2104,70000.0,2,39,2,1,0,-2,0,0,0,-2,27026.0,0.0,33634.0,35528.0,36026.0,0.0,0.0,8785.0,1560.0,16888.0,0.0,0.0,0
2105,480000.0,2,38,3,1,0,-1,-1,0,-1,0,31071.0,59090.0,89845.0,93261.0,127580.0,69190.0,21806.0,89845.0,93261.0,32168.0,69190.0,20528.0,0
2106,370000.0,1,47,2,2,-1,0,-1,-1,0,-1,2985.0,68873.0,67736.0,135407.0,94342.0,46031.0,68873.0,35711.0,135407.0,94342.0,2846.0,46031.0,0
2107,220000.0,2,59,1,1,0,0,0,0,-2,0,114859.0,91631.0,81054.0,76551.0,0.0,93504.0,16574.0,2122.0,3969.0,0.0,12773.0,12518.0,1
2108,420000.0,2,27,2,2,-2,0,1,2,-1,-1,0.0,106370.0,172459.0,50728.0,118413.0,11333.0,26048.0,50934.0,4636.0,4543.0,11333.0,11333.0,0
2109,160000.0,2,28,2,2,0,0,0,0,0,0,88438.0,53595.0,75161.0,70185.0,81681.0,64550.0,1109.0,4287.0,4625.0,2803.0,7265.0,3098.0,0
2110,260000.0,2,33,2,2,-1,-1,-1,-1,-1,-1,7641.0,30009.0,18250.0,19210.0,47540.0,29994.0,30009.0,18250.0,19210.0,47540.0,29994.0,29994.0,0
2111,160000.0,1,35,1,2,0,2,-1,0,0,0,30100.0,31636.0,28334.0,22199.0,23286.0,38951.0,3795.0,925.0,22199.0,4828.0,2655.0,8820.0,0
2112,90000.0,1,34,2,2,0,0,0,-1,0,0,30085.0,25905.0,25852.0,35968.0,31901.0,25748.0,3158.0,3012.0,1004.0,31901.0,8340.0,4991.0,0
2113,480000.0,2,35,1,2,0,2,0,-1,-1,-2,220431.0,103628.0,129807.0,135694.0,140219.0,0.0,11341.0,4872.0,48287.0,140219.0,0.0,0.0,0
2114,310000.0,2,39,1,1,0,0,-1,0,0,-1,178486.0,301576.0,174164.0,199299.0,174413.0,233476.0,60194.0,15506.0,199299.0,37665.0,9894.0,233476.0,1
2115,360000.0,2,46,1,2,2,-2,2,1,2,1,351829.0,0.0,310214.0,307045.0,239656.0,340093.0,0.0,16530.0,2413.0,751.0,1547.0,2397.0,1
2116,240000.0,2,31,2,2,-1,-1,-1,-1,0,0,34859.0,47495.0,36951.0,44732.0,43089.0,66209.0,47495.0,36951.0,44732.0,43089.0,22076.0,6346.0,0
2117,240000.0,2,53,1,2,-1,0,0,0,-2,-1,46179.0,30547.0,43988.0,52134.0,0.0,59167.0,30547.0,29620.0,19424.0,0.0,9855.0,59167.0,0
2118,150000.0,2,46,1,2,-2,-2,0,-2,0,0,0.0,0.0,77655.0,0.0,84140.0,95715.0,0.0,3160.0,0.0,10410.0,16288.0,8939.0,0
2119,170000.0,2,38,2,1,0,-2,0,-1,-1,-1,53144.0,0.0,89036.0,61748.0,60187.0,55326.0,0.0,17152.0,17693.0,60187.0,55326.0,55326.0,0
2120,40000.0,1,44,2,1,0,0,0,0,0,0,12224.0,10022.0,14562.0,10875.0,17026.0,9489.0,1591.0,2984.0,519.0,870.0,1088.0,666.0,1
2121,100000.0,2,35,3,2,0,0,0,-1,0,0,49499.0,56337.0,17942.0,34958.0,44061.0,33349.0,9946.0,4042.0,8023.0,44061.0,7912.0,11382.0,0
2122,360000.0,2,27,1,2,3,2,1,2,1,-2,324167.0,271188.0,386288.0,345880.0,373719.0,0.0,4168.0,8222.0,7873.0,2999.0,0.0,0.0,1
2123,100000.0,2,31,2,1,-1,-1,0,0,0,0,29619.0,20215.0,21482.0,31554.0,25477.0,21771.0,20215.0,21482.0,16047.0,1290.0,14772.0,15282.0,0
2124,630000.0,1,31,1,2,2,-2,1,0,0,0,622924.0,0.0,602227.0,498846.0,561537.0,598166.0,0.0,19799.0,18746.0,36223.0,42685.0,39752.0,0
2125,100000.0,1,37,2,2,0,0,0,0,0,-1,48997.0,35950.0,37639.0,41481.0,41265.0,58492.0,702.0,1283.0,4693.0,2207.0,4725.0,58492.0,0
2126,60000.0,1,35,2,1,0,0,0,0,0,0,37348.0,22393.0,37353.0,23161.0,38757.0,37750.0,2327.0,3264.0,1095.0,1346.0,2845.0,5203.0,0
2127,230000.0,1,53,2,1,0,0,0,-1,0,-1,117984.0,123044.0,107025.0,99342.0,124934.0,93169.0,52677.0,17087.0,11707.0,124934.0,22128.0,93169.0,0
2128,130000.0,2,48,2,1,-2,0,-1,-1,0,0,0.0,17745.0,24712.0,38410.0,47733.0,44887.0,5413.0,2089.0,38410.0,47733.0,17175.0,17566.0,1
2129,130000.0,2,27,3,3,0,0,-1,-2,-2,0,34007.0,21617.0,30998.0,0.0,0.0,36810.0,1824.0,1117.0,0.0,0.0,13120.0,826.0,0
2130,70000.0,2,30,2,1,0,0,-2,0,-1,0,26830.0,30951.0,0.0,22525.0,33375.0,25402.0,2816.0,0.0,4167.0,2234.0,25402.0,1875.0,0
2131,190000.0,2,36,2,2,0,-1,0,-1,0,-1,44608.0,54560.0,60363.0,53572.0,52457.0,43386.0,9214.0,60363.0,17813.0,52457.0,3129.0,43386.0,0
2132,150000.0,1,41,2,1,0,-1,0,0,-1,0,9965.0,34372.0,-3000.0,18558.0,11780.0,1935.0,8798.0,0.0,2127.0,1435.0,1935.0,460.0,0
2133,200000.0,2,31,1,2,-1,-1,1,-1,0,0,43176.0,32113.0,32909.0,22450.0,23695.0,24114.0,32113.0,32909.0,1179.0,23695.0,5403.0,11608.0,1
2134,220000.0,2,27,2,2,0,0,0,-1,0,0,63267.0,86016.0,93552.0,77933.0,66146.0,63508.0,6017.0,30281.0,23934.0,66146.0,36302.0,16574.0,0
2135,70000.0,2,33,2,2,0,-1,0,0,2,0,20993.0,27202.0,23456.0,22614.0,25036.0,22393.0,3290.0,23456.0,5068.0,1128.0,794.0,5127.0,0
2136,160000.0,2,35,1,1,-1,-1,0,-1,-1,0,39978.0,18127.0,14672.0,12077.0,14618.0,21020.0,18127.0,14672.0,5292.0,14618.0,21020.0,9685.0,0
2137,250000.0,1,27,2,2,-1,0,0,0,0,-1,102266.0,52828.0,115902.0,82429.0,78052.0,90229.0,52828.0,23894.0,45162.0,8418.0,7744.0,90229.0,0
2138,370000.0,1,25,1,2,0,-1,1,0,0,-2,191350.0,183795.0,146784.0,234191.0,250485.0,0.0,5048.0,146784.0,4701.0,5999.0,0.0,0.0,0
2139,270000.0,2,28,1,2,0,0,0,-1,0,0,68313.0,41323.0,71730.0,103832.0,72306.0,68639.0,7434.0,8864.0,22963.0,72306.0,3642.0,5432.0,0
2140,130000.0,2,73,1,2,3,2,0,0,0,0,74265.0,93722.0,74050.0,91879.0,77495.0,78858.0,4971.0,332.0,2400.0,1469.0,2758.0,1994.0,1
2141,130000.0,1,24,2,2,-2,-2,0,0,0,0,0.0,0.0,36349.0,27895.0,37805.0,45322.0,0.0,10615.0,5844.0,15257.0,15827.0,17842.0,0
2142,90000.0,1,30,2,1,0,0,1,0,0,-1,19408.0,19698.0,26257.0,3064.0,21845.0,7394.0,3458.0,365.0,63.0,3225.0,1512.0,7394.0,0
2143,130000.0,2,30,1,2,0,-1,-1,-1,0,0,21925.0,20975.0,29762.0,9641.0,15950.0,11344.0,5505.0,29762.0,9641.0,15950.0,7325.0,2849.0,0
2144,40000.0,1,33,2,2,-2,-1,0,-1,-1,0,0.0,14613.0,16619.0,13539.0,11838.0,13819.0,3422.0,16619.0,5135.0,11838.0,13819.0,2769.0,0
2145,30000.0,2,32,5,2,-1,0,0,0,-1,0,11742.0,12666.0,15979.0,14719.0,10722.0,14080.0,12666.0,2687.0,3885.0,1978.0,14080.0,1332.0,0
2146,260000.0,1,40,0,2,0,0,0,0,0,0,192686.0,101062.0,172949.0,151287.0,141989.0,122837.0,10631.0,28229.0,56852.0,20852.0,25958.0,30706.0,0
2147,220000.0,2,35,2,1,-1,0,0,-1,1,0,47019.0,2483.0,20375.0,50446.0,32262.0,47845.0,2483.0,5770.0,3670.0,32262.0,5262.0,16519.0,0
2148,70000.0,1,42,1,1,0,0,0,-1,0,0,18097.0,16360.0,11863.0,11128.0,27705.0,17718.0,3445.0,1737.0,1178.0,27705.0,2221.0,4773.0,0
2149,120000.0,2,52,2,2,0,0,1,0,0,1,111558.0,128022.0,85620.0,111690.0,111704.0,99437.0,11551.0,2265.0,1322.0,1102.0,4565.0,1182.0,0
2150,150000.0,2,47,2,2,-1,-1,0,0,-1,-1,6308.0,12252.0,12382.0,-3000.0,4759.0,2567.0,12252.0,12382.0,0.0,1688.0,2567.0,2567.0,0
2151,50000.0,2,24,3,2,0,0,3,2,0,0,10323.0,3193.0,10657.0,12698.0,11415.0,1236.0,439.0,784.0,345.0,613.0,366.0,219.0,0
2152,140000.0,2,39,3,1,0,-1,0,0,0,1,87433.0,107848.0,91247.0,65569.0,91185.0,92297.0,25720.0,91247.0,5253.0,5847.0,13930.0,1770.0,0
2153,90000.0,1,27,2,2,2,1,0,0,0,0,56062.0,58579.0,50541.0,60827.0,49711.0,50263.0,1270.0,1877.0,7731.0,5921.0,2582.0,5498.0,0
2154,60000.0,2,29,1,2,2,1,-1,0,-1,0,16781.0,5394.0,10897.0,5955.0,-661.0,14409.0,61.0,128.0,5955.0,0.0,14409.0,682.0,1
2155,130000.0,1,34,1,1,0,0,0,0,2,1,45484.0,45795.0,44886.0,62222.0,53391.0,46002.0,2181.0,2289.0,25684.0,7479.0,2247.0,2066.0,0
2156,170000.0,2,34,2,2,-1,0,0,0,-1,0,48625.0,45794.0,27868.0,54700.0,37495.0,39525.0,45794.0,2742.0,2539.0,9516.0,39525.0,5007.0,0
2157,40000.0,2,25,3,2,0,0,-1,-2,0,-1,13992.0,16079.0,14808.0,0.0,5195.0,14323.0,2599.0,3079.0,0.0,294.0,612.0,14323.0,0
2158,220000.0,2,38,2,1,0,-1,-2,1,0,0,61618.0,64736.0,0.0,40489.0,65518.0,81671.0,16492.0,0.0,5846.0,10753.0,16394.0,18988.0,0
2159,250000.0,2,31,2,1,-1,0,0,-2,0,-1,51714.0,49312.0,64148.0,0.0,52277.0,43165.0,49312.0,12081.0,0.0,11478.0,14045.0,43165.0,1
2160,170000.0,2,27,2,2,-1,0,0,0,-1,0,63476.0,73660.0,57237.0,63636.0,97367.0,56087.0,73660.0,4406.0,19043.0,37653.0,56087.0,4479.0,0
2161,190000.0,2,38,2,2,0,0,0,0,0,-2,57552.0,63081.0,39770.0,47011.0,56710.0,0.0,13078.0,3830.0,5949.0,5772.0,0.0,0.0,0
2162,130000.0,1,44,2,2,-1,0,0,-1,0,0,41837.0,48765.0,31965.0,57960.0,48931.0,50413.0,48765.0,3289.0,16753.0,48931.0,6739.0,7369.0,0
2163,230000.0,2,27,1,2,0,-2,-1,0,0,0,29161.0,0.0,77114.0,63887.0,97411.0,73847.0,0.0,59680.0,63887.0,33710.0,34901.0,27512.0,0
2164,100000.0,2,29,1,1,0,0,0,-2,-1,0,23382.0,21305.0,5029.0,0.0,15713.0,14122.0,3852.0,1413.0,0.0,2731.0,14122.0,1061.0,0
2165,30000.0,1,43,2,2,6,5,4,3,2,1,26935.0,28850.0,28535.0,22282.0,31686.0,24605.0,67.0,404.0,62.0,98.0,93.0,89.0,1
2166,100000.0,1,27,1,2,0,-1,-1,3,2,1,40545.0,61178.0,58217.0,58610.0,68828.0,53627.0,6309.0,58217.0,58610.0,1123.0,2413.0,428.0,1
2167,590000.0,2,52,1,1,-2,0,0,0,0,0,0.0,179629.0,133674.0,234223.0,197144.0,152274.0,28633.0,44991.0,83766.0,3641.0,27935.0,40508.0,0
2168,190000.0,2,34,3,2,-2,-1,0,0,0,0,0.0,105155.0,143191.0,136044.0,152556.0,130680.0,5936.0,143191.0,14863.0,42023.0,4796.0,9082.0,1
2169,60000.0,1,35,2,1,3,2,1,0,0,0,47817.0,38719.0,36654.0,41609.0,27949.0,39036.0,615.0,972.0,1559.0,1117.0,944.0,1122.0,1
2170,100000.0,2,30,2,2,3,2,0,-2,-1,0,77186.0,76281.0,68937.0,0.0,84935.0,69956.0,2591.0,1517.0,0.0,8287.0,69956.0,7733.0,0
2171,60000.0,1,24,6,2,3,2,1,0,0,0,31908.0,43243.0,27523.0,41782.0,27892.0,38638.0,1214.0,245.0,232.0,732.0,1180.0,326.0,1
2172,70000.0,2,34,1,2,0,-2,0,0,0,-2,33968.0,0.0,35015.0,42723.0,42011.0,0.0,0.0,2084.0,2714.0,11012.0,0.0,0.0,0
2173,140000.0,2,36,1,2,0,2,0,0,0,0,16591.0,50092.0,31525.0,32790.0,62927.0,37378.0,3558.0,1498.0,2795.0,5260.0,3505.0,10241.0,0
2174,130000.0,2,22,3,2,0,1,2,1,0,0,87637.0,71982.0,55660.0,67352.0,76628.0,53585.0,13091.0,1172.0,1030.0,9300.0,5403.0,657.0,0
2175,90000.0,1,33,3,2,0,-1,0,0,-1,-1,19654.0,16072.0,28536.0,18446.0,28713.0,13639.0,5858.0,28536.0,4456.0,9978.0,13639.0,13639.0,0
2176,100000.0,1,29,2,2,0,0,0,0,0,0,51053.0,40484.0,25233.0,36002.0,28107.0,40927.0,7823.0,3683.0,1535.0,3223.0,1504.0,4839.0,0
2177,40000.0,1,35,1,1,3,2,0,0,0,0,26897.0,27874.0,29860.0,32752.0,30363.0,32338.0,560.0,672.0,2988.0,412.0,5231.0,3295.0,1
2178,570000.0,2,36,2,1,0,0,-2,-1,-1,0,80532.0,89951.0,0.0,130101.0,140500.0,129973.0,58677.0,0.0,50523.0,140500.0,129973.0,57160.0,0
2179,80000.0,2,40,1,1,0,-1,0,-1,-1,0,30553.0,36770.0,44745.0,27638.0,35938.0,12913.0,10308.0,44745.0,8343.0,35938.0,12913.0,1529.0,0
2180,170000.0,2,31,1,2,0,0,0,0,0,0,112157.0,123825.0,118898.0,95889.0,115975.0,116839.0,2295.0,10225.0,28856.0,28937.0,15702.0,8343.0,1
2181,170000.0,1,41,3,1,0,0,0,-1,0,-2,63797.0,36121.0,83216.0,43634.0,62444.0,0.0,8445.0,4213.0,923.0,62444.0,0.0,0.0,0
2182,180000.0,2,27,1,3,2,-1,2,0,-2,0,47480.0,67078.0,63215.0,47734.0,0.0,76889.0,5592.0,63215.0,773.0,0.0,20335.0,10190.0,0
2183,320000.0,1,37,1,1,0,-2,0,0,-2,-1,74763.0,0.0,112161.0,47369.0,0.0,60292.0,0.0,52011.0,14047.0,0.0,8988.0,60292.0,0
2184,30000.0,2,26,1,2,0,0,1,0,0,0,13830.0,18500.0,15880.0,17497.0,15863.0,16499.0,1046.0,413.0,638.0,1938.0,472.0,2100.0,0
2185,60000.0,2,31,2,1,4,3,2,3,2,1,54099.0,48445.0,52079.0,62134.0,48499.0,65751.0,37.0,150.0,152.0,364.0,24.0,27.0,1
2186,70000.0,1,29,2,2,0,0,-2,0,0,0,20427.0,32300.0,0.0,23783.0,27704.0,37132.0,12986.0,0.0,3492.0,4580.0,3613.0,1516.0,0
2187,70000.0,2,40,1,2,0,0,0,2,-1,-1,17889.0,21154.0,26136.0,20108.0,18946.0,23320.0,6304.0,1909.0,15309.0,1111.0,23320.0,23320.0,0
2188,40000.0,2,26,2,2,-1,-1,1,-1,0,-1,4728.0,1751.0,3443.0,1455.0,1040.0,2289.0,1751.0,3443.0,77.0,1040.0,678.0,2289.0,0
2189,160000.0,2,30,3,1,0,0,-1,0,2,1,124828.0,117853.0,154637.0,106246.0,128066.0,108022.0,10418.0,11305.0,106246.0,2891.0,872.0,825.0,0
2190,70000.0,2,31,1,2,-1,0,0,0,2,0,28034.0,30134.0,38228.0,38910.0,37508.0,25012.0,30134.0,1474.0,1411.0,6455.0,740.0,6712.0,0
2191,360000.0,2,32,1,2,0,-1,-2,0,0,0,42647.0,27915.0,0.0,60730.0,4079.0,40222.0,3164.0,0.0,9662.0,494.0,13422.0,18108.0,0
2192,220000.0,2,31,2,1,-2,-1,0,0,0,0,0.0,180258.0,179115.0,180709.0,182798.0,142198.0,19530.0,179115.0,2208.0,24481.0,19480.0,8715.0,1
2193,130000.0,1,31,1,2,-2,0,1,2,0,0,0.0,99522.0,101637.0,99312.0,88791.0,88083.0,4160.0,9743.0,479.0,850.0,1343.0,16997.0,0
2194,50000.0,2,41,2,1,2,0,-1,0,2,1,21515.0,24351.0,13982.0,17930.0,19294.0,20479.0,4277.0,1384.0,17930.0,5433.0,411.0,571.0,0
2195,120000.0,2,43,1,2,0,2,0,0,0,-1,39613.0,31368.0,24339.0,23865.0,28710.0,16813.0,4849.0,2002.0,4093.0,5372.0,3135.0,16813.0,0
2196,100000.0,1,30,1,3,4,3,2,1,2,0,51838.0,51989.0,43119.0,53730.0,38463.0,38502.0,2217.0,369.0,2619.0,3043.0,615.0,5053.0,1
2197,90000.0,2,52,2,1,0,0,0,0,0,0,60744.0,45180.0,59534.0,53240.0,60863.0,54461.0,1981.0,5977.0,8354.0,14908.0,4298.0,4796.0,0
2198,60000.0,1,22,2,2,0,2,0,0,-1,0,42075.0,40415.0,38861.0,37665.0,38553.0,34699.0,2139.0,630.0,11240.0,2223.0,34699.0,4307.0,1
2199,190000.0,1,40,1,1,1,0,0,3,2,1,132770.0,148028.0,142899.0,156380.0,137991.0,164638.0,8065.0,10472.0,16454.0,581.0,1785.0,5491.0,1
2200,140000.0,1,38,1,2,-1,0,-1,-1,0,-1,15857.0,7100.0,944.0,4106.0,14032.0,8439.0,7100.0,482.0,4106.0,14032.0,2890.0,8439.0,0
2201,130000.0,2,44,4,1,0,0,-1,0,0,-1,41199.0,40531.0,47023.0,59445.0,41058.0,46548.0,5351.0,3908.0,59445.0,11406.0,1104.0,46548.0,0
2202,160000.0,1,29,1,2,-1,0,-1,-1,0,2,7061.0,10461.0,6968.0,9617.0,8748.0,21267.0,10461.0,2200.0,9617.0,8748.0,12948.0,3006.0,0
2203,440000.0,1,42,1,2,-1,0,0,-1,0,-1,227720.0,199120.0,277064.0,237348.0,229581.0,232501.0,199120.0,35570.0,14291.0,229581.0,37174.0,232501.0,0
2204,470000.0,1,32,2,1,3,2,0,0,0,0,307345.0,364247.0,273195.0,308100.0,278202.0,256483.0,12379.0,4600.0,33143.0,11835.0,55016.0,52517.0,1
2205,210000.0,1,50,1,1,-1,-1,-2,-1,0,-1,9016.0,-4200.0,0.0,12419.0,20354.0,-4200.0,0.0,0.0,9515.0,20354.0,0.0,0.0,0
2206,180000.0,2,43,1,1,0,-1,-1,-1,-1,0,12195.0,22409.0,7149.0,32532.0,25376.0,46705.0,5229.0,7149.0,32532.0,25376.0,46705.0,4730.0,0
2207,80000.0,1,36,3,1,0,0,0,0,3,2,37521.0,33606.0,35844.0,29417.0,32226.0,41188.0,3543.0,4467.0,4056.0,2994.0,377.0,2859.0,0
2208,330000.0,2,34,1,1,-1,-2,-2,2,-1,-1,21356.0,0.0,0.0,-5048.0,40341.0,-2771.0,0.0,0.0,0.0,7912.0,0.0,0.0,0
2209,150000.0,2,36,3,1,0,-2,0,0,0,-1,82600.0,0.0,87866.0,77464.0,71164.0,95157.0,0.0,21781.0,3103.0,2968.0,30785.0,95157.0,0
2210,130000.0,1,37,2,2,2,1,0,1,0,2,86388.0,103488.0,81403.0,69100.0,88369.0,78664.0,6737.0,1560.0,9166.0,4416.0,4074.0,2412.0,1
2211,180000.0,1,50,1,2,0,0,2,0,-2,-2,68582.0,73167.0,95708.0,88291.0,0.0,0.0,2416.0,8759.0,1330.0,0.0,0.0,0.0,1
2212,320000.0,2,53,1,1,1,0,0,0,0,-1,185283.0,117491.0,203587.0,157047.0,229800.0,210350.0,1048.0,26138.0,18741.0,10302.0,16035.0,210350.0,0
2213,230000.0,2,27,2,2,-2,2,1,-1,0,0,0.0,66768.0,76968.0,103097.0,86935.0,70328.0,7629.0,4260.0,3969.0,86935.0,15471.0,6444.0,0
2214,90000.0,2,39,2,2,3,2,0,0,0,0,64576.0,76022.0,74669.0,63239.0,61167.0,62393.0,818.0,1116.0,4175.0,525.0,4125.0,1482.0,1
2215,220000.0,1,30,1,1,0,0,0,0,0,-1,53863.0,54642.0,57776.0,90623.0,62613.0,31217.0,11946.0,2429.0,33267.0,2779.0,4791.0,31217.0,0
2216,50000.0,2,35,1,1,0,0,0,-2,0,-2,13063.0,13220.0,16939.0,0.0,12365.0,0.0,435.0,2867.0,0.0,1812.0,0.0,0.0,0
2217,60000.0,2,37,3,1,0,-2,0,-1,0,0,33539.0,0.0,36597.0,28238.0,46895.0,30374.0,0.0,9213.0,5309.0,46895.0,1823.0,13698.0,0
2218,160000.0,1,29,2,2,0,-2,0,-1,0,0,4365.0,0.0,1778.0,-71.0,11085.0,9505.0,0.0,265.0,0.0,11085.0,5968.0,3176.0,0
2219,40000.0,2,37,2,1,-1,-1,0,0,0,-1,25476.0,20989.0,24119.0,27315.0,24387.0,19520.0,20989.0,24119.0,3615.0,1226.0,5158.0,19520.0,0
2220,30000.0,2,25,3,2,2,0,0,0,0,0,24129.0,25827.0,22541.0,17104.0,20906.0,18369.0,585.0,549.0,1024.0,5701.0,1605.0,612.0,0
2221,220000.0,2,41,1,1,0,3,2,1,0,0,45896.0,56603.0,50421.0,99196.0,41987.0,89522.0,4859.0,1143.0,6136.0,1700.0,9296.0,10356.0,0
2222,40000.0,1,35,1,2,0,0,-1,2,-1,-2,4126.0,6617.0,12698.0,5051.0,4204.0,0.0,3713.0,4722.0,5051.0,274.0,0.0,0.0,0
2223,60000.0,1,25,3,2,0,0,0,-1,-1,0,14483.0,10529.0,5819.0,4541.0,10400.0,5296.0,781.0,1903.0,848.0,10400.0,5296.0,944.0,0
2224,510000.0,2,34,2,1,1,-2,2,1,0,0,448481.0,0.0,356059.0,358859.0,383357.0,346365.0,0.0,18111.0,16664.0,18493.0,56282.0,54345.0,1
2225,150000.0,2,35,2,1,0,1,-1,0,0,0,68071.0,58786.0,78870.0,61835.0,81028.0,74440.0,30117.0,1544.0,61835.0,13334.0,6084.0,21848.0,1
2226,360000.0,2,24,2,2,0,0,0,0,0,-1,161532.0,216825.0,240379.0,201807.0,170908.0,198750.0,14208.0,21088.0,2324.0,21337.0,45188.0,198750.0,0
2227,330000.0,1,29,0,1,0,0,0,0,0,0,163549.0,173306.0,151254.0,90033.0,184496.0,230170.0,7688.0,43315.0,15181.0,44272.0,16245.0,11547.0,0
2228,60000.0,2,46,3,2,0,-1,0,0,-2,0,7186.0,9952.0,5963.0,9983.0,0.0,4251.0,2622.0,5963.0,1659.0,0.0,937.0,1654.0,0
2229,110000.0,2,38,2,1,6,5,4,3,2,0,93293.0,112265.0,96622.0,82535.0,93417.0,113245.0,268.0,345.0,175.0,1591.0,1292.0,1977.0,1
2230,140000.0,2,28,2,2,-2,-1,-1,0,0,-2,0.0,29379.0,33914.0,32200.0,22231.0,0.0,9223.0,33914.0,32200.0,3163.0,0.0,0.0,0
2231,230000.0,1,24,2,2,0,-1,0,-1,0,-1,-4600.0,18463.0,23143.0,11195.0,16000.0,5451.0,1627.0,23143.0,4847.0,16000.0,3665.0,5451.0,0
2232,510000.0,1,43,1,1,0,0,0,0,-1,0,15316.0,-382.0,40658.0,-1817.0,52573.0,45744.0,0.0,11763.0,0.0,41578.0,45744.0,20553.0,0
2233,270000.0,1,28,1,2,-2,0,0,-1,-1,0,0.0,83170.0,52269.0,67729.0,68046.0,66921.0,17594.0,816.0,6637.0,68046.0,66921.0,14613.0,0
2234,240000.0,1,44,1,1,2,1,-2,0,0,2,73520.0,74689.0,0.0,89771.0,114556.0,79221.0,2622.0,0.0,832.0,6581.0,20454.0,3585.0,1
2235,70000.0,1,47,2,1,-1,0,0,0,0,-1,42867.0,35894.0,36783.0,49225.0,44387.0,45190.0,35894.0,3511.0,14131.0,695.0,645.0,45190.0,0
2236,190000.0,2,36,3,1,0,0,-1,0,0,0,16693.0,52821.0,37505.0,30766.0,5748.0,65901.0,12078.0,10548.0,30766.0,1132.0,11160.0,21292.0,0
2237,80000.0,1,37,2,2,1,0,-2,3,2,1,40495.0,35207.0,0.0,33443.0,40565.0,35068.0,924.0,0.0,525.0,656.0,92.0,152.0,0
2238,410000.0,2,50,1,2,0,0,0,0,-2,0,264500.0,222495.0,247116.0,257270.0,0.0,289958.0,19115.0,9112.0,28218.0,0.0,14262.0,21495.0,0
2239,380000.0,2,52,2,1,2,0,0,0,0,0,152288.0,111543.0,177092.0,118616.0,192234.0,191886.0,4396.0,10865.0,11463.0,16347.0,39174.0,87366.0,0
2240,50000.0,2,37,2,2,-1,0,0,0,0,0,15398.0,15477.0,22040.0,21437.0,15649.0,20032.0,15477.0,6354.0,4902.0,3287.0,2887.0,1391.0,0
2241,360000.0,2,33,3,2,2,0,1,0,0,0,138410.0,106390.0,121242.0,89020.0,175965.0,118381.0,515.0,3328.0,1955.0,16517.0,17722.0,1003.0,0
2242,100000.0,1,28,2,2,0,0,0,0,0,1,95061.0,84852.0,82049.0,71980.0,83621.0,89579.0,592.0,1570.0,5307.0,2055.0,1303.0,2029.0,0
2243,350000.0,2,31,1,2,-1,0,0,0,0,0,85417.0,32863.0,15630.0,14891.0,59027.0,53498.0,32863.0,8569.0,5647.0,8832.0,6983.0,20249.0,0
2244,310000.0,2,28,1,2,0,0,0,0,0,2,222596.0,230403.0,215880.0,211878.0,182892.0,176075.0,13614.0,8441.0,9187.0,14203.0,9401.0,3363.0,0
2245,550000.0,2,23,1,2,0,0,-1,0,0,0,304219.0,266066.0,290350.0,363386.0,320598.0,258828.0,47721.0,6359.0,363386.0,15596.0,89720.0,26618.0,0
2246,300000.0,2,41,2,2,-1,0,1,-1,-2,-1,19524.0,38176.0,71420.0,87984.0,0.0,64944.0,38176.0,4890.0,1416.0,0.0,24388.0,64944.0,0
2247,470000.0,2,24,1,2,0,2,1,0,0,0,238908.0,277157.0,216710.0,222141.0,271494.0,251639.0,24109.0,20778.0,8686.0,10898.0,28568.0,20725.0,1
2248,210000.0,2,30,2,2,0,0,0,2,-1,-1,44435.0,41821.0,41108.0,32004.0,24402.0,25443.0,5354.0,16812.0,13529.0,528.0,25443.0,25443.0,0
2249,70000.0,2,34,2,1,-1,0,0,0,-1,0,46870.0,43373.0,52325.0,49201.0,55088.0,41709.0,43373.0,8311.0,1945.0,5062.0,41709.0,2356.0,0
2250,80000.0,2,34,3,2,0,0,0,2,0,-2,66129.0,67611.0,77442.0,77115.0,67706.0,0.0,2183.0,2178.0,5547.0,286.0,0.0,0.0,1
2251,150000.0,1,35,3,2,0,-2,0,0,0,-1,64155.0,0.0,81633.0,54799.0,65057.0,70908.0,0.0,3379.0,20853.0,8338.0,3048.0,70908.0,1
2252,230000.0,2,34,2,2,-1,0,-2,-1,-1,-1,5054.0,-4600.0,0.0,19178.0,19450.0,-4600.0,0.0,0.0,12164.0,19450.0,0.0,0.0,0
2253,150000.0,2,46,2,1,-2,-1,-1,0,0,-1,0.0,8339.0,19342.0,8138.0,20955.0,21102.0,1701.0,19342.0,8138.0,7260.0,6514.0,21102.0,0
2254,110000.0,2,40,1,2,0,0,0,0,0,1,67491.0,63563.0,35224.0,55775.0,42258.0,46454.0,999.0,3904.0,4079.0,7411.0,4671.0,461.0,0
2255,60000.0,1,43,2,1,-1,0,-1,0,-2,-1,19022.0,28888.0,21940.0,25973.0,0.0,24335.0,28888.0,13096.0,25973.0,0.0,1915.0,24335.0,1
2256,240000.0,2,56,1,1,-1,0,0,1,0,0,100078.0,83476.0,103500.0,94579.0,84628.0,84407.0,83476.0,15581.0,21355.0,6313.0,9070.0,10894.0,0
2257,1000000.0,1,36,1,2,0,-1,0,0,1,0,326903.0,275077.0,416589.0,397343.0,238107.0,366366.0,71077.0,416589.0,31648.0,50948.0,20408.0,11085.0,0
2258,170000.0,2,70,2,2,-1,0,0,1,-1,1,39223.0,46864.0,39154.0,26315.0,36370.0,36683.0,46864.0,5767.0,5649.0,2487.0,36683.0,3555.0,0
2259,120000.0,1,34,1,1,0,0,2,-1,-1,-1,-2400.0,965.0,28004.0,8181.0,20076.0,3673.0,569.0,5447.0,444.0,20076.0,3673.0,3673.0,0
2260,140000.0,1,34,3,2,0,0,0,2,3,2,68245.0,87210.0,79731.0,71598.0,78484.0,91333.0,7796.0,7126.0,9006.0,4781.0,6428.0,6056.0,0
2261,210000.0,2,38,2,1,4,3,2,0,0,0,109023.0,162210.0,142183.0,127767.0,142642.0,164615.0,1100.0,2692.0,359.0,8485.0,2354.0,31945.0,1
2262,120000.0,1,27,2,2,2,1,-2,-1,0,0,51016.0,49209.0,0.0,30731.0,66199.0,65124.0,4657.0,0.0,5252.0,66199.0,16121.0,16162.0,0
2263,20000.0,1,38,3,1,0,0,0,1,0,0,10550.0,14493.0,11114.0,9368.0,12746.0,11328.0,904.0,520.0,560.0,205.0,3809.0,2021.0,0
2264,110000.0,1,37,1,2,0,-2,0,0,0,0,57765.0,0.0,66855.0,51516.0,64198.0,56259.0,0.0,3482.0,11174.0,7093.0,6746.0,5919.0,0
2265,140000.0,2,54,1,1,2,1,0,0,1,0,76090.0,100539.0,95915.0,94956.0,91360.0,101446.0,1256.0,828.0,24199.0,9926.0,724.0,9818.0,1
2266,180000.0,1,29,2,1,-1,-2,-1,0,-2,-1,8775.0,0.0,10539.0,4111.0,0.0,22232.0,0.0,3313.0,4111.0,0.0,11731.0,22232.0,0
2267,60000.0,1,35,3,2,0,0,0,2,0,0,32139.0,35759.0,38324.0,40437.0,29058.0,30584.0,3856.0,9247.0,2549.0,159.0,1731.0,4030.0,0
2268,140000.0,2,28,1,2,0,0,-2,0,0,1,91645.0,68707.0,0.0,66970.0,91131.0,65435.0,16511.0,0.0,19201.0,15639.0,12191.0,1641.0,0
2269,60000.0,2,34,2,2,1,0,0,0,0,0,13223.0,5214.0,13981.0,20836.0,11239.0,3567.0,718.0,3610.0,4255.0,4004.0,323.0,932.0,0
2270,60000.0,2,32,3,2,-1,0,0,0,0,-2,40388.0,33698.0,35241.0,38603.0,44965.0,0.0,33698.0,3322.0,6849.0,883.0,0.0,0.0,0
2271,760000.0,2,29,1,2,-2,-1,0,-1,-1,0,0.0,117481.0,-2149.0,104064.0,41777.0,123790.0,24536.0,0.0,32714.0,41777.0,123790.0,23933.0,0
2272,200000.0,1,27,2,2,-1,0,-1,-1,0,-1,22466.0,1853.0,3985.0,2846.0,20924.0,11322.0,1853.0,1542.0,2846.0,20924.0,6478.0,11322.0,1
2273,160000.0,2,34,2,1,0,-1,0,-1,-1,-1,48124.0,51121.0,57904.0,48486.0,59950.0,55071.0,19637.0,57904.0,19083.0,59950.0,55071.0,55071.0,0
2274,70000.0,2,33,2,1,0,0,0,0,0,0,51567.0,40861.0,41002.0,53776.0,44080.0,46472.0,3249.0,1717.0,4356.0,1268.0,2156.0,788.0,1
2275,50000.0,2,34,2,2,1,2,0,3,2,0,31237.0,32180.0,25779.0,33650.0,24038.0,26131.0,75.0,283.0,238.0,209.0,2204.0,558.0,1
2276,180000.0,2,34,3,1,0,0,0,-1,0,2,116307.0,99019.0,93731.0,89355.0,98011.0,87209.0,5214.0,1563.0,6135.0,98011.0,11679.0,5642.0,0
2277,140000.0,1,47,2,1,0,0,1,0,0,1,110411.0,119003.0,119437.0,111984.0,136768.0,121227.0,7693.0,8692.0,498.0,7226.0,4136.0,1832.0,1
2278,190000.0,1,37,2,1,-1,-1,-1,-2,0,0,96770.0,38033.0,58367.0,0.0,72206.0,71288.0,38033.0,58367.0,0.0,11220.0,12603.0,8339.0,0
2279,140000.0,2,30,2,1,0,0,0,0,0,-2,66738.0,39695.0,44204.0,60789.0,60289.0,0.0,1243.0,3191.0,4916.0,1255.0,0.0,0.0,0
2280,170000.0,2,27,1,2,0,-1,0,0,-1,0,36208.0,20408.0,31692.0,34333.0,11089.0,17383.0,3168.0,31692.0,10951.0,2294.0,17383.0,3014.0,0
2281,20000.0,1,45,2,1,-1,-1,-1,-1,0,0,4480.0,1262.0,1466.0,-400.0,2349.0,1679.0,1262.0,1466.0,0.0,2349.0,449.0,1070.0,0
2282,350000.0,1,41,1,2,0,-2,-1,0,2,0,194156.0,0.0,143946.0,142988.0,150754.0,146101.0,0.0,9460.0,142988.0,16368.0,3724.0,14241.0,0
2283,400000.0,2,32,4,1,0,0,-2,0,0,0,150283.0,128075.0,0.0,135525.0,149447.0,134548.0,20941.0,0.0,18214.0,17363.0,22667.0,12309.0,0
2284,110000.0,1,49,3,1,-2,0,-1,-1,-1,-1,0.0,28971.0,34789.0,34847.0,12087.0,13179.0,23119.0,12636.0,34847.0,12087.0,13179.0,13179.0,0
2285,70000.0,2,25,3,2,0,0,0,0,0,-2,28601.0,32881.0,39532.0,31523.0,32101.0,0.0,17979.0,1024.0,15050.0,6157.0,0.0,0.0,0
2286,100000.0,1,29,3,1,-2,1,0,-1,2,0,0.0,78103.0,54990.0,59443.0,74089.0,73904.0,2287.0,2178.0,3227.0,74089.0,2415.0,7831.0,0
2287,100000.0,2,36,2,1,0,-1,0,-1,-1,0,29558.0,25367.0,31776.0,33519.0,27387.0,33706.0,5381.0,31776.0,3908.0,27387.0,33706.0,1446.0,0
2288,50000.0,1,30,1,1,1,2,1,0,-2,0,45554.0,44763.0,42377.0,46535.0,0.0,50203.0,1604.0,370.0,1121.0,0.0,567.0,277.0,1
2289,80000.0,2,23,2,2,-1,0,0,0,-1,-1,14434.0,6271.0,-280.0,3018.0,-1600.0,533.0,6271.0,0.0,752.0,0.0,533.0,533.0,0
2290,130000.0,1,38,2,1,2,1,2,1,2,0,124723.0,128566.0,102336.0,124781.0,127872.0,109944.0,621.0,168.0,600.0,637.0,455.0,657.0,0
2291,380000.0,2,38,1,2,0,0,-1,0,0,0,51399.0,115549.0,52959.0,91215.0,63960.0,66143.0,15937.0,26915.0,91215.0,23818.0,24838.0,10292.0,0
2292,70000.0,2,41,2,1,0,0,-1,-2,-1,0,14264.0,18727.0,17843.0,0.0,10461.0,25560.0,3756.0,870.0,0.0,179.0,25560.0,1711.0,0
2293,150000.0,1,41,1,1,0,0,-2,-1,-1,0,65681.0,41314.0,0.0,38232.0,64632.0,58812.0,4353.0,0.0,6275.0,64632.0,58812.0,34292.0,0
2294,130000.0,2,39,2,2,0,0,-1,0,0,0,19236.0,35868.0,25860.0,12101.0,11846.0,10816.0,3885.0,8946.0,12101.0,2114.0,3544.0,3637.0,0
2295,240000.0,2,35,1,2,-1,0,-1,0,-2,-1,54320.0,91055.0,85225.0,88946.0,0.0,78931.0,91055.0,24559.0,88946.0,0.0,19959.0,78931.0,0
2296,590000.0,1,24,1,2,-1,-1,-1,0,-1,0,112966.0,202310.0,166819.0,118071.0,157702.0,75293.0,202310.0,166819.0,118071.0,51879.0,75293.0,41097.0,0
2297,130000.0,2,28,3,1,0,0,-2,-1,0,-1,68580.0,77945.0,0.0,80498.0,74892.0,85694.0,6594.0,0.0,9241.0,74892.0,5969.0,85694.0,1
2298,190000.0,1,35,2,2,2,0,0,0,2,0,115237.0,97363.0,112703.0,96945.0,89114.0,112848.0,11097.0,6220.0,3871.0,3500.0,1481.0,2987.0,0
2299,70000.0,2,34,1,1,-1,0,0,-1,0,-1,18876.0,-447.0,10946.0,11031.0,8370.0,21286.0,0.0,1172.0,3838.0,8370.0,1882.0,21286.0,0
2300,360000.0,1,32,2,2,0,1,0,-1,0,-1,162859.0,109024.0,140215.0,110521.0,117157.0,147405.0,5518.0,6583.0,40336.0,117157.0,19694.0,147405.0,0
2301,30000.0,2,32,3,2,1,-2,0,-2,0,1,3964.0,0.0,7815.0,0.0,7919.0,5345.0,0.0,762.0,0.0,1354.0,578.0,229.0,0
2302,310000.0,1,33,2,1,6,5,4,3,2,1,268958.0,275925.0,312017.0,296635.0,254262.0,290265.0,3762.0,1687.0,445.0,1799.0,1090.0,810.0,0
2303,270000.0,2,49,2,2,1,0,0,0,0,1,131951.0,90644.0,81502.0,97116.0,138603.0,87459.0,1845.0,28137.0,1674.0,5706.0,17147.0,2405.0,0
2304,180000.0,1,31,1,1,3,2,1,0,0,-1,54171.0,75989.0,40451.0,77276.0,63502.0,87887.0,950.0,887.0,1565.0,11643.0,2050.0,87887.0,1
2305,90000.0,2,72,2,2,0,0,0,2,0,0,36941.0,24644.0,31250.0,38458.0,36527.0,33432.0,4815.0,2761.0,2593.0,1576.0,728.0,3618.0,0
2306,180000.0,2,36,2,1,0,0,0,-2,-1,0,28066.0,33427.0,23510.0,0.0,51690.0,33931.0,4911.0,446.0,0.0,11372.0,33931.0,1704.0,0
2307,60000.0,1,32,3,2,0,0,0,0,-1,0,26090.0,29782.0,38003.0,21814.0,26294.0,24729.0,3207.0,9862.0,2030.0,7778.0,24729.0,8130.0,0
2308,290000.0,1,27,2,2,0,0,-1,0,-1,-1,12175.0,45368.0,42145.0,48663.0,-2268.0,75174.0,25192.0,7473.0,48663.0,0.0,75174.0,75174.0,0
2309,20000.0,1,24,1,2,5,4,3,2,1,0,16527.0,17489.0,17808.0,20617.0,18122.0,18088.0,38.0,24.0,75.0,94.0,82.0,609.0,0
2310,100000.0,2,39,3,2,-2,0,0,0,-2,0,0.0,64876.0,74162.0,81023.0,0.0,86421.0,1270.0,2287.0,3854.0,0.0,2781.0,962.0,0
2311,20000.0,1,43,2,2,6,5,4,3,2,1,14507.0,15260.0,16077.0,12396.0,15377.0,20111.0,96.0,37.0,37.0,85.0,47.0,228.0,1
2312,170000.0,2,28,1,2,0,0,-1,0,0,0,9021.0,8438.0,35510.0,19311.0,20736.0,24090.0,1019.0,13852.0,19311.0,7849.0,13221.0,7231.0,0
2313,120000.0,1,25,1,2,0,0,0,-1,0,0,62242.0,75948.0,68211.0,42221.0,56560.0,67585.0,6392.0,30002.0,9334.0,56560.0,10762.0,5701.0,0
2314,300000.0,1,31,1,2,-2,0,0,1,0,0,0.0,251305.0,224435.0,237164.0,240693.0,219788.0,10480.0,37385.0,24637.0,4880.0,15709.0,29521.0,0
2315,50000.0,2,32,2,2,0,1,0,0,0,0,17192.0,12945.0,17369.0,19758.0,22488.0,11040.0,1073.0,585.0,3710.0,2325.0,632.0,1994.0,0
2316,90000.0,2,36,1,2,-1,0,0,-2,-1,-1,13293.0,21384.0,9488.0,0.0,2412.0,13638.0,21384.0,2888.0,0.0,454.0,13638.0,13638.0,0
2317,40000.0,2,42,1,2,0,1,0,0,0,0,20703.0,16470.0,20778.0,22111.0,18170.0,21247.0,1453.0,1437.0,3849.0,1799.0,3906.0,2546.0,0
2318,80000.0,2,30,2,2,0,-2,0,0,0,0,3050.0,0.0,10511.0,11696.0,19600.0,12083.0,0.0,1161.0,2264.0,11328.0,5775.0,2146.0,0
2319,180000.0,2,29,1,1,0,-1,0,0,-2,-1,19406.0,-1399.0,13341.0,3042.0,0.0,-3600.0,0.0,13341.0,1974.0,0.0,0.0,0.0,0
2320,150000.0,1,36,1,1,0,0,0,2,0,0,136210.0,114559.0,121923.0,117490.0,115027.0,111181.0,2428.0,13959.0,9252.0,1468.0,6353.0,18072.0,0
2321,90000.0,1,34,1,2,-1,-1,-1,-1,-1,-1,1226.0,-1800.0,7308.0,7012.0,2844.0,5872.0,0.0,7308.0,7012.0,2844.0,5872.0,5872.0,0
2322,170000.0,2,45,1,2,0,0,0,0,1,0,55355.0,11289.0,34910.0,48871.0,52742.0,56781.0,472.0,399.0,1165.0,1860.0,1029.0,6516.0,0
2323,180000.0,1,32,2,1,0,0,-1,0,0,-1,57912.0,60518.0,38370.0,61676.0,59710.0,57203.0,26242.0,3624.0,61676.0,32485.0,21623.0,57203.0,0
2324,220000.0,1,37,1,1,0,-1,0,0,-2,0,24588.0,30021.0,48765.0,70369.0,0.0,35633.0,1556.0,48765.0,29059.0,0.0,9575.0,8060.0,0
2325,30000.0,2,44,3,1,0,0,0,0,1,0,21777.0,19289.0,19910.0,21404.0,18864.0,23444.0,270.0,4201.0,1340.0,3202.0,1163.0,6045.0,0
2326,120000.0,2,36,1,2,-1,5,4,3,2,1,28548.0,30936.0,37012.0,41377.0,41458.0,11781.0,30936.0,2933.0,2151.0,3879.0,450.0,196.0,0
2327,80000.0,2,26,1,2,-2,0,0,0,0,0,0.0,32710.0,56858.0,53775.0,32687.0,43510.0,2130.0,1155.0,23659.0,8842.0,9098.0,4758.0,0
2328,20000.0,1,28,1,2,-1,-1,0,0,0,0,7234.0,6171.0,6974.0,5230.0,5119.0,3530.0,6171.0,6974.0,169.0,553.0,384.0,345.0,0
2329,140000.0,2,37,3,1,0,-2,0,0,-1,-2,36576.0,0.0,28902.0,12396.0,23014.0,0.0,0.0,18584.0,653.0,1772.0,0.0,0.0,0
2330,140000.0,2,28,2,2,0,-2,0,-1,-1,-1,10219.0,0.0,34652.0,33257.0,37846.0,26479.0,0.0,16567.0,18378.0,37846.0,26479.0,26479.0,0
2331,80000.0,1,30,1,1,-1,-1,0,0,0,2,19602.0,17938.0,34797.0,31319.0,26040.0,24937.0,17938.0,34797.0,2090.0,2945.0,5311.0,532.0,0
2332,220000.0,2,26,1,1,-1,-1,0,0,0,0,57785.0,78992.0,68210.0,43502.0,87076.0,53594.0,78992.0,68210.0,6362.0,6736.0,16216.0,7602.0,0
2333,230000.0,2,45,1,1,0,0,0,1,0,0,66318.0,65269.0,84020.0,56280.0,90551.0,67241.0,8681.0,4246.0,7551.0,1625.0,13895.0,23882.0,0
2334,90000.0,2,42,2,2,0,0,2,1,0,0,66990.0,73706.0,71829.0,78272.0,66060.0,76247.0,3091.0,2855.0,1516.0,422.0,4282.0,1455.0,0
2335,140000.0,2,30,2,1,0,-1,0,0,0,0,34379.0,50055.0,52852.0,54709.0,57455.0,45882.0,9320.0,52852.0,5036.0,5200.0,6418.0,8147.0,0
2336,110000.0,2,37,2,2,0,0,0,0,0,-1,14825.0,12703.0,30579.0,8296.0,24498.0,12063.0,821.0,4940.0,1668.0,14093.0,1714.0,12063.0,0
2337,70000.0,1,29,2,1,5,4,3,2,3,2,55051.0,54361.0,62721.0,52513.0,53229.0,48634.0,659.0,269.0,141.0,767.0,289.0,124.0,1
2338,280000.0,2,43,2,2,0,0,0,0,0,0,229755.0,190582.0,246049.0,222726.0,192223.0,237079.0,7740.0,3207.0,72158.0,24051.0,1362.0,17265.0,0
2339,60000.0,1,71,2,1,1,0,-2,0,0,-2,43914.0,39689.0,0.0,45446.0,42708.0,0.0,1185.0,0.0,3423.0,1933.0,0.0,0.0,0
2340,710000.0,2,41,1,1,0,-1,0,-1,0,-1,99254.0,142889.0,192123.0,260946.0,195744.0,253487.0,27372.0,192123.0,49278.0,195744.0,44615.0,253487.0,1
2341,140000.0,1,31,2,2,3,2,1,0,3,2,95016.0,92950.0,86641.0,110455.0,106754.0,93865.0,1468.0,892.0,586.0,5550.0,301.0,1951.0,1
2342,90000.0,1,31,2,1,0,0,0,0,0,0,33585.0,34834.0,29060.0,28398.0,29630.0,33430.0,1751.0,6453.0,1968.0,4474.0,1377.0,4718.0,0
2343,160000.0,2,30,2,1,0,0,0,0,0,0,38043.0,42685.0,52516.0,20590.0,44930.0,44655.0,6584.0,13121.0,2772.0,4678.0,9026.0,3046.0,0
2344,90000.0,1,33,1,2,0,-1,0,0,0,0,36916.0,29438.0,26669.0,40372.0,43765.0,41662.0,941.0,26669.0,8354.0,3964.0,4582.0,2473.0,0
2345,120000.0,2,25,1,2,2,1,0,1,0,0,101612.0,74441.0,79351.0,93451.0,104558.0,85647.0,1267.0,3285.0,20564.0,4453.0,2233.0,7455.0,1
2346,490000.0,2,35,5,1,0,2,1,0,0,0,328433.0,344663.0,311816.0,297838.0,343283.0,326903.0,35953.0,9301.0,8467.0,21948.0,58105.0,23518.0,0
2347,160000.0,2,54,3,1,-1,0,-1,0,0,0,54986.0,49927.0,23469.0,32282.0,26719.0,37223.0,49927.0,8564.0,32282.0,3243.0,4494.0,14541.0,0
2348,110000.0,2,36,2,3,0,0,-1,-1,-1,-1,24410.0,7354.0,7300.0,12260.0,25818.0,7819.0,2196.0,4160.0,12260.0,25818.0,7819.0,7819.0,0
2349,120000.0,2,40,2,2,1,2,1,0,0,0,88701.0,81785.0,108175.0,106411.0,107105.0,92138.0,2057.0,819.0,1059.0,4750.0,30371.0,5213.0,0
2350,210000.0,2,26,2,2,0,0,0,-1,2,0,67451.0,105336.0,74478.0,119580.0,90852.0,64040.0,40902.0,4833.0,6040.0,90852.0,6957.0,11256.0,0
2351,180000.0,2,39,3,1,0,0,0,0,0,0,88721.0,120461.0,135280.0,145306.0,115076.0,104044.0,9849.0,1647.0,39144.0,6789.0,2397.0,6695.0,0
2352,90000.0,2,33,2,2,4,3,4,3,2,-2,47118.0,41292.0,46017.0,46545.0,48291.0,0.0,2552.0,1123.0,4826.0,3893.0,0.0,0.0,1
2353,260000.0,1,28,2,2,0,0,0,0,0,0,123475.0,185795.0,214218.0,151836.0,164455.0,152519.0,18201.0,24194.0,9805.0,28220.0,29225.0,40709.0,0
2354,120000.0,1,33,2,2,0,-2,2,-2,3,2,54980.0,0.0,57095.0,0.0,49053.0,50351.0,0.0,2591.0,0.0,4399.0,3030.0,2662.0,1
2355,150000.0,1,23,1,2,0,0,0,0,-1,0,61795.0,55184.0,99371.0,59782.0,55531.0,73359.0,9328.0,27719.0,3140.0,16293.0,73359.0,5397.0,0
2356,230000.0,1,44,2,1,0,0,0,-2,-1,-1,36085.0,33692.0,58486.0,0.0,54803.0,28642.0,10309.0,2633.0,0.0,9244.0,28642.0,28642.0,0
2357,50000.0,1,33,3,1,-1,-2,-1,-1,-1,0,283.0,0.0,8949.0,4317.0,9767.0,4783.0,0.0,4660.0,4317.0,9767.0,4783.0,1831.0,0
2358,40000.0,2,42,2,1,-1,0,0,-2,0,2,7305.0,5743.0,7440.0,0.0,10401.0,10166.0,5743.0,1348.0,0.0,5044.0,2535.0,1178.0,0
2359,110000.0,1,36,2,1,1,2,0,0,0,0,82101.0,99600.0,93383.0,89520.0,92834.0,93986.0,4073.0,53.0,1259.0,2659.0,660.0,2883.0,1
2360,240000.0,1,38,2,1,0,-1,-1,-1,0,-2,21676.0,12757.0,42189.0,60699.0,12250.0,0.0,5909.0,42189.0,60699.0,12250.0,0.0,0.0,0
2361,80000.0,2,38,3,2,2,0,0,-2,0,0,17900.0,28596.0,34721.0,0.0,12863.0,28696.0,781.0,7650.0,0.0,4609.0,2305.0,5585.0,0
2362,460000.0,1,64,1,1,5,4,3,2,1,0,390367.0,342303.0,406498.0,346182.0,331096.0,415206.0,1173.0,5211.0,1899.0,7435.0,12662.0,11830.0,0
2363,260000.0,1,28,2,2,1,0,0,0,0,0,122915.0,117632.0,113202.0,106144.0,126146.0,113215.0,5409.0,39918.0,54224.0,11542.0,5500.0,5827.0,0
2364,90000.0,2,31,2,2,-2,0,-1,-2,0,1,0.0,21364.0,3059.0,0.0,16232.0,2210.0,6053.0,1680.0,0.0,9567.0,1205.0,87.0,0
2365,170000.0,2,31,1,1,-1,0,-1,-1,-1,-1,20290.0,37963.0,35532.0,28357.0,21287.0,25019.0,37963.0,19281.0,28357.0,21287.0,25019.0,25019.0,1
2366,180000.0,2,45,1,1,0,-1,-1,-1,0,0,5756.0,24241.0,20877.0,18322.0,-641.0,13696.0,17373.0,20877.0,18322.0,0.0,6921.0,6080.0,0
2367,210000.0,1,41,2,1,0,0,0,-1,0,0,47237.0,33860.0,72770.0,11616.0,44911.0,34698.0,14263.0,3067.0,2283.0,44911.0,2372.0,3892.0,1
2368,260000.0,1,39,1,2,-1,0,1,-1,0,0,31418.0,58157.0,75446.0,63280.0,106791.0,69886.0,58157.0,7687.0,1595.0,106791.0,2980.0,8639.0,0
2369,180000.0,2,56,2,2,0,0,-1,0,0,0,51100.0,93831.0,97574.0,66820.0,66757.0,79015.0,5621.0,46285.0,66820.0,2730.0,3684.0,5247.0,0
2370,420000.0,2,58,2,1,0,0,0,0,0,-1,119090.0,33387.0,27031.0,60396.0,54738.0,1818.0,11983.0,10072.0,9864.0,3446.0,384.0,1818.0,0
2371,180000.0,1,45,2,2,1,2,0,0,0,0,69035.0,58640.0,104135.0,69725.0,73584.0,81826.0,569.0,7855.0,11519.0,8040.0,6345.0,14475.0,0
2372,140000.0,2,53,3,1,2,1,0,-1,0,0,18663.0,12141.0,30008.0,29528.0,1273.0,28569.0,1627.0,984.0,9262.0,1273.0,19958.0,4026.0,0
2373,100000.0,1,30,1,1,-1,1,0,0,-1,0,25827.0,43486.0,27690.0,23379.0,40704.0,26074.0,43486.0,2161.0,12408.0,19351.0,26074.0,8182.0,0
2374,130000.0,2,32,2,1,0,0,2,3,2,0,61533.0,91243.0,68032.0,69340.0,81408.0,64893.0,663.0,11974.0,167.0,279.0,3486.0,14198.0,0
2375,330000.0,1,39,2,1,6,5,4,3,2,1,178769.0,156385.0,213234.0,125365.0,219096.0,170392.0,1189.0,303.0,574.0,709.0,1988.0,933.0,1
2376,330000.0,1,46,1,1,-1,-1,0,-1,-1,0,91175.0,39739.0,68867.0,83130.0,113493.0,73738.0,39739.0,68867.0,35380.0,113493.0,73738.0,10218.0,0
2377,130000.0,1,30,2,1,0,0,0,0,0,-2,64645.0,36739.0,50255.0,54306.0,41700.0,0.0,8834.0,14135.0,13696.0,18165.0,0.0,0.0,0
2378,110000.0,1,59,3,2,0,3,2,0,0,0,50069.0,20300.0,29674.0,48936.0,41414.0,41553.0,554.0,548.0,343.0,6649.0,3062.0,7532.0,0
2379,90000.0,2,33,1,1,4,3,2,0,-2,-1,43368.0,33755.0,36188.0,40827.0,0.0,38967.0,447.0,1764.0,1173.0,0.0,5458.0,38967.0,1
2380,80000.0,2,38,2,1,1,0,-1,0,0,0,31994.0,42298.0,33611.0,37326.0,28146.0,34590.0,373.0,685.0,37326.0,1518.0,2573.0,386.0,1
2381,370000.0,2,36,1,1,0,2,1,0,0,-1,304000.0,225834.0,280969.0,286478.0,227631.0,271467.0,6595.0,9276.0,12335.0,7332.0,61920.0,271467.0,0
2382,140000.0,2,44,2,1,2,1,2,0,-2,0,125953.0,118210.0,138121.0,123295.0,0.0,128224.0,788.0,963.0,792.0,0.0,559.0,1878.0,1
2383,120000.0,1,24,2,2,4,3,2,3,2,1,109655.0,113101.0,118926.0,94323.0,92545.0,99847.0,1200.0,632.0,351.0,1357.0,191.0,342.0,1
2384,440000.0,1,38,1,1,0,0,1,0,-1,0,158165.0,105059.0,199625.0,111670.0,118525.0,89882.0,19776.0,57778.0,615.0,10353.0,89882.0,13787.0,0
2385,80000.0,2,27,2,0,1,-1,0,0,0,-1,13497.0,16976.0,22715.0,18880.0,17785.0,20478.0,205.0,22715.0,2830.0,6223.0,2531.0,20478.0,0
2386,90000.0,2,34,2,1,0,3,2,-2,-2,0,39807.0,43734.0,27521.0,0.0,0.0,32975.0,11487.0,742.0,0.0,0.0,3078.0,1072.0,0
2387,470000.0,2,34,1,2,2,0,0,-2,0,-2,171183.0,100745.0,86751.0,0.0,101828.0,0.0,1572.0,28919.0,0.0,33786.0,0.0,0.0,0
2388,290000.0,2,39,1,1,-2,2,-1,0,2,1,0.0,87938.0,81836.0,85869.0,67050.0,55389.0,61990.0,2284.0,85869.0,1817.0,2488.0,1572.0,1
2389,40000.0,2,37,5,1,-2,-1,0,0,0,0,0.0,37184.0,33369.0,35886.0,35357.0,32742.0,521.0,33369.0,767.0,5867.0,544.0,3758.0,0
2390,80000.0,2,26,3,2,0,0,3,4,3,2,66153.0,77959.0,79718.0,72012.0,56269.0,76528.0,7843.0,3600.0,1606.0,899.0,2402.0,670.0,0
2391,70000.0,1,29,2,2,2,0,0,-1,-1,1,20131.0,16188.0,27363.0,20092.0,25938.0,19250.0,81.0,5949.0,3817.0,25938.0,19250.0,405.0,0
2392,150000.0,2,52,1,1,2,0,-2,0,0,0,56236.0,87653.0,0.0,89659.0,53799.0,61135.0,2280.0,0.0,19344.0,5848.0,7744.0,6746.0,0
2393,100000.0,1,33,2,1,0,0,0,0,0,0,44063.0,44547.0,44315.0,53331.0,26467.0,49972.0,4562.0,6156.0,2275.0,6470.0,2864.0,407.0,0
2394,60000.0,2,33,1,2,0,0,-1,0,0,0,8593.0,12177.0,11660.0,6667.0,5269.0,12388.0,1415.0,3589.0,6667.0,2643.0,1796.0,1097.0,0
2395,50000.0,2,29,3,2,-1,-1,-1,0,0,-2,12525.0,10817.0,11608.0,11919.0,6037.0,0.0,10817.0,11608.0,11919.0,650.0,0.0,0.0,0
2396,690000.0,1,42,1,1,-1,-1,0,2,1,0,258696.0,226404.0,226385.0,147464.0,248309.0,338139.0,226404.0,226385.0,117335.0,29110.0,44371.0,75393.0,0
2397,140000.0,1,28,1,1,-1,0,-1,0,-1,0,28926.0,5933.0,21298.0,28471.0,26574.0,8356.0,5933.0,2376.0,28471.0,7459.0,8356.0,4094.0,0
2398,120000.0,2,29,1,2,-2,0,0,2,0,0,0.0,50178.0,45945.0,45096.0,73766.0,64289.0,12563.0,17146.0,24319.0,4645.0,13243.0,2502.0,0
2399,260000.0,2,40,2,1,-1,0,-1,-1,-1,0,14838.0,-5200.0,16273.0,33781.0,-5200.0,38764.0,0.0,9710.0,33781.0,0.0,38764.0,18076.0,0
2400,80000.0,2,43,1,1,0,0,-2,-1,0,0,35565.0,52770.0,0.0,49537.0,43499.0,45504.0,9898.0,0.0,3831.0,43499.0,2451.0,3734.0,1
2401,150000.0,1,33,1,2,0,-1,0,0,0,0,84780.0,73561.0,36307.0,64621.0,64043.0,76731.0,4651.0,36307.0,19364.0,25531.0,24151.0,4152.0,1
2402,290000.0,1,31,5,2,0,0,1,0,2,0,127570.0,129951.0,157029.0,137984.0,131843.0,147110.0,9229.0,26454.0,4252.0,12120.0,4257.0,7576.0,0
2403,140000.0,2,45,2,1,0,0,0,0,1,0,119520.0,131629.0,112934.0,122805.0,113315.0,127823.0,5845.0,6380.0,2872.0,3857.0,1707.0,2521.0,0
2404,270000.0,2,50,1,1,0,0,0,0,0,0,145320.0,141378.0,128402.0,148581.0,136358.0,160982.0,2224.0,19546.0,15205.0,10881.0,40129.0,10555.0,0
2405,90000.0,2,45,3,1,0,2,0,0,0,0,16689.0,23828.0,10505.0,2889.0,19314.0,8402.0,1207.0,1534.0,1241.0,2662.0,844.0,5534.0,0
2406,150000.0,1,29,2,2,0,0,0,0,0,0,50553.0,58884.0,67729.0,43276.0,33509.0,61637.0,7400.0,13474.0,3333.0,2404.0,7509.0,11729.0,0
2407,220000.0,2,40,5,1,0,0,0,0,0,0,138360.0,119298.0,121841.0,111515.0,88141.0,98730.0,6719.0,7465.0,11854.0,14610.0,5259.0,42464.0,0
2408,150000.0,2,29,1,1,0,0,0,-1,-2,-1,31581.0,14061.0,9295.0,23068.0,0.0,27294.0,9527.0,3683.0,2448.0,0.0,1345.0,27294.0,0
2409,190000.0,2,35,1,2,0,-1,0,0,0,0,86955.0,68116.0,94611.0,91739.0,91781.0,68477.0,3358.0,94611.0,6200.0,14681.0,2741.0,1425.0,0
2410,150000.0,2,36,2,1,-1,0,-2,0,-1,0,49365.0,10321.0,0.0,48151.0,23213.0,31825.0,10321.0,0.0,8309.0,5496.0,31825.0,8796.0,0
2411,30000.0,2,31,2,2,0,0,0,0,0,-1,10250.0,10900.0,6878.0,9287.0,9701.0,13078.0,5290.0,3415.0,2836.0,5096.0,3592.0,13078.0,0
2412,380000.0,1,46,1,1,-1,0,0,0,0,0,99588.0,88062.0,113327.0,121898.0,110159.0,138435.0,88062.0,8778.0,7945.0,24741.0,8130.0,7399.0,0
2413,430000.0,2,31,2,2,-1,-1,0,0,-1,-1,234863.0,209513.0,245210.0,182910.0,212089.0,171538.0,209513.0,245210.0,109609.0,49331.0,171538.0,171538.0,1
2414,240000.0,2,40,2,1,3,4,3,2,0,-2,196990.0,182492.0,158112.0,195008.0,185798.0,0.0,1141.0,974.0,274.0,1742.0,0.0,0.0,1
2415,190000.0,2,27,1,2,0,-1,0,0,0,-2,85866.0,76896.0,116574.0,81221.0,83068.0,0.0,6204.0,116574.0,2777.0,6264.0,0.0,0.0,0
2416,90000.0,1,52,3,1,0,0,0,0,0,-1,28917.0,39780.0,40614.0,33043.0,37517.0,40296.0,10341.0,9711.0,3554.0,4834.0,8468.0,40296.0,1
2417,160000.0,1,34,2,2,0,0,-2,0,0,0,72933.0,76778.0,0.0,58478.0,85000.0,69064.0,2575.0,0.0,23465.0,14793.0,2680.0,13816.0,0
2418,520000.0,1,40,2,2,-1,0,0,0,-2,0,261679.0,249052.0,212443.0,269065.0,0.0,229789.0,249052.0,19235.0,189161.0,0.0,50765.0,35302.0,0
2419,420000.0,2,49,2,2,0,0,-1,0,1,0,161242.0,200668.0,145788.0,149822.0,137754.0,142593.0,59509.0,19429.0,149822.0,19402.0,5705.0,30808.0,0
2420,110000.0,2,31,1,2,-1,0,0,-1,0,-1,2336.0,33010.0,29005.0,18677.0,24738.0,16168.0,33010.0,10764.0,6484.0,24738.0,5534.0,16168.0,0
2421,420000.0,1,47,2,1,0,0,0,-1,0,-2,36045.0,70037.0,59032.0,114798.0,108673.0,0.0,27715.0,5016.0,29861.0,108673.0,0.0,0.0,0
2422,110000.0,2,38,1,2,0,0,2,1,0,1,85441.0,93740.0,85922.0,92257.0,97642.0,85213.0,3126.0,2496.0,209.0,357.0,1754.0,2110.0,0
2423,110000.0,1,34,1,2,-1,0,0,0,0,-2,30847.0,20348.0,39077.0,11918.0,32393.0,0.0,20348.0,6336.0,3818.0,12752.0,0.0,0.0,0
2424,130000.0,2,47,2,2,1,0,0,0,1,2,103951.0,108435.0,97993.0,85337.0,116929.0,99691.0,2443.0,6352.0,614.0,1013.0,748.0,1490.0,1
2425,270000.0,2,33,1,1,0,0,0,-1,-1,-1,18784.0,53287.0,-5400.0,10451.0,27397.0,31015.0,14447.0,0.0,2245.0,27397.0,31015.0,31015.0,0
2426,200000.0,1,59,1,1,0,2,0,1,-1,0,57775.0,76526.0,73575.0,65314.0,41324.0,51268.0,1688.0,393.0,3101.0,1628.0,51268.0,8249.0,0
2427,270000.0,1,40,2,1,-1,-2,-1,1,-1,2,45612.0,0.0,95926.0,79340.0,93891.0,106665.0,0.0,46015.0,79340.0,2977.0,106665.0,2171.0,0
2428,170000.0,1,40,4,2,4,3,4,3,2,1,153554.0,113682.0,149433.0,152580.0,132162.0,172047.0,1220.0,2489.0,2602.0,362.0,832.0,5349.0,0
2429,540000.0,1,36,1,1,1,0,0,-1,0,-2,146099.0,192005.0,97292.0,149227.0,179829.0,0.0,3565.0,28082.0,12365.0,179829.0,0.0,0.0,0
2430,50000.0,2,42,2,1,-1,0,1,0,-1,0,12952.0,11221.0,12306.0,2179.0,15774.0,5370.0,11221.0,3166.0,111.0,4459.0,5370.0,1093.0,0
2431,200000.0,1,39,1,0,-1,0,0,0,0,0,51086.0,87580.0,91356.0,75526.0,62395.0,95802.0,87580.0,13191.0,7566.0,6997.0,29649.0,26981.0,0
2432,240000.0,2,48,2,2,0,0,0,0,1,0,174917.0,159893.0,151876.0,152013.0,161605.0,122714.0,68413.0,8164.0,12282.0,16110.0,5401.0,3576.0,0
2433,360000.0,1,33,2,2,0,2,-2,0,0,0,218714.0,205698.0,0.0,184399.0,180628.0,176382.0,43435.0,0.0,47509.0,45750.0,12721.0,3274.0,0
2434,30000.0,2,25,2,2,0,1,2,0,1,2,24975.0,21820.0,23673.0,23449.0,21464.0,25258.0,603.0,421.0,844.0,796.0,190.0,297.0,1
2435,160000.0,2,40,1,1,0,1,0,0,0,0,63423.0,48022.0,44510.0,50761.0,39541.0,37147.0,8978.0,559.0,27688.0,13413.0,8819.0,14681.0,0
2436,30000.0,1,31,2,2,-1,0,-2,0,0,0,14296.0,10327.0,0.0,10757.0,11295.0,11393.0,10327.0,0.0,2619.0,428.0,994.0,1058.0,1
2437,160000.0,2,29,2,1,0,0,2,0,2,0,66115.0,71515.0,75785.0,86739.0,97248.0,79244.0,8984.0,16123.0,11403.0,23796.0,3569.0,12264.0,0
2438,100000.0,2,50,2,2,0,-2,-2,-1,0,-1,-1281.0,0.0,0.0,5532.0,-2000.0,-2000.0,0.0,0.0,670.0,0.0,0.0,0.0,0
2439,170000.0,2,40,2,1,-2,-2,1,0,0,0,0.0,0.0,103981.0,142202.0,123936.0,99242.0,0.0,20774.0,924.0,10680.0,13068.0,9080.0,0
2440,200000.0,2,40,3,2,-1,0,0,-1,-1,-1,3941.0,16888.0,32259.0,22366.0,9001.0,21209.0,16888.0,6239.0,6226.0,9001.0,21209.0,21209.0,0
2441,250000.0,2,40,2,1,0,0,-1,0,-2,0,69305.0,51142.0,73251.0,48417.0,0.0,67568.0,6222.0,33074.0,48417.0,0.0,3837.0,5983.0,0
2442,80000.0,1,35,3,2,0,0,0,-1,0,-1,27437.0,19599.0,25082.0,32430.0,21850.0,30850.0,2946.0,2649.0,17728.0,21850.0,4624.0,30850.0,0
2443,270000.0,2,32,1,1,-1,0,0,0,-1,0,49542.0,27458.0,72622.0,38528.0,23677.0,25112.0,27458.0,3948.0,3073.0,14920.0,25112.0,11135.0,0
2444,1000000.0,2,42,2,2,0,-1,-1,0,0,2,318642.0,334082.0,419785.0,280736.0,346087.0,428056.0,66719.0,419785.0,280736.0,110230.0,216948.0,5980.0,0
2445,120000.0,2,28,1,1,0,3,2,1,0,1,22499.0,7078.0,4259.0,4906.0,21873.0,9498.0,1137.0,205.0,429.0,381.0,3563.0,721.0,0
2446,250000.0,1,59,2,1,0,0,0,0,-1,0,90888.0,100030.0,75529.0,97423.0,82009.0,109086.0,12768.0,8581.0,9538.0,9130.0,109086.0,24597.0,0
2447,80000.0,2,48,3,1,0,0,4,3,2,0,49450.0,50934.0,55405.0,48806.0,54773.0,52971.0,2262.0,309.0,694.0,684.0,1155.0,1600.0,0
2448,210000.0,2,29,4,1,3,2,0,3,2,0,131670.0,107185.0,156680.0,128281.0,125653.0,103111.0,903.0,950.0,2575.0,2650.0,1955.0,12645.0,1
2449,70000.0,2,25,2,2,1,2,1,2,0,2,58816.0,60698.0,48981.0,53715.0,53051.0,60204.0,196.0,220.0,219.0,185.0,1231.0,230.0,1
2450,250000.0,2,26,1,2,0,0,0,0,-1,0,160029.0,134956.0,129443.0,162348.0,113691.0,122840.0,6620.0,4618.0,6678.0,8081.0,122840.0,5091.0,0
2451,60000.0,1,31,1,2,-2,0,0,0,-2,0,0.0,47705.0,34979.0,46466.0,0.0,36893.0,6849.0,1806.0,8049.0,0.0,6766.0,537.0,0
2452,120000.0,2,42,3,1,4,3,2,0,0,0,112620.0,94437.0,94929.0,97560.0,101459.0,87475.0,85.0,1744.0,214.0,1879.0,4477.0,6050.0,1
2453,770000.0,2,38,2,1,0,0,0,0,0,-1,177164.0,237169.0,231284.0,278248.0,221798.0,182770.0,35659.0,32343.0,104749.0,44853.0,70740.0,182770.0,0
2454,80000.0,2,32,1,3,0,0,0,0,2,1,34903.0,46599.0,55073.0,54410.0,50172.0,51330.0,1099.0,5925.0,3582.0,1019.0,244.0,600.0,0
2455,60000.0,2,27,3,1,0,0,0,2,1,0,49893.0,43273.0,51941.0,52880.0,54114.0,58326.0,1549.0,1666.0,4348.0,1097.0,160.0,6936.0,0
2456,250000.0,2,38,2,1,-1,0,2,1,0,-2,84228.0,66835.0,98751.0,76157.0,44028.0,0.0,66835.0,34018.0,2091.0,974.0,0.0,0.0,1
2457,60000.0,2,36,2,2,0,-1,0,0,0,-1,19374.0,21769.0,20813.0,20171.0,17669.0,23707.0,2290.0,20813.0,2633.0,12626.0,3577.0,23707.0,0
2458,20000.0,2,33,3,1,2,0,-1,0,2,1,13011.0,13397.0,14817.0,15744.0,15181.0,14946.0,112.0,1466.0,15744.0,985.0,193.0,77.0,1
2459,40000.0,2,32,2,2,3,2,0,3,2,1,33291.0,39776.0,33752.0,31950.0,34146.0,36532.0,112.0,253.0,1097.0,25.0,548.0,764.0,0
2460,200000.0,1,32,1,2,-1,0,0,0,0,0,78208.0,99509.0,98910.0,87498.0,130139.0,79499.0,99509.0,3840.0,11093.0,20403.0,16917.0,4211.0,0
2461,220000.0,2,42,3,2,-1,-1,-2,0,2,1,74040.0,66396.0,0.0,67691.0,84539.0,83209.0,66396.0,0.0,6613.0,28323.0,4005.0,4357.0,0
2462,120000.0,1,26,2,2,0,0,0,0,1,-2,51100.0,69089.0,47431.0,57617.0,66326.0,0.0,8399.0,3086.0,24194.0,1252.0,0.0,0.0,0
2463,170000.0,2,27,1,2,0,-2,0,3,2,0,48075.0,0.0,28806.0,54056.0,72548.0,53344.0,0.0,6716.0,7874.0,7345.0,1494.0,27310.0,0
2464,210000.0,2,37,3,1,-1,0,-1,0,0,0,100676.0,98267.0,70910.0,72687.0,61384.0,73258.0,98267.0,29141.0,72687.0,2562.0,26207.0,16583.0,0
2465,120000.0,1,32,2,3,0,-1,0,0,-1,0,11121.0,37285.0,28230.0,28511.0,34895.0,25994.0,26123.0,28230.0,5306.0,8856.0,25994.0,4225.0,0
2466,330000.0,2,35,2,1,1,0,0,0,0,0,154972.0,137634.0,141770.0,145586.0,159727.0,142624.0,9191.0,18060.0,10475.0,2253.0,12084.0,5162.0,1
2467,360000.0,2,35,2,2,0,0,0,0,-1,-1,172954.0,146419.0,156902.0,135357.0,167922.0,159342.0,28962.0,51284.0,15868.0,22542.0,159342.0,159342.0,0
2468,160000.0,1,40,1,2,0,1,2,1,0,-2,74169.0,70439.0,69871.0,81160.0,57472.0,0.0,13510.0,2406.0,1691.0,1389.0,0.0,0.0,0
2469,370000.0,2,49,5,2,0,-2,0,-1,0,0,113777.0,0.0,77051.0,104003.0,101915.0,83307.0,0.0,6144.0,4134.0,101915.0,18189.0,17550.0,0
2470,210000.0,2,33,2,1,2,-1,-1,-1,-1,-1,26182.0,2677.0,8390.0,16333.0,10201.0,-4200.0,274.0,8390.0,16333.0,10201.0,0.0,0.0,0
2471,170000.0,1,38,1,1,1,0,3,2,1,0,94480.0,110060.0,90717.0,95847.0,104394.0,108607.0,260.0,6852.0,1328.0,7545.0,2779.0,886.0,1
2472,150000.0,1,50,2,2,2,1,2,0,2,1,107235.0,131803.0,115957.0,148689.0,97321.0,137928.0,695.0,130.0,971.0,3301.0,1856.0,1043.0,1
2473,410000.0,2,40,1,1,0,0,-1,0,0,0,72978.0,66363.0,20902.0,43446.0,57004.0,65165.0,24989.0,7192.0,43446.0,9433.0,4176.0,26364.0,0
2474,50000.0,1,34,4,2,3,2,1,2,1,-2,39745.0,47154.0,41252.0,44163.0,48999.0,0.0,164.0,63.0,178.0,309.0,0.0,0.0,1
2475,40000.0,2,37,2,2,0,0,-1,0,0,0,13628.0,15189.0,15434.0,18723.0,20016.0,15491.0,2919.0,734.0,18723.0,1995.0,3790.0,1204.0,0
2476,280000.0,1,33,2,1,-1,0,2,0,0,0,134681.0,107257.0,114148.0,91882.0,104685.0,103707.0,107257.0,43201.0,6557.0,58190.0,21440.0,20898.0,0
2477,510000.0,2,36,2,1,0,0,0,0,0,-1,201675.0,98040.0,132698.0,215833.0,145041.0,134267.0,7419.0,42599.0,11059.0,6365.0,10387.0,134267.0,0
2478,170000.0,1,41,2,2,-2,0,0,-2,0,0,0.0,100429.0,102119.0,0.0,109769.0,82709.0,44976.0,5049.0,0.0,23784.0,17282.0,8387.0,0
2479,270000.0,2,35,2,2,0,0,0,-1,0,0,24328.0,53354.0,100520.0,47660.0,39688.0,12615.0,20325.0,26144.0,11180.0,39688.0,2184.0,1493.0,0
2480,70000.0,2,55,1,1,0,0,2,1,0,-1,43780.0,37650.0,33034.0,37847.0,35901.0,32002.0,4925.0,2848.0,399.0,506.0,5384.0,32002.0,1
2481,70000.0,2,28,1,2,-1,0,-1,-1,0,-1,25836.0,28086.0,28747.0,26450.0,13514.0,24904.0,28086.0,8070.0,26450.0,13514.0,6523.0,24904.0,0
2482,80000.0,1,52,3,2,4,3,2,0,0,0,34232.0,28959.0,44628.0,36621.0,43098.0,45388.0,576.0,1236.0,705.0,8053.0,2222.0,2026.0,1
2483,70000.0,1,28,3,2,0,0,0,-1,0,-2,31959.0,16473.0,34402.0,24234.0,28232.0,0.0,3061.0,10128.0,2535.0,28232.0,0.0,0.0,1
2484,190000.0,2,30,1,2,0,0,-2,0,-1,-1,9479.0,-1864.0,0.0,25523.0,13019.0,35597.0,0.0,0.0,4463.0,1841.0,35597.0,35597.0,1
2485,80000.0,2,22,2,2,0,2,0,0,-1,0,25009.0,29327.0,35474.0,41202.0,25696.0,33917.0,1877.0,902.0,7410.0,4508.0,33917.0,1555.0,1
2486,120000.0,2,33,2,1,-1,0,-2,-1,-2,0,46707.0,11345.0,0.0,27054.0,0.0,17212.0,11345.0,0.0,9934.0,0.0,8348.0,8188.0,0
2487,150000.0,2,29,1,2,0,0,-2,2,1,0,67915.0,71121.0,0.0,70888.0,46885.0,59204.0,9168.0,0.0,24964.0,953.0,540.0,10519.0,0
2488,170000.0,2,46,3,2,1,0,0,3,2,1,112201.0,86697.0,120831.0,122881.0,130575.0,125303.0,115.0,1100.0,5089.0,510.0,635.0,129.0,0
2489,250000.0,2,27,2,2,0,-1,-1,0,-1,-1,24282.0,47985.0,40591.0,55175.0,22660.0,33208.0,29283.0,40591.0,55175.0,10746.0,33208.0,33208.0,0
2490,230000.0,2,31,2,1,0,-2,0,0,-2,0,41723.0,0.0,46651.0,23455.0,0.0,35694.0,0.0,19827.0,6853.0,0.0,11015.0,8238.0,0
2491,330000.0,1,33,2,2,0,0,-1,-1,0,0,40064.0,61073.0,50987.0,23628.0,24373.0,60781.0,6522.0,17657.0,23628.0,24373.0,23175.0,23788.0,0
2492,170000.0,2,41,1,2,0,0,-1,-1,-2,-1,12926.0,11146.0,-3400.0,2000.0,0.0,32353.0,2849.0,0.0,2000.0,0.0,8880.0,32353.0,0
2493,120000.0,1,29,1,1,1,0,0,-2,0,0,26501.0,27676.0,21422.0,0.0,23260.0,8995.0,3052.0,1761.0,0.0,4165.0,4858.0,3490.0,1
2494,50000.0,2,39,1,1,2,1,0,0,0,-2,23473.0,28048.0,25512.0,24806.0,33519.0,0.0,586.0,809.0,2454.0,2458.0,0.0,0.0,0
2495,50000.0,2,55,2,2,-1,0,-2,0,-1,-2,7399.0,4002.0,0.0,2464.0,6158.0,0.0,4002.0,0.0,477.0,2005.0,0.0,0.0,0
2496,220000.0,1,34,2,1,0,0,0,0,-2,0,156961.0,168607.0,174745.0,145309.0,0.0,156761.0,13607.0,17168.0,11010.0,0.0,14076.0,16101.0,0
2497,160000.0,1,28,0,2,4,3,2,1,2,1,135682.0,134780.0,108483.0,144707.0,134118.0,134461.0,307.0,1482.0,856.0,801.0,720.0,757.0,1
2498,90000.0,1,29,3,1,0,0,-1,-1,0,0,28034.0,19512.0,11967.0,24094.0,17239.0,17882.0,3086.0,7249.0,24094.0,17239.0,2465.0,1557.0,0
2499,100000.0,2,33,2,2,0,0,-1,0,0,0,41702.0,29310.0,24819.0,39420.0,30902.0,45692.0,4654.0,2694.0,39420.0,5920.0,9157.0,4617.0,0
2500,50000.0,2,33,2,2,-1,0,-2,3,2,1,14604.0,17859.0,0.0,18961.0,23028.0,13979.0,17859.0,0.0,1150.0,1995.0,203.0,364.0,0
2501,40000.0,2,35,1,1,-1,-1,-1,0,-1,0,-800.0,1375.0,4004.0,6945.0,5593.0,-800.0,1375.0,4004.0,6945.0,3971.0,0.0,0.0,0
2502,90000.0,2,39,2,1,-1,-2,-2,0,-1,-2,18789.0,0.0,0.0,15916.0,19529.0,0.0,0.0,0.0,7638.0,13290.0,0.0,0.0,0
2503,150000.0,2,37,1,1,4,3,2,0,0,2,144393.0,117473.0,144380.0,106784.0,103262.0,124412.0,503.0,1294.0,823.0,1161.0,8938.0,1184.0,1
2504,20000.0,1,38,2,1,0,0,0,-2,0,-1,13215.0,17910.0,10560.0,0.0,14471.0,12539.0,1147.0,746.0,0.0,532.0,818.0,12539.0,0
2505,330000.0,1,38,2,1,3,2,0,0,0,0,251779.0,231126.0,243212.0,284690.0,247006.0,236110.0,876.0,4375.0,6238.0,10375.0,14525.0,22502.0,0
2506,120000.0,2,38,1,2,0,-2,0,0,0,0,66490.0,0.0,61962.0,47555.0,78407.0,63895.0,0.0,2763.0,9829.0,3150.0,21066.0,2220.0,0
2507,150000.0,2,26,2,2,0,0,2,0,0,0,73273.0,43796.0,59950.0,66585.0,62715.0,48337.0,1175.0,1074.0,492.0,1109.0,3811.0,4074.0,0
2508,410000.0,1,28,1,2,0,0,0,0,0,0,230657.0,252400.0,211292.0,180481.0,163854.0,260271.0,2896.0,44522.0,11057.0,2947.0,3945.0,36349.0,0
2509,540000.0,1,40,1,1,-1,0,0,0,0,-1,157373.0,81970.0,235935.0,175400.0,194139.0,172539.0,81970.0,124690.0,47879.0,65018.0,49695.0,172539.0,0
2510,100000.0,2,30,4,1,4,3,2,1,2,1,60338.0,58407.0,77747.0,55798.0,63458.0,82165.0,486.0,5981.0,572.0,539.0,1433.0,241.0,0
2511,250000.0,2,34,2,2,-2,0,0,2,1,0,0.0,182105.0,163291.0,160408.0,159347.0,180856.0,4621.0,809.0,13206.0,8559.0,1447.0,9638.0,0
2512,170000.0,2,32,3,2,-1,0,0,0,-1,0,54176.0,35274.0,43654.0,23666.0,35760.0,55422.0,35274.0,5056.0,2674.0,6494.0,55422.0,17015.0,0
2513,90000.0,2,31,3,2,-1,-1,0,0,0,0,53780.0,39323.0,60208.0,60479.0,56826.0,53098.0,39323.0,60208.0,8563.0,3734.0,5797.0,18348.0,0
2514,200000.0,2,26,1,2,0,1,-1,-1,-1,0,40338.0,41148.0,24597.0,18669.0,26397.0,-1151.0,5026.0,2040.0,18669.0,26397.0,0.0,0.0,0
2515,70000.0,2,32,2,1,3,2,1,0,3,2,71934.0,65971.0,60539.0,75246.0,53892.0,59554.0,139.0,806.0,950.0,464.0,764.0,536.0,1
2516,150000.0,1,36,2,2,-1,0,0,1,0,-1,30932.0,-1101.0,24725.0,31308.0,31316.0,40231.0,0.0,8908.0,3778.0,686.0,20796.0,40231.0,0
2517,120000.0,2,40,1,2,-1,0,-1,-1,0,-1,64393.0,54853.0,68366.0,54820.0,74861.0,62368.0,54853.0,30005.0,54820.0,74861.0,5150.0,62368.0,0
2518,140000.0,2,28,1,2,0,0,0,0,0,0,50118.0,40143.0,21886.0,42366.0,25262.0,21610.0,20363.0,10607.0,27378.0,4335.0,2608.0,5246.0,0
2519,180000.0,1,29,1,2,-1,0,0,0,-1,-1,103862.0,119234.0,122700.0,100101.0,92467.0,90030.0,119234.0,31782.0,35474.0,30141.0,90030.0,90030.0,0
2520,240000.0,2,34,2,1,0,2,1,-1,-2,0,139174.0,168137.0,159735.0,182735.0,0.0,151731.0,14434.0,4312.0,2108.0,0.0,8808.0,21808.0,0
2521,100000.0,1,28,2,1,0,1,0,1,2,1,30815.0,39071.0,23073.0,36897.0,28361.0,33160.0,1413.0,198.0,1661.0,1627.0,489.0,3163.0,0
2522,70000.0,2,30,3,1,1,0,0,2,1,0,57922.0,64909.0,50292.0,53265.0,56877.0,49489.0,1357.0,1524.0,634.0,689.0,513.0,2729.0,0
2523,140000.0,2,39,1,1,0,0,2,1,-1,-2,84632.0,60814.0,70876.0,69680.0,91573.0,0.0,15938.0,28994.0,940.0,4464.0,0.0,0.0,0
2524,810000.0,2,30,2,2,2,0,2,0,0,0,435569.0,284297.0,423617.0,339253.0,345908.0,390288.0,10222.0,55840.0,5697.0,3999.0,141253.0,14920.0,0
2525,130000.0,2,30,1,1,0,0,-1,0,0,0,16923.0,26332.0,22423.0,25277.0,32222.0,34360.0,7675.0,1863.0,25277.0,6519.0,10878.0,9605.0,0
2526,250000.0,2,36,1,1,-1,0,0,1,0,0,67106.0,60253.0,-1285.0,60255.0,37493.0,66326.0,60253.0,0.0,47129.0,2057.0,18941.0,8027.0,0
2527,40000.0,2,26,2,2,-1,-1,-2,-1,-1,-1,-736.0,1107.0,0.0,-800.0,1042.0,250.0,1107.0,0.0,0.0,1042.0,250.0,250.0,0
2528,130000.0,1,32,2,3,4,3,2,1,2,1,61258.0,75318.0,75197.0,82879.0,76683.0,80123.0,514.0,2155.0,2935.0,2064.0,1633.0,3440.0,1
2529,60000.0,1,40,0,2,2,1,2,1,2,1,31791.0,31853.0,36437.0,36016.0,29111.0,27309.0,390.0,558.0,458.0,120.0,194.0,271.0,1
2530,140000.0,2,50,1,1,-1,0,-1,0,-1,-1,24213.0,33548.0,22721.0,22782.0,23646.0,13159.0,33548.0,7890.0,22782.0,11246.0,13159.0,13159.0,0
2531,350000.0,2,47,1,2,-2,0,0,0,0,0,0.0,61132.0,70425.0,62535.0,8748.0,57629.0,7579.0,9537.0,30144.0,950.0,14790.0,15788.0,0
2532,320000.0,2,37,3,2,0,-1,-1,-2,0,-2,183726.0,186177.0,141933.0,0.0,165426.0,0.0,4743.0,141933.0,0.0,19328.0,0.0,0.0,0
2533,90000.0,2,24,3,2,-2,0,0,-1,0,0,0.0,4299.0,18184.0,10720.0,12572.0,26277.0,1718.0,3595.0,2989.0,12572.0,6516.0,13338.0,0
2534,280000.0,1,36,1,2,0,0,0,0,1,0,227012.0,216572.0,150593.0,188097.0,204829.0,222455.0,4621.0,4930.0,17816.0,19613.0,2906.0,3722.0,0
2535,200000.0,2,34,1,2,2,1,0,2,1,2,133386.0,91797.0,101552.0,130282.0,118654.0,131586.0,372.0,412.0,3575.0,568.0,826.0,2177.0,1
2536,90000.0,2,30,2,2,1,0,0,0,0,0,31154.0,44363.0,41044.0,49465.0,47847.0,30763.0,336.0,4140.0,10103.0,3077.0,1065.0,5065.0,0
2537,200000.0,2,38,1,2,0,-1,0,0,0,0,44276.0,64844.0,81214.0,89189.0,58557.0,45058.0,9884.0,81214.0,8149.0,11941.0,5996.0,2922.0,0
2538,230000.0,2,29,2,1,0,0,0,0,-2,0,66592.0,56388.0,94246.0,69713.0,0.0,39724.0,4940.0,13523.0,11004.0,0.0,4584.0,6356.0,0
2539,160000.0,2,43,2,2,-1,0,0,-1,-1,0,30537.0,33418.0,1494.0,39949.0,15919.0,23426.0,33418.0,357.0,11267.0,15919.0,23426.0,8568.0,0
2540,90000.0,1,28,2,2,-2,-1,0,0,-1,0,0.0,8327.0,29405.0,17533.0,7171.0,11821.0,2743.0,29405.0,4303.0,2017.0,11821.0,3047.0,0
2541,140000.0,2,41,1,1,0,-1,-1,0,-1,0,44231.0,47395.0,43727.0,31618.0,43313.0,37833.0,16503.0,43727.0,31618.0,8091.0,37833.0,6744.0,0
2542,250000.0,2,36,1,1,-1,-2,2,1,0,0,118443.0,0.0,107932.0,125478.0,138624.0,115516.0,0.0,7946.0,8488.0,4201.0,33648.0,36051.0,0
2543,140000.0,2,32,1,1,0,0,0,1,0,-1,81664.0,76137.0,97936.0,103712.0,109657.0,85022.0,6687.0,5056.0,11951.0,2837.0,11324.0,85022.0,0
2544,260000.0,1,40,2,2,-2,0,0,-2,2,-1,0.0,53194.0,98007.0,0.0,110876.0,66384.0,14043.0,9214.0,0.0,14914.0,3867.0,66384.0,0
2545,60000.0,1,29,1,2,0,0,2,1,0,-1,43874.0,35161.0,45923.0,43348.0,35795.0,34546.0,194.0,2764.0,1159.0,1037.0,4726.0,34546.0,0
2546,220000.0,1,35,5,1,2,3,2,3,2,1,152493.0,200175.0,174307.0,191230.0,192748.0,191767.0,727.0,426.0,721.0,942.0,1245.0,2875.0,1
2547,90000.0,2,28,1,2,0,0,0,3,2,0,63131.0,60404.0,61314.0,63517.0,58659.0,62375.0,982.0,821.0,1081.0,619.0,1188.0,1060.0,1
2548,140000.0,1,48,2,2,-1,0,0,0,-2,-1,71002.0,98758.0,72831.0,76948.0,0.0,55730.0,98758.0,4017.0,1972.0,0.0,4775.0,55730.0,1
2549,530000.0,1,31,2,1,-2,0,0,0,0,-1,0.0,271146.0,212918.0,242470.0,314767.0,269263.0,9566.0,3953.0,13550.0,24951.0,36252.0,269263.0,1
2550,190000.0,1,34,3,1,-1,-1,-1,0,-2,-1,33534.0,26472.0,33852.0,4312.0,0.0,28146.0,26472.0,33852.0,4312.0,0.0,15421.0,28146.0,0
2551,80000.0,2,28,2,2,0,0,0,0,1,0,14358.0,11825.0,14620.0,3023.0,19583.0,14629.0,1192.0,4803.0,822.0,1848.0,236.0,2721.0,0
2552,60000.0,2,25,3,2,-1,0,0,0,0,0,22662.0,25618.0,25183.0,18017.0,18621.0,13133.0,25618.0,4058.0,3610.0,685.0,1490.0,4186.0,0
2553,260000.0,2,43,2,2,0,0,-1,-2,2,0,108670.0,85197.0,75616.0,0.0,47413.0,80257.0,9487.0,19149.0,0.0,5503.0,9863.0,14064.0,1
2554,330000.0,2,32,1,2,0,-1,2,3,2,0,122580.0,170004.0,134964.0,119036.0,153097.0,172419.0,6871.0,134964.0,4718.0,2827.0,1598.0,5810.0,0
2555,130000.0,2,40,2,1,0,3,2,0,2,1,122529.0,84745.0,122555.0,112221.0,115052.0,110990.0,9377.0,3454.0,4203.0,6446.0,2485.0,927.0,0
2556,200000.0,2,29,2,2,0,0,0,0,0,0,94501.0,93466.0,103784.0,79048.0,102418.0,77487.0,4786.0,8910.0,13634.0,8304.0,2002.0,1766.0,0
2557,100000.0,2,39,2,1,-2,0,0,0,0,0,0.0,24038.0,26593.0,22079.0,15424.0,15315.0,6758.0,3706.0,2779.0,2248.0,9164.0,1949.0,0
2558,20000.0,1,37,2,1,-1,1,0,0,0,0,8248.0,7385.0,4952.0,11121.0,7959.0,10236.0,7385.0,229.0,1190.0,938.0,187.0,539.0,0
2559,310000.0,2,45,2,1,0,-1,0,0,-2,-1,15613.0,19244.0,13188.0,37313.0,0.0,83817.0,5508.0,13188.0,7988.0,0.0,36974.0,83817.0,0
2560,90000.0,1,33,2,1,0,0,0,3,2,0,56177.0,55978.0,62392.0,65997.0,60861.0,52552.0,3739.0,3390.0,2875.0,804.0,1031.0,3509.0,0
2561,220000.0,2,46,2,1,0,-2,0,-1,0,0,107871.0,0.0,108595.0,104627.0,100548.0,122646.0,0.0,19504.0,4926.0,100548.0,35573.0,14306.0,0
2562,130000.0,1,45,2,1,2,1,2,0,2,1,96505.0,96445.0,102452.0,94177.0,93400.0,70118.0,1805.0,2517.0,1178.0,2305.0,1680.0,1752.0,1
2563,190000.0,2,55,1,2,0,0,0,0,0,0,126762.0,114166.0,119070.0,134693.0,96013.0,121955.0,11255.0,18066.0,19122.0,4103.0,43926.0,16259.0,1
2564,90000.0,1,29,1,2,0,-2,0,-1,0,-1,11230.0,0.0,7528.0,20859.0,9731.0,13484.0,0.0,3051.0,7023.0,9731.0,4564.0,13484.0,0
2565,200000.0,2,27,2,1,0,2,1,0,0,0,51598.0,39016.0,64558.0,5131.0,43036.0,39367.0,9856.0,3490.0,253.0,11486.0,19524.0,5695.0,0
2566,250000.0,1,43,2,2,0,-1,0,0,0,-1,62668.0,32826.0,33228.0,25804.0,44435.0,-5000.0,22883.0,33228.0,5309.0,5466.0,0.0,0.0,0
2567,310000.0,2,35,2,1,0,-1,-1,0,-1,1,44891.0,-3381.0,52692.0,-2074.0,5530.0,-6200.0,0.0,52692.0,0.0,1144.0,0.0,0.0,0
2568,210000.0,2,37,2,2,-1,-1,0,0,0,0,34052.0,40178.0,-4200.0,7891.0,23538.0,4040.0,40178.0,0.0,5856.0,8514.0,1907.0,2925.0,0
2569,170000.0,2,35,2,1,0,0,0,0,0,0,122128.0,97921.0,110384.0,128383.0,107945.0,106396.0,5633.0,4222.0,2128.0,9608.0,17174.0,4191.0,1
2570,130000.0,1,66,2,1,-2,0,-2,0,0,0,0.0,25090.0,0.0,16486.0,14045.0,27237.0,14986.0,0.0,4574.0,2738.0,10966.0,6195.0,0
2571,160000.0,1,24,1,2,-1,0,-1,-1,0,-1,19672.0,30162.0,33643.0,62238.0,59051.0,59895.0,30162.0,15832.0,62238.0,59051.0,22663.0,59895.0,0
2572,210000.0,2,52,2,2,0,-1,0,-1,0,1,46925.0,16010.0,25559.0,11160.0,20909.0,21931.0,5686.0,25559.0,726.0,20909.0,6090.0,2385.0,0
2573,20000.0,2,29,3,2,0,1,2,1,0,1,14131.0,13395.0,14415.0,14839.0,17457.0,11993.0,1759.0,1147.0,199.0,397.0,250.0,232.0,0
2574,50000.0,2,29,2,1,0,-1,0,-1,0,1,13959.0,13460.0,7294.0,7232.0,10493.0,2835.0,1779.0,7294.0,1596.0,10493.0,944.0,53.0,1
2575,150000.0,2,31,1,1,0,-1,0,-1,-1,0,35637.0,45880.0,-3000.0,41184.0,9627.0,42268.0,2616.0,0.0,2856.0,9627.0,42268.0,7217.0,0
2576,210000.0,2,29,2,2,-1,0,-1,0,0,-1,11733.0,1388.0,20634.0,33261.0,-4200.0,16904.0,1388.0,7307.0,33261.0,0.0,10570.0,16904.0,0
2577,400000.0,1,49,2,2,-1,0,0,0,0,2,126363.0,139224.0,140478.0,160713.0,119307.0,107887.0,139224.0,20655.0,55535.0,6700.0,10095.0,345.0,0
2578,310000.0,2,35,3,1,0,-1,0,0,0,0,5414.0,46838.0,10095.0,53489.0,51068.0,9343.0,10114.0,10095.0,9046.0,12236.0,2587.0,1785.0,0
2579,120000.0,1,49,1,2,3,4,3,2,1,0,98048.0,97739.0,79069.0,70805.0,83085.0,83150.0,912.0,318.0,704.0,432.0,1084.0,2260.0,1
2580,120000.0,2,30,2,2,0,-1,-1,0,0,0,45763.0,58520.0,49646.0,54736.0,56291.0,50993.0,8708.0,49646.0,54736.0,8457.0,16131.0,7237.0,0
2581,110000.0,2,51,2,1,-1,-1,-1,-1,-1,-1,10461.0,21323.0,13639.0,2274.0,16598.0,-1401.0,21323.0,13639.0,2274.0,16598.0,0.0,0.0,0
2582,50000.0,2,37,3,1,-2,0,0,0,0,-2,0.0,17242.0,9991.0,15545.0,10477.0,0.0,4381.0,294.0,8341.0,3470.0,0.0,0.0,0
2583,90000.0,2,31,2,1,0,-2,0,0,0,0,65646.0,0.0,63355.0,42474.0,71282.0,65865.0,0.0,1769.0,6277.0,6864.0,3949.0,5859.0,0
2584,180000.0,2,28,1,2,-2,0,-2,2,0,-2,0.0,61646.0,0.0,85366.0,82022.0,0.0,9301.0,0.0,19097.0,1764.0,0.0,0.0,0
2585,210000.0,2,28,2,1,0,0,0,0,0,-1,123849.0,90502.0,91480.0,98575.0,109720.0,90095.0,17226.0,7250.0,5161.0,9974.0,23360.0,90095.0,0
2586,40000.0,2,33,2,1,0,-2,0,3,2,0,32106.0,0.0,32468.0,28210.0,25605.0,30010.0,0.0,6289.0,6001.0,107.0,115.0,1827.0,0
2587,150000.0,2,29,1,1,0,0,0,0,0,1,83263.0,87967.0,103335.0,102146.0,83643.0,69865.0,7515.0,6365.0,1074.0,1211.0,921.0,247.0,1
2588,80000.0,2,32,1,2,-1,-1,-1,0,-1,0,19468.0,14916.0,19342.0,23742.0,14662.0,17521.0,14916.0,19342.0,23742.0,2446.0,17521.0,4348.0,0
2589,350000.0,2,37,2,2,0,0,0,0,0,2,46363.0,138925.0,158884.0,97295.0,82951.0,118239.0,28642.0,8729.0,6982.0,1331.0,3852.0,8308.0,1
2590,390000.0,2,29,2,1,0,-2,0,-1,0,-1,190296.0,0.0,117154.0,93005.0,119031.0,134812.0,0.0,26053.0,12547.0,119031.0,5267.0,134812.0,0
2591,90000.0,2,36,2,2,2,0,0,2,1,2,12170.0,577.0,15098.0,8315.0,14876.0,6958.0,5.0,6836.0,2350.0,599.0,677.0,167.0,0
2592,110000.0,1,37,1,1,6,5,4,3,2,0,62904.0,67111.0,81692.0,75729.0,89619.0,75262.0,407.0,797.0,381.0,432.0,115.0,3294.0,1
2593,270000.0,1,33,1,1,2,0,-1,0,0,2,216571.0,200991.0,200325.0,205684.0,215959.0,181611.0,2854.0,2996.0,205684.0,18733.0,35585.0,1271.0,0
2594,260000.0,2,38,2,2,-1,-1,-1,0,-1,-1,41183.0,62581.0,42054.0,35239.0,20103.0,2701.0,62581.0,42054.0,35239.0,6325.0,2701.0,2701.0,0
2595,60000.0,1,33,2,1,2,0,0,2,0,0,40359.0,37437.0,36539.0,39875.0,49089.0,39388.0,175.0,4373.0,1332.0,443.0,2079.0,1793.0,1
2596,90000.0,2,33,2,2,0,0,0,0,0,0,54296.0,46474.0,43565.0,55781.0,45864.0,52690.0,13858.0,715.0,1887.0,6251.0,5107.0,2733.0,0
2597,140000.0,2,31,2,2,-1,-1,0,0,0,0,49823.0,38185.0,35212.0,43107.0,57925.0,30896.0,38185.0,35212.0,10960.0,9324.0,18946.0,2534.0,0
2598,90000.0,1,37,1,1,-1,0,-2,0,0,-2,37028.0,37166.0,0.0,25734.0,30163.0,0.0,37166.0,0.0,1803.0,1549.0,0.0,0.0,0
2599,320000.0,1,24,2,2,0,-1,0,0,0,0,76010.0,73944.0,49997.0,58897.0,79286.0,67285.0,5773.0,49997.0,24052.0,12909.0,44105.0,9006.0,1
2600,170000.0,1,31,1,2,0,0,-2,-1,0,-1,23925.0,19307.0,0.0,34745.0,52039.0,38523.0,5621.0,0.0,5970.0,52039.0,4568.0,38523.0,0
2601,200000.0,2,41,1,2,0,0,-1,0,0,0,122013.0,146585.0,97066.0,117048.0,120067.0,118946.0,15647.0,7348.0,117048.0,5849.0,13245.0,15152.0,0
2602,50000.0,1,32,2,2,2,0,2,-2,0,0,31300.0,24962.0,23820.0,0.0,19005.0,25904.0,205.0,2065.0,0.0,160.0,156.0,88.0,1
2603,310000.0,2,39,2,1,-2,-1,0,-2,0,-1,0.0,43516.0,43179.0,0.0,14886.0,16778.0,18763.0,43179.0,0.0,8904.0,5508.0,16778.0,0
2604,70000.0,2,42,1,2,-1,-1,-1,-1,-2,0,-599.0,-1400.0,10177.0,1034.0,0.0,1316.0,0.0,10177.0,1034.0,0.0,1218.0,703.0,0
2605,50000.0,2,23,3,2,0,0,-1,0,0,0,17537.0,21618.0,22461.0,23419.0,19280.0,21728.0,4653.0,5453.0,23419.0,1911.0,4150.0,1507.0,0
2606,130000.0,2,45,1,2,-1,0,0,0,-1,0,28514.0,17306.0,15629.0,23320.0,11039.0,-2600.0,17306.0,2177.0,2881.0,849.0,0.0,0.0,0
2607,160000.0,2,34,1,2,-2,0,0,3,2,0,0.0,62333.0,85503.0,55024.0,89364.0,70694.0,4134.0,16920.0,1574.0,3913.0,2402.0,29433.0,1
2608,50000.0,2,35,2,1,2,1,0,0,0,0,35221.0,38325.0,40617.0,37461.0,29691.0,29913.0,545.0,236.0,1225.0,3271.0,2326.0,167.0,1
2609,90000.0,1,27,1,2,2,1,0,0,0,0,60805.0,74358.0,64530.0,58015.0,60930.0,54854.0,557.0,2148.0,1364.0,2094.0,7644.0,1437.0,1
2610,240000.0,1,27,1,2,0,0,0,0,0,0,208862.0,207756.0,211325.0,236564.0,236056.0,201712.0,7666.0,2704.0,11214.0,51731.0,2258.0,29290.0,1
2611,120000.0,2,34,2,1,-1,0,-1,0,-1,0,33652.0,48769.0,64184.0,41357.0,50947.0,47895.0,48769.0,9856.0,41357.0,11245.0,47895.0,18073.0,0
2612,180000.0,2,30,1,2,3,2,1,2,1,0,100461.0,118782.0,99958.0,124698.0,121158.0,112276.0,1488.0,2277.0,5349.0,932.0,4175.0,5838.0,0
2613,240000.0,2,31,2,2,0,-1,-1,0,-2,-1,4805.0,12285.0,18651.0,8292.0,0.0,23485.0,4647.0,18651.0,8292.0,0.0,2781.0,23485.0,1
2614,220000.0,1,29,1,2,0,-2,1,0,3,2,240756.0,0.0,178685.0,185133.0,198072.0,180095.0,0.0,4037.0,5335.0,17731.0,2751.0,651.0,0
2615,270000.0,1,39,2,1,1,0,0,0,0,0,234891.0,203501.0,195099.0,165274.0,172422.0,183643.0,1538.0,35707.0,5137.0,13639.0,28228.0,25745.0,0
2616,210000.0,2,47,1,1,5,4,3,2,1,0,49534.0,104173.0,111440.0,89576.0,77454.0,60679.0,7555.0,7176.0,463.0,3151.0,523.0,5233.0,0
2617,60000.0,2,31,2,2,4,3,2,1,0,1,33299.0,35844.0,47272.0,46782.0,33435.0,29637.0,719.0,1438.0,1373.0,864.0,1016.0,554.0,1
2618,390000.0,2,32,4,2,-1,0,0,0,0,0,242675.0,270179.0,199617.0,287734.0,239063.0,271865.0,270179.0,18969.0,20530.0,9273.0,42770.0,31024.0,0
2619,40000.0,2,45,2,2,-2,3,2,0,3,2,0.0,21822.0,17361.0,16082.0,19854.0,20345.0,3389.0,1836.0,85.0,768.0,473.0,254.0,0
2620,30000.0,1,27,3,2,-1,-2,2,0,0,0,5068.0,0.0,5877.0,4483.0,3293.0,3054.0,0.0,789.0,148.0,511.0,529.0,472.0,0
2621,60000.0,2,37,2,1,0,0,1,0,0,0,51044.0,41659.0,48534.0,54034.0,46993.0,48048.0,713.0,2275.0,205.0,1495.0,812.0,3701.0,0
2622,1000000.0,1,44,1,1,1,0,0,0,0,0,301883.0,299106.0,334741.0,228664.0,96074.0,262815.0,19506.0,57932.0,38837.0,7874.0,38737.0,25993.0,1
2623,130000.0,1,36,2,2,0,0,0,0,0,0,85131.0,89031.0,93490.0,85927.0,79512.0,85783.0,9167.0,25456.0,7310.0,4465.0,10135.0,3146.0,1
2624,300000.0,1,44,2,1,0,-1,-1,0,0,0,79604.0,64332.0,52933.0,93305.0,104134.0,81057.0,24408.0,52933.0,93305.0,24086.0,20252.0,6565.0,1
2625,50000.0,2,29,1,2,2,0,1,2,0,1,27599.0,32070.0,34817.0,29476.0,37514.0,31660.0,458.0,5670.0,841.0,114.0,881.0,618.0,1
2626,70000.0,2,50,2,2,0,0,-1,-1,2,-2,5714.0,11762.0,3434.0,6169.0,12915.0,0.0,2211.0,288.0,6169.0,12915.0,0.0,0.0,0
2627,210000.0,2,32,1,2,-2,-1,0,-2,-1,-1,0.0,50383.0,21579.0,0.0,22818.0,61375.0,9556.0,21579.0,0.0,5619.0,61375.0,61375.0,0
2628,60000.0,1,25,3,2,0,-2,3,2,1,-2,55055.0,0.0,49783.0,43065.0,57992.0,0.0,0.0,784.0,2108.0,441.0,0.0,0.0,1
2629,120000.0,1,28,2,2,0,-1,0,0,0,-1,14306.0,24150.0,25358.0,37678.0,30559.0,29788.0,595.0,25358.0,5232.0,2558.0,12358.0,29788.0,0
2630,240000.0,1,25,1,1,-2,0,-2,-1,0,0,0.0,74227.0,0.0,113414.0,115423.0,83965.0,27208.0,0.0,52381.0,115423.0,60634.0,24920.0,0
2631,200000.0,2,40,1,2,-1,0,-1,0,0,-2,65389.0,53973.0,60236.0,71816.0,58983.0,0.0,53973.0,14891.0,71816.0,20034.0,0.0,0.0,0
2632,150000.0,2,44,2,2,0,-1,-2,0,0,1,122754.0,119339.0,0.0,97707.0,125939.0,104121.0,13127.0,0.0,4101.0,4676.0,3394.0,1733.0,1
2633,110000.0,2,35,3,1,-1,3,2,0,0,-1,66954.0,90530.0,92610.0,69020.0,86808.0,76586.0,90530.0,3658.0,1735.0,7148.0,4209.0,76586.0,0
2634,100000.0,2,27,2,2,0,-1,-1,0,0,-1,52185.0,39475.0,34378.0,36838.0,40369.0,50551.0,7918.0,34378.0,36838.0,6432.0,15863.0,50551.0,0
2635,150000.0,2,35,2,2,2,0,-1,0,0,0,56766.0,43372.0,55983.0,41852.0,68927.0,39143.0,2869.0,11127.0,41852.0,8360.0,12475.0,17053.0,0
2636,240000.0,1,33,2,2,0,0,0,-1,-1,0,82530.0,120138.0,116779.0,91379.0,127223.0,132668.0,12268.0,83750.0,67099.0,127223.0,132668.0,39639.0,0
2637,90000.0,1,32,1,2,3,2,1,0,3,2,5409.0,34136.0,10573.0,14138.0,11484.0,14528.0,1081.0,139.0,220.0,3043.0,56.0,1540.0,0
2638,160000.0,2,42,2,1,0,0,-1,0,-1,-1,40192.0,11084.0,38018.0,27285.0,-3200.0,-3200.0,2913.0,4394.0,27285.0,0.0,0.0,0.0,0
2639,230000.0,1,34,2,1,-1,0,-1,0,0,0,80500.0,111629.0,114422.0,110147.0,143146.0,130160.0,111629.0,30093.0,110147.0,50742.0,22081.0,9813.0,0
2640,100000.0,2,28,2,2,0,0,0,0,0,0,31040.0,28858.0,40616.0,34966.0,46304.0,52399.0,8550.0,4343.0,6269.0,2642.0,12742.0,3709.0,1
2641,190000.0,2,47,1,1,0,-1,0,-1,-1,1,50190.0,10281.0,43090.0,37681.0,40138.0,46965.0,5071.0,43090.0,21501.0,40138.0,46965.0,2118.0,0
2642,580000.0,1,25,1,2,0,-1,-1,-1,-1,-1,190066.0,144133.0,137377.0,172771.0,126819.0,216165.0,26702.0,137377.0,172771.0,126819.0,216165.0,216165.0,0
2643,390000.0,1,35,1,2,-1,0,0,-1,0,-1,163129.0,197575.0,70052.0,68360.0,110576.0,23029.0,197575.0,55610.0,38586.0,110576.0,1340.0,23029.0,0
2644,780000.0,1,24,1,2,-1,0,0,0,0,-2,184338.0,395367.0,412765.0,342505.0,348067.0,0.0,395367.0,133487.0,22606.0,103591.0,0.0,0.0,0
2645,640000.0,1,32,1,2,0,0,0,1,2,0,262687.0,250066.0,249145.0,245166.0,306099.0,192689.0,12372.0,1730.0,4261.0,5027.0,1894.0,4491.0,0
2646,140000.0,2,33,1,1,2,3,4,3,2,1,121355.0,124889.0,127311.0,118439.0,117848.0,107910.0,1860.0,782.0,2092.0,1663.0,1041.0,646.0,0
2647,70000.0,2,33,2,2,0,-1,0,-1,0,0,14774.0,10877.0,13116.0,4781.0,11076.0,7441.0,2269.0,13116.0,973.0,11076.0,2680.0,1962.0,0
2648,80000.0,2,35,3,2,1,0,0,0,-1,0,41588.0,44863.0,40498.0,34117.0,32705.0,31051.0,1839.0,14205.0,6022.0,728.0,31051.0,7544.0,0
2649,230000.0,2,34,2,1,0,0,-1,1,0,0,168105.0,149122.0,115007.0,116722.0,113412.0,144958.0,4718.0,4115.0,116722.0,4006.0,11597.0,16056.0,0
2650,10000.0,1,44,2,2,1,-1,1,2,0,-2,5282.0,5263.0,6877.0,6002.0,5634.0,0.0,96.0,6877.0,26.0,23.0,0.0,0.0,1
2651,130000.0,1,34,2,1,-2,0,-2,-1,-1,-1,0.0,13226.0,0.0,-2600.0,-2600.0,10924.0,3867.0,0.0,0.0,0.0,10924.0,10924.0,0
2652,300000.0,2,37,2,1,-2,-1,-1,0,0,1,0.0,122255.0,71636.0,90853.0,89077.0,99135.0,56753.0,71636.0,90853.0,46467.0,65307.0,5333.0,0
2653,220000.0,1,49,1,1,0,-1,0,-1,-1,0,64204.0,18080.0,16927.0,55950.0,9604.0,53694.0,3181.0,16927.0,11823.0,9604.0,53694.0,15855.0,0
2654,140000.0,2,25,2,2,-1,0,0,0,0,0,32522.0,5526.0,18541.0,9.0,18658.0,4817.0,5526.0,4087.0,1.0,2945.0,672.0,1530.0,0
2655,100000.0,2,30,2,2,0,0,0,0,0,0,30568.0,27434.0,29883.0,25174.0,24440.0,26652.0,2853.0,2140.0,6849.0,3539.0,6476.0,5937.0,0
2656,40000.0,2,31,2,1,-1,0,0,-1,0,0,4239.0,10783.0,9147.0,7624.0,11915.0,9632.0,10783.0,443.0,1578.0,11915.0,1946.0,441.0,0
2657,200000.0,1,43,3,2,-1,-1,0,-2,0,0,20284.0,45678.0,51716.0,0.0,44594.0,69963.0,45678.0,51716.0,0.0,21951.0,37626.0,6212.0,0
2658,90000.0,1,24,2,2,1,2,1,0,0,-2,44299.0,39092.0,46173.0,42965.0,42653.0,0.0,154.0,767.0,238.0,1585.0,0.0,0.0,1
2659,130000.0,2,38,3,1,0,2,-1,0,0,0,27343.0,28528.0,19566.0,20489.0,30724.0,23029.0,2478.0,287.0,20489.0,12163.0,1466.0,1974.0,0
2660,190000.0,2,41,1,1,4,3,2,1,-1,2,151383.0,98558.0,146338.0,129258.0,165558.0,168674.0,530.0,537.0,472.0,418.0,168674.0,1363.0,1
2661,680000.0,1,61,0,2,-1,0,0,-1,-1,-1,77920.0,80472.0,128776.0,44741.0,104870.0,35492.0,80472.0,47994.0,22540.0,104870.0,35492.0,35492.0,0
2662,170000.0,1,32,2,1,0,0,0,-1,2,1,85626.0,115397.0,115278.0,126953.0,121177.0,116347.0,40705.0,15421.0,10184.0,121177.0,2781.0,892.0,0
2663,180000.0,1,38,2,2,-1,-2,0,-2,0,0,25039.0,0.0,59834.0,0.0,27223.0,33085.0,0.0,5836.0,0.0,4474.0,10566.0,10954.0,0
2664,130000.0,2,41,2,1,0,0,0,0,-1,0,84291.0,68737.0,65331.0,79376.0,75912.0,80509.0,22688.0,4249.0,22080.0,10098.0,80509.0,22273.0,0
2665,100000.0,1,34,1,2,0,0,-2,0,0,0,17012.0,3548.0,0.0,475.0,17529.0,19673.0,1178.0,0.0,343.0,8217.0,12557.0,2401.0,0
2666,240000.0,1,37,1,1,-1,-1,-1,-1,-2,-1,1811.0,38085.0,46862.0,-4448.0,0.0,46267.0,38085.0,46862.0,0.0,0.0,22159.0,46267.0,0
2667,220000.0,2,43,3,1,-1,-1,-1,-1,0,-1,63438.0,64446.0,60526.0,58644.0,16515.0,20836.0,64446.0,60526.0,58644.0,16515.0,4672.0,20836.0,1
2668,120000.0,2,34,2,2,0,0,0,1,-1,0,60816.0,61866.0,69765.0,78974.0,65481.0,71357.0,10865.0,2148.0,7237.0,1500.0,71357.0,2517.0,0
2669,20000.0,2,31,3,2,2,0,1,0,0,0,16931.0,17770.0,15693.0,19509.0,16496.0,19025.0,89.0,1047.0,367.0,296.0,846.0,455.0,0
2670,100000.0,1,35,1,2,0,-2,-1,0,0,0,63083.0,0.0,62380.0,48121.0,69418.0,47379.0,0.0,4449.0,48121.0,2478.0,1167.0,11765.0,0
2671,520000.0,2,39,2,1,-1,-2,0,-1,-1,-1,67820.0,0.0,111914.0,87304.0,55081.0,94575.0,0.0,17403.0,20428.0,55081.0,94575.0,94575.0,0
2672,100000.0,1,48,2,1,2,3,2,0,0,1,91941.0,96654.0,95486.0,83375.0,93296.0,84779.0,603.0,363.0,2354.0,4844.0,897.0,374.0,1
2673,190000.0,1,30,1,2,0,2,1,0,2,1,54014.0,73917.0,74311.0,71293.0,72793.0,45510.0,4152.0,5143.0,1756.0,2378.0,494.0,1776.0,1
2674,40000.0,2,44,2,2,2,1,0,-1,-2,-1,10403.0,9572.0,12143.0,5409.0,0.0,11326.0,455.0,231.0,1070.0,0.0,1309.0,11326.0,1
2675,100000.0,2,49,2,1,0,-1,-1,0,2,0,8562.0,17509.0,15953.0,10989.0,9573.0,15854.0,1366.0,15953.0,10989.0,322.0,67.0,435.0,0
2676,70000.0,1,41,2,2,-1,0,0,0,-1,0,12203.0,22997.0,16109.0,15396.0,10206.0,23962.0,22997.0,4415.0,1110.0,213.0,23962.0,1819.0,0
2677,310000.0,2,35,1,1,0,0,-1,0,0,0,108893.0,142300.0,139226.0,107068.0,97855.0,42040.0,9283.0,8984.0,107068.0,13905.0,4965.0,2137.0,0
2678,190000.0,2,33,2,2,-1,-1,0,-1,-1,0,17600.0,28629.0,-1805.0,-3800.0,-3418.0,38622.0,28629.0,0.0,0.0,0.0,38622.0,11477.0,0
2679,200000.0,2,42,2,1,-1,0,-1,0,0,0,-4000.0,50329.0,-3923.0,51836.0,-811.0,16499.0,50329.0,0.0,51836.0,0.0,2946.0,8740.0,0
2680,210000.0,1,44,3,1,0,0,0,0,0,-1,114654.0,80804.0,128539.0,96625.0,84944.0,103731.0,28439.0,7132.0,30148.0,5668.0,7513.0,103731.0,0
2681,60000.0,1,27,3,1,0,0,0,0,1,0,20406.0,32045.0,22684.0,30068.0,25642.0,26021.0,1112.0,893.0,327.0,3662.0,1082.0,1592.0,1
2682,430000.0,2,38,5,2,0,-2,0,-1,-2,0,119250.0,0.0,105458.0,50711.0,0.0,143054.0,0.0,23045.0,7271.0,0.0,107727.0,34695.0,0
2683,110000.0,2,41,4,1,-1,0,-2,0,2,0,18602.0,22989.0,0.0,12299.0,23019.0,827.0,22989.0,0.0,3631.0,2131.0,58.0,65.0,0
2684,270000.0,2,44,2,2,1,0,0,-1,0,0,178356.0,190744.0,139470.0,168618.0,167410.0,160521.0,3769.0,16993.0,7324.0,167410.0,3191.0,49482.0,0
2685,720000.0,2,27,1,3,0,-1,-1,2,1,0,102611.0,107863.0,97095.0,270137.0,158065.0,273652.0,9717.0,97095.0,270137.0,14382.0,32067.0,28814.0,1
2686,90000.0,2,34,2,2,-1,0,0,-2,-1,0,42663.0,49170.0,34865.0,0.0,44434.0,42275.0,49170.0,2259.0,0.0,3387.0,42275.0,3666.0,0
2687,320000.0,1,61,1,1,-2,0,-1,-1,-1,0,0.0,33818.0,62714.0,35643.0,16537.0,46452.0,24462.0,47248.0,35643.0,16537.0,46452.0,29391.0,0
2688,140000.0,2,54,2,1,-1,0,0,-2,-1,0,12228.0,-2800.0,6706.0,0.0,14095.0,17870.0,0.0,3734.0,0.0,4228.0,17870.0,4380.0,0
2689,180000.0,1,30,1,2,0,0,-1,0,-1,0,125590.0,101094.0,89679.0,97659.0,106087.0,113914.0,25964.0,19908.0,97659.0,4891.0,113914.0,2396.0,1
2690,150000.0,2,32,2,1,2,1,0,-1,0,-1,74591.0,71666.0,68743.0,78739.0,68557.0,73041.0,991.0,4429.0,11461.0,68557.0,13584.0,73041.0,1
2691,130000.0,1,43,2,2,0,0,0,0,0,0,59919.0,51767.0,50751.0,57961.0,33978.0,51582.0,3116.0,14146.0,6317.0,869.0,4265.0,15406.0,0
2692,160000.0,1,27,1,2,0,0,-1,-1,-1,-1,8356.0,-2043.0,23823.0,26545.0,27150.0,5299.0,0.0,10541.0,26545.0,27150.0,5299.0,5299.0,0
2693,140000.0,1,28,3,2,0,-1,-1,-1,0,-1,7301.0,13064.0,-723.0,7976.0,10027.0,7813.0,8811.0,0.0,7976.0,10027.0,2482.0,7813.0,0
2694,70000.0,1,33,1,2,0,-1,0,-1,0,-1,15867.0,37516.0,25020.0,28645.0,29170.0,32897.0,9330.0,25020.0,7504.0,29170.0,6169.0,32897.0,0
2695,70000.0,1,32,2,1,0,0,0,0,0,-2,16652.0,8911.0,20997.0,24875.0,17998.0,0.0,2044.0,8106.0,4949.0,3572.0,0.0,0.0,0
2696,120000.0,2,34,1,1,0,0,-1,-1,-1,0,50118.0,46083.0,59341.0,36097.0,62035.0,50684.0,8272.0,3024.0,36097.0,62035.0,50684.0,20263.0,0
2697,80000.0,1,51,1,1,1,2,0,0,0,0,49362.0,45910.0,45797.0,45956.0,38273.0,48179.0,1851.0,593.0,1746.0,4439.0,4486.0,2872.0,0
2698,190000.0,1,51,2,1,0,0,0,0,0,-2,66074.0,89792.0,107004.0,104685.0,65323.0,0.0,15313.0,6718.0,19931.0,2010.0,0.0,0.0,0
2699,130000.0,2,38,1,1,0,0,0,0,0,1,69316.0,65461.0,64689.0,73400.0,59747.0,63093.0,7633.0,3581.0,3937.0,7024.0,8272.0,3006.0,0
2700,90000.0,2,29,1,2,-1,0,3,2,1,-2,32626.0,43300.0,29061.0,27819.0,49256.0,0.0,43300.0,4355.0,2670.0,1284.0,0.0,0.0,0
2701,40000.0,2,37,3,1,-2,0,0,0,0,-2,0.0,16889.0,23277.0,20537.0,19858.0,0.0,723.0,2008.0,444.0,1133.0,0.0,0.0,0
2702,100000.0,2,37,1,2,0,0,0,-2,0,1,53967.0,57357.0,64759.0,0.0,51191.0,65998.0,14358.0,7889.0,0.0,4560.0,3667.0,1337.0,0
2703,130000.0,2,39,3,2,0,0,0,0,0,-2,112428.0,103522.0,95022.0,86915.0,94152.0,0.0,8109.0,5789.0,16197.0,3374.0,0.0,0.0,0
2704,50000.0,2,36,2,2,-1,-1,0,-1,0,-1,20314.0,10862.0,10483.0,12242.0,10934.0,10966.0,10862.0,10483.0,2762.0,10934.0,3170.0,10966.0,0
2705,260000.0,2,42,2,3,0,2,0,-1,0,0,147585.0,182003.0,166620.0,150331.0,147581.0,141983.0,8749.0,6138.0,5661.0,147581.0,16736.0,13228.0,0
2706,260000.0,1,31,1,2,0,-1,-1,0,0,0,78621.0,46759.0,12953.0,50656.0,41186.0,72256.0,15761.0,12953.0,50656.0,2271.0,5978.0,11984.0,1
2707,110000.0,1,32,3,2,0,0,-1,-1,-1,0,43036.0,46312.0,50835.0,33044.0,32993.0,26099.0,4474.0,2138.0,33044.0,32993.0,26099.0,3864.0,0
2708,50000.0,2,25,1,2,-1,0,-1,0,0,-2,24284.0,25676.0,23756.0,20945.0,18498.0,0.0,25676.0,14083.0,20945.0,10495.0,0.0,0.0,0
2709,80000.0,1,44,2,1,-1,0,0,0,2,-1,50108.0,37645.0,43654.0,55072.0,53086.0,45748.0,37645.0,3800.0,5251.0,4937.0,290.0,45748.0,0
2710,230000.0,2,25,2,2,-1,-1,-1,-1,-2,0,88057.0,68958.0,67260.0,49340.0,0.0,56989.0,68958.0,67260.0,49340.0,0.0,3519.0,22343.0,0
2711,90000.0,1,30,2,2,-1,-1,0,0,-1,0,20792.0,32823.0,27414.0,12211.0,19034.0,20836.0,32823.0,27414.0,5649.0,2101.0,20836.0,7985.0,0
2712,110000.0,2,37,1,1,0,-1,0,3,2,1,47969.0,68021.0,69180.0,45445.0,54010.0,46844.0,3042.0,69180.0,3025.0,803.0,2104.0,403.0,0
2713,90000.0,2,51,2,2,-2,0,0,-2,-2,-2,0.0,36153.0,32641.0,0.0,0.0,0.0,11420.0,4513.0,0.0,0.0,0.0,0.0,1
2714,250000.0,2,41,1,1,-1,-1,0,0,0,0,55518.0,20133.0,80892.0,23833.0,17262.0,30980.0,20133.0,80892.0,6260.0,7084.0,7476.0,2235.0,1
2715,30000.0,2,30,2,1,0,0,0,0,-1,0,3195.0,5028.0,9340.0,9478.0,7280.0,8777.0,2182.0,508.0,4768.0,734.0,8777.0,647.0,0
2716,240000.0,1,31,2,1,-1,0,1,0,0,2,65182.0,67137.0,82744.0,115924.0,96409.0,101724.0,67137.0,12226.0,2726.0,48351.0,49070.0,2892.0,0
2717,200000.0,2,32,1,2,5,4,3,4,3,2,162429.0,183865.0,169659.0,197683.0,138230.0,203108.0,1559.0,3759.0,1957.0,1553.0,3572.0,10914.0,0
2718,80000.0,2,57,2,2,-1,0,-2,0,0,0,34743.0,35975.0,0.0,33112.0,28138.0,46190.0,35975.0,0.0,1774.0,1499.0,3005.0,4384.0,0
2719,270000.0,2,34,1,1,0,-1,-1,-1,0,0,68371.0,10852.0,26877.0,33112.0,22341.0,40400.0,4119.0,26877.0,33112.0,22341.0,15339.0,24933.0,0
2720,20000.0,2,28,2,2,0,0,0,0,-1,0,4573.0,3512.0,6326.0,2279.0,4222.0,301.0,487.0,1394.0,487.0,916.0,301.0,71.0,0
2721,80000.0,2,43,1,2,0,-1,0,0,0,0,35214.0,36784.0,30433.0,28985.0,15762.0,19089.0,14888.0,30433.0,14789.0,6331.0,3615.0,2676.0,0
2722,210000.0,2,33,1,1,4,3,2,1,0,0,136469.0,157654.0,149778.0,134716.0,159809.0,138781.0,1648.0,740.0,410.0,338.0,6212.0,9858.0,0
2723,450000.0,2,25,1,2,-1,0,0,0,0,0,273352.0,127950.0,209816.0,237739.0,201897.0,284682.0,127950.0,31744.0,39108.0,15963.0,42974.0,40395.0,0
2724,40000.0,2,30,3,2,3,2,0,3,2,1,33093.0,35863.0,25567.0,26291.0,34020.0,35716.0,361.0,288.0,661.0,200.0,195.0,583.0,1
2725,30000.0,2,35,3,2,0,0,0,0,0,1,8887.0,14424.0,12474.0,11373.0,12433.0,17635.0,602.0,875.0,384.0,948.0,1204.0,418.0,1
2726,120000.0,2,34,2,2,0,1,0,1,2,0,80313.0,81345.0,79449.0,92235.0,84467.0,88674.0,4625.0,1782.0,4184.0,309.0,2084.0,5816.0,0
2727,130000.0,2,31,2,1,0,-1,0,-1,-1,-1,-2600.0,-2600.0,5856.0,13236.0,20780.0,-2600.0,0.0,5856.0,6766.0,20780.0,0.0,0.0,0
2728,70000.0,1,35,2,2,0,-1,-1,0,-1,-2,-1400.0,12463.0,-1400.0,8563.0,8873.0,0.0,2095.0,0.0,8563.0,986.0,0.0,0.0,0
2729,100000.0,2,32,1,2,1,2,0,-2,-2,0,64205.0,73614.0,73108.0,0.0,0.0,58906.0,2504.0,1785.0,0.0,0.0,4491.0,4221.0,0
2730,260000.0,2,30,3,2,-1,0,-1,0,0,1,112416.0,117019.0,59656.0,86048.0,127367.0,81176.0,117019.0,5170.0,86048.0,31197.0,7454.0,3403.0,0
2731,90000.0,1,34,1,2,0,0,0,0,-1,-1,10007.0,8939.0,17707.0,22264.0,9988.0,7110.0,1197.0,2565.0,12842.0,1748.0,7110.0,7110.0,0
2732,40000.0,2,28,2,1,3,2,0,2,-1,0,16022.0,15100.0,9488.0,14903.0,15878.0,13740.0,367.0,141.0,242.0,951.0,13740.0,786.0,0
2733,70000.0,2,39,3,1,-1,-1,0,0,-2,-2,23409.0,23178.0,12840.0,19555.0,0.0,0.0,23178.0,12840.0,2626.0,0.0,0.0,0.0,0
2734,410000.0,2,29,1,2,1,0,-1,0,0,0,61483.0,111003.0,139781.0,81143.0,115507.0,73423.0,2363.0,22415.0,81143.0,23966.0,14391.0,6185.0,1
2735,150000.0,1,36,3,2,0,-1,0,0,-1,0,45509.0,32941.0,27492.0,25663.0,31119.0,40518.0,19996.0,27492.0,3669.0,13668.0,40518.0,12791.0,0
2736,120000.0,2,32,2,1,0,0,-1,0,0,-1,24541.0,17140.0,40738.0,33438.0,39874.0,18193.0,2702.0,4127.0,33438.0,22573.0,8183.0,18193.0,0
2737,80000.0,2,48,1,1,0,0,-1,0,-1,-1,31188.0,24626.0,28444.0,24201.0,37107.0,27626.0,1351.0,5932.0,24201.0,5457.0,27626.0,27626.0,0
2738,110000.0,2,32,2,2,0,0,0,0,0,0,8189.0,23721.0,37845.0,10943.0,28629.0,32763.0,15888.0,8422.0,4801.0,4917.0,6356.0,2577.0,0
2739,1000000.0,2,42,1,2,0,-1,-1,-1,0,0,671248.0,468414.0,578974.0,466683.0,487878.0,547946.0,98403.0,578974.0,466683.0,487878.0,115738.0,219584.0,0
2740,240000.0,2,55,2,1,0,0,-2,-1,0,-1,104782.0,72797.0,0.0,88755.0,81054.0,53892.0,31570.0,0.0,47210.0,81054.0,13968.0,53892.0,1
2741,250000.0,1,32,2,2,0,0,0,0,0,0,110533.0,165592.0,151105.0,211037.0,145182.0,134864.0,7755.0,6446.0,87113.0,7609.0,23111.0,6223.0,0
2742,50000.0,1,50,2,1,3,2,0,0,0,0,24980.0,30758.0,27115.0,31159.0,26218.0,25825.0,607.0,464.0,1807.0,3247.0,10443.0,2921.0,0
2743,120000.0,1,29,1,2,1,0,0,0,-2,0,8119.0,17792.0,26937.0,29861.0,0.0,19147.0,1011.0,3628.0,9775.0,0.0,1916.0,2377.0,0
2744,130000.0,2,44,1,1,0,-1,-1,-1,2,0,28205.0,12471.0,48344.0,6601.0,43738.0,27484.0,5758.0,48344.0,6601.0,43738.0,3673.0,11186.0,0
2745,580000.0,1,34,1,2,0,0,3,2,0,0,400848.0,390154.0,385639.0,310066.0,366796.0,368737.0,6408.0,7917.0,2039.0,1234.0,4853.0,3039.0,0
2746,130000.0,2,56,2,1,0,0,-1,-1,0,0,33464.0,19322.0,11467.0,23687.0,16458.0,25262.0,9673.0,2922.0,23687.0,16458.0,6940.0,6038.0,0
2747,110000.0,2,26,2,2,-1,0,0,0,0,2,78236.0,80724.0,88821.0,73735.0,76756.0,75344.0,80724.0,7244.0,10040.0,1117.0,22111.0,615.0,0
2748,90000.0,1,36,2,1,0,-2,0,0,0,0,58714.0,0.0,59145.0,52001.0,43918.0,52805.0,0.0,4211.0,3589.0,1049.0,9286.0,10812.0,0
2749,20000.0,1,42,2,1,0,0,0,0,0,-1,10802.0,7631.0,9151.0,9014.0,10529.0,10122.0,86.0,1558.0,2136.0,2469.0,419.0,10122.0,0
2750,230000.0,1,44,3,1,0,0,0,0,0,0,50703.0,79345.0,82966.0,105315.0,62925.0,95409.0,7044.0,6350.0,6731.0,1610.0,49853.0,5604.0,0
2751,30000.0,2,34,2,2,0,0,0,3,2,0,21649.0,21450.0,19096.0,24820.0,17795.0,21368.0,2073.0,2275.0,932.0,204.0,1478.0,234.0,0
2752,110000.0,1,34,1,1,0,0,0,0,0,-1,1098.0,23777.0,18291.0,8815.0,24400.0,27706.0,10378.0,5322.0,4778.0,7630.0,7112.0,27706.0,1
2753,60000.0,2,35,1,2,2,-1,0,0,2,-1,10312.0,14638.0,7792.0,15457.0,8530.0,9627.0,264.0,7792.0,1200.0,3054.0,676.0,9627.0,0
2754,80000.0,1,32,2,2,2,-1,4,3,2,1,17276.0,9798.0,21481.0,20979.0,15875.0,14055.0,255.0,21481.0,702.0,263.0,528.0,793.0,0
2755,80000.0,1,30,2,2,0,0,0,1,0,0,37721.0,43434.0,35031.0,41613.0,34450.0,29227.0,5360.0,5677.0,10273.0,927.0,7385.0,4182.0,0
2756,130000.0,1,41,1,2,-1,0,-2,-1,-1,0,43869.0,43452.0,0.0,37226.0,57392.0,67956.0,43452.0,0.0,18902.0,57392.0,67956.0,38637.0,0
2757,400000.0,2,48,2,1,0,0,-2,0,-1,-2,32102.0,-8000.0,0.0,103175.0,47275.0,0.0,0.0,0.0,27563.0,8334.0,0.0,0.0,0
2758,40000.0,1,32,3,1,-1,0,0,0,1,0,22811.0,18531.0,20083.0,20653.0,21394.0,20576.0,18531.0,554.0,1468.0,1346.0,1129.0,776.0,0
2759,90000.0,2,25,2,2,0,0,-1,-2,0,0,35012.0,26788.0,38794.0,0.0,18846.0,27719.0,5227.0,9250.0,0.0,7918.0,3422.0,6639.0,1
2760,280000.0,2,43,1,2,-1,0,0,0,-1,-1,60876.0,45363.0,51671.0,59515.0,66611.0,57497.0,45363.0,13744.0,20302.0,7538.0,57497.0,57497.0,0
2761,100000.0,1,39,2,1,0,0,0,0,0,1,35446.0,19963.0,36749.0,31146.0,33625.0,28213.0,2005.0,4072.0,5063.0,3467.0,1608.0,388.0,0
2762,90000.0,1,37,2,2,2,0,0,0,3,2,51359.0,62272.0,59830.0,57711.0,49527.0,59657.0,590.0,2140.0,408.0,1182.0,1367.0,867.0,1
2763,720000.0,2,40,1,1,-1,0,-1,0,-1,-2,63852.0,-3655.0,106690.0,-14400.0,55132.0,0.0,0.0,36782.0,0.0,33294.0,0.0,0.0,0
2764,330000.0,2,44,1,1,-1,-1,-1,-1,0,0,57750.0,7743.0,34238.0,62057.0,2239.0,52160.0,7743.0,34238.0,62057.0,2239.0,29792.0,24082.0,0
2765,60000.0,1,43,3,1,0,0,4,3,2,1,31193.0,29446.0,28841.0,24572.0,18572.0,24578.0,1067.0,3643.0,114.0,456.0,461.0,370.0,1
2766,200000.0,1,31,1,2,0,-1,-1,-1,-1,-1,28856.0,33639.0,34875.0,18965.0,34976.0,37662.0,16810.0,34875.0,18965.0,34976.0,37662.0,37662.0,0
2767,70000.0,2,37,2,2,1,-2,0,0,0,-1,19773.0,0.0,15854.0,25977.0,21284.0,20949.0,0.0,2736.0,3751.0,4396.0,3209.0,20949.0,0
2768,220000.0,2,27,1,1,0,-2,0,0,2,1,98672.0,0.0,145408.0,163459.0,164352.0,113383.0,0.0,1790.0,15662.0,25109.0,5730.0,3302.0,0
2769,40000.0,2,28,2,1,0,0,0,0,0,0,24944.0,26547.0,24171.0,18859.0,23125.0,23958.0,1361.0,3373.0,444.0,1148.0,5138.0,2061.0,1
2770,300000.0,2,32,1,1,0,-1,-1,0,0,-1,61015.0,39395.0,79560.0,37537.0,64810.0,73644.0,6516.0,79560.0,37537.0,24982.0,33383.0,73644.0,0
2771,220000.0,2,34,1,1,0,0,0,0,-2,-1,-4400.0,43713.0,31047.0,31951.0,0.0,39654.0,10394.0,4555.0,4485.0,0.0,10210.0,39654.0,0
2772,200000.0,2,28,1,2,0,0,-1,-2,0,-1,106981.0,132409.0,131256.0,0.0,117917.0,126288.0,23505.0,39288.0,0.0,17024.0,9688.0,126288.0,0
2773,110000.0,2,27,2,2,-1,0,0,-1,0,0,50003.0,65062.0,63509.0,58022.0,57998.0,49863.0,65062.0,26616.0,5297.0,57998.0,17068.0,24357.0,0
2774,140000.0,2,33,2,2,0,0,-2,-2,0,-2,63783.0,44112.0,0.0,0.0,23198.0,0.0,20091.0,0.0,0.0,1751.0,0.0,0.0,0
2775,60000.0,2,27,2,2,0,0,-2,0,0,1,27110.0,37215.0,0.0,34693.0,32312.0,34646.0,7247.0,0.0,14844.0,8030.0,4678.0,2436.0,0
2776,190000.0,2,38,1,1,0,0,0,-2,3,2,47956.0,47654.0,54593.0,0.0,64536.0,54524.0,4099.0,15784.0,0.0,10671.0,804.0,1118.0,0
2777,180000.0,1,31,2,1,0,0,-1,0,0,-1,69028.0,15700.0,64286.0,35946.0,47339.0,40622.0,1451.0,2498.0,35946.0,17967.0,3528.0,40622.0,0
2778,130000.0,1,39,3,1,0,-2,-1,-1,-1,0,2954.0,0.0,-1322.0,18515.0,17658.0,30462.0,0.0,0.0,18515.0,17658.0,30462.0,8314.0,0
2779,80000.0,2,51,2,1,0,0,-2,-1,0,0,50090.0,49974.0,0.0,45150.0,52928.0,54453.0,10847.0,0.0,2629.0,52928.0,11801.0,2761.0,1
2780,170000.0,1,29,2,2,-1,-2,0,0,0,-1,49685.0,0.0,70736.0,57916.0,56632.0,65218.0,0.0,10214.0,3788.0,8529.0,4366.0,65218.0,1
2781,60000.0,2,23,1,2,6,5,4,3,2,1,39696.0,48599.0,42826.0,43407.0,45911.0,51422.0,997.0,267.0,2747.0,381.0,468.0,5564.0,1
2782,110000.0,2,40,1,2,0,0,-1,0,0,0,42444.0,9910.0,34001.0,26403.0,23862.0,23751.0,1119.0,8906.0,26403.0,4103.0,1337.0,2300.0,0
2783,60000.0,2,25,2,2,0,-1,-1,0,0,0,29650.0,31311.0,25341.0,17386.0,23630.0,33035.0,5602.0,25341.0,17386.0,5779.0,19409.0,6526.0,1
2784,110000.0,1,33,1,1,1,0,0,-2,0,-1,49058.0,46390.0,54450.0,0.0,56504.0,60931.0,1061.0,7898.0,0.0,3029.0,17328.0,60931.0,0
2785,90000.0,2,45,3,2,7,6,5,4,3,2,67675.0,74379.0,54865.0,67109.0,69756.0,59119.0,1868.0,346.0,316.0,1146.0,769.0,588.0,1
2786,180000.0,2,29,2,2,0,2,1,0,1,0,152838.0,123953.0,124650.0,119008.0,144281.0,129435.0,5006.0,1004.0,361.0,9235.0,959.0,1749.0,0
2787,370000.0,1,36,1,2,2,0,0,3,2,-2,268167.0,320558.0,258669.0,301801.0,244456.0,0.0,10018.0,54346.0,37309.0,1854.0,0.0,0.0,1
2788,170000.0,2,37,2,1,-2,0,0,0,0,-1,0.0,6577.0,-3400.0,18789.0,-3400.0,10143.0,4870.0,0.0,7045.0,0.0,5325.0,10143.0,0
2789,100000.0,2,33,1,1,4,3,2,1,0,1,79399.0,59354.0,67088.0,73344.0,68848.0,74668.0,1606.0,415.0,232.0,1607.0,2027.0,518.0,1
2790,160000.0,1,38,3,2,-2,-1,-1,-1,0,0,0.0,52005.0,37173.0,35364.0,32988.0,56275.0,6116.0,37173.0,35364.0,32988.0,1878.0,4691.0,0
2791,260000.0,1,41,2,2,0,-2,0,0,0,0,61020.0,0.0,111516.0,73319.0,83879.0,91348.0,0.0,26033.0,14507.0,5176.0,13740.0,24414.0,1
2792,60000.0,1,24,2,2,0,0,0,0,0,1,49326.0,41506.0,41192.0,44060.0,42712.0,42405.0,2542.0,1332.0,8338.0,1220.0,5138.0,1123.0,0
2793,90000.0,2,46,1,1,0,1,0,0,0,0,36837.0,36005.0,20097.0,20413.0,36627.0,33886.0,1013.0,219.0,1699.0,14017.0,1546.0,4890.0,1
2794,100000.0,2,29,2,2,-1,0,-1,-1,-1,-2,7487.0,11083.0,2595.0,-2000.0,9762.0,0.0,11083.0,797.0,0.0,9762.0,0.0,0.0,0
2795,530000.0,1,44,2,1,0,0,0,0,-1,0,160254.0,181949.0,222607.0,219130.0,187271.0,146433.0,13693.0,22898.0,13520.0,19977.0,146433.0,5244.0,0
2796,90000.0,1,25,2,2,0,0,-1,-1,-2,0,12182.0,334.0,4376.0,17277.0,0.0,11396.0,120.0,1320.0,17277.0,0.0,6340.0,2736.0,0
2797,140000.0,2,25,1,2,2,1,0,-2,0,0,112839.0,106537.0,86631.0,0.0,85172.0,101457.0,1288.0,3742.0,0.0,3975.0,651.0,11449.0,1
2798,240000.0,2,49,2,1,0,0,0,0,0,0,49889.0,113794.0,58440.0,54820.0,74523.0,98283.0,17999.0,26445.0,8188.0,17736.0,13657.0,12170.0,0
2799,40000.0,2,36,3,2,0,-2,0,2,0,-1,14495.0,0.0,20995.0,24217.0,22243.0,24155.0,0.0,3263.0,6618.0,1499.0,3352.0,24155.0,0
2800,60000.0,2,36,2,2,0,-2,0,-1,0,0,10501.0,0.0,559.0,8427.0,18696.0,18331.0,0.0,35.0,2289.0,18696.0,4233.0,3006.0,0
2801,130000.0,2,49,4,1,0,0,0,0,0,0,54818.0,59959.0,46455.0,64083.0,60938.0,31893.0,1639.0,3784.0,6187.0,7514.0,2389.0,5565.0,0
2802,230000.0,2,37,2,1,0,0,1,-2,0,0,213743.0,247092.0,221065.0,0.0,213888.0,192254.0,1249.0,7405.0,0.0,10171.0,13608.0,26828.0,1
2803,70000.0,2,35,3,2,-1,-1,0,0,0,0,20121.0,21420.0,14923.0,18747.0,18076.0,19054.0,21420.0,14923.0,2635.0,649.0,2552.0,3346.0,0
2804,100000.0,1,27,1,2,0,0,4,3,2,0,30506.0,27885.0,35791.0,39164.0,21210.0,24036.0,2645.0,9340.0,1183.0,1249.0,1307.0,4430.0,0
2805,40000.0,1,34,2,1,0,0,0,0,-1,-1,10922.0,13135.0,13668.0,18757.0,13687.0,16447.0,2200.0,4044.0,2027.0,2068.0,16447.0,16447.0,0
2806,370000.0,2,36,2,2,1,0,0,0,0,1,313276.0,247544.0,242997.0,353403.0,288980.0,299648.0,3955.0,15547.0,27381.0,3756.0,18261.0,10509.0,0
2807,50000.0,2,36,2,1,0,0,0,-1,0,0,18466.0,22928.0,19965.0,29119.0,20437.0,18112.0,602.0,1467.0,994.0,20437.0,1152.0,1358.0,0
2808,190000.0,1,22,3,2,0,-1,-1,-1,0,-1,60747.0,50163.0,81572.0,82149.0,59914.0,65593.0,8958.0,81572.0,82149.0,59914.0,2830.0,65593.0,0
2809,110000.0,2,40,1,2,-1,0,0,1,0,2,24738.0,21506.0,15316.0,41981.0,25079.0,30265.0,21506.0,1130.0,738.0,493.0,5156.0,462.0,0
2810,330000.0,1,51,2,2,-1,-1,-1,1,-1,-1,70068.0,59029.0,63812.0,95729.0,44952.0,68222.0,59029.0,63812.0,95729.0,1545.0,68222.0,68222.0,0
2811,610000.0,2,41,1,1,-1,3,2,-1,0,-1,47675.0,124061.0,34108.0,204843.0,111618.0,132247.0,124061.0,3780.0,16290.0,111618.0,19739.0,132247.0,0
2812,50000.0,1,39,3,2,0,-1,1,0,-2,0,6052.0,311.0,7439.0,10334.0,0.0,4986.0,113.0,7439.0,1065.0,0.0,1699.0,1426.0,0
2813,190000.0,1,37,2,1,0,-1,0,-1,-1,-1,-3800.0,46496.0,32428.0,17073.0,17172.0,11245.0,27426.0,32428.0,3593.0,17172.0,11245.0,11245.0,0
2814,280000.0,1,31,1,2,0,3,2,0,0,0,144241.0,145225.0,199100.0,170771.0,149207.0,202663.0,20582.0,4266.0,17660.0,21684.0,49197.0,2425.0,0
2815,420000.0,1,36,1,2,-1,0,0,1,-1,-2,159006.0,164808.0,168470.0,132143.0,179900.0,0.0,164808.0,49603.0,43449.0,14622.0,0.0,0.0,0
2816,130000.0,2,31,1,2,2,0,-1,0,0,0,65254.0,59931.0,53594.0,69300.0,51790.0,68871.0,3609.0,534.0,69300.0,1338.0,3092.0,9517.0,1
2817,390000.0,2,31,1,2,0,0,0,0,0,0,246396.0,191670.0,261237.0,231699.0,180260.0,197507.0,35457.0,18646.0,7573.0,9387.0,53215.0,55406.0,0
2818,100000.0,2,37,3,1,-1,0,1,-2,0,-1,59578.0,68581.0,49558.0,0.0,53400.0,54714.0,68581.0,433.0,0.0,8456.0,950.0,54714.0,0
2819,50000.0,2,41,3,1,0,0,0,0,0,0,24085.0,21219.0,23170.0,24716.0,18784.0,28954.0,429.0,2109.0,825.0,1169.0,2544.0,914.0,1
2820,250000.0,2,38,2,2,0,0,0,0,-2,0,193414.0,166272.0,178513.0,161692.0,0.0,177930.0,15733.0,9824.0,16876.0,0.0,16290.0,20326.0,0
2821,290000.0,1,33,2,2,0,0,0,-1,-1,0,85368.0,89428.0,79205.0,95507.0,100299.0,108803.0,25578.0,13187.0,40054.0,100299.0,108803.0,2480.0,0
2822,120000.0,2,37,2,2,0,0,-2,0,0,-2,38996.0,47365.0,0.0,32572.0,43328.0,0.0,15040.0,0.0,8045.0,10579.0,0.0,0.0,0
2823,110000.0,1,33,2,1,-1,-2,-1,-2,0,0,71949.0,0.0,77295.0,0.0,78235.0,77129.0,0.0,4261.0,0.0,2999.0,6113.0,13254.0,1
2824,210000.0,2,36,2,2,-1,0,-1,0,0,-1,27371.0,26368.0,26670.0,30731.0,40990.0,64516.0,26368.0,11215.0,30731.0,8329.0,19989.0,64516.0,0
2825,510000.0,2,26,1,2,-1,-1,0,0,-1,-2,33433.0,-3258.0,100277.0,32419.0,33798.0,0.0,0.0,100277.0,14211.0,22846.0,0.0,0.0,0
2826,70000.0,1,29,1,2,-1,0,0,0,0,0,5980.0,10099.0,15858.0,4073.0,723.0,11361.0,10099.0,2769.0,1516.0,156.0,1849.0,1900.0,0
2827,240000.0,2,29,2,2,-1,0,-2,-2,0,0,31119.0,25267.0,0.0,0.0,23027.0,12095.0,25267.0,0.0,0.0,6711.0,4516.0,1549.0,0
2828,870000.0,2,51,1,2,1,2,0,-2,0,0,111528.0,139208.0,205229.0,0.0,257206.0,226144.0,9994.0,533.0,0.0,31306.0,14886.0,37479.0,1
2829,40000.0,1,27,3,2,2,1,0,0,2,1,35086.0,29820.0,31047.0,29422.0,29099.0,31338.0,502.0,249.0,405.0,2280.0,621.0,213.0,1
2830,250000.0,2,34,1,1,-1,0,0,0,0,0,40138.0,21182.0,60569.0,39272.0,39196.0,-703.0,21182.0,3255.0,8284.0,18481.0,0.0,0.0,1
2831,100000.0,1,38,3,2,-1,-1,-2,-1,0,0,27089.0,23164.0,0.0,27724.0,13751.0,9140.0,23164.0,0.0,7737.0,13751.0,2416.0,3567.0,0
2832,220000.0,1,36,1,1,-1,0,-1,0,0,0,3451.0,19606.0,-4400.0,21685.0,50029.0,13793.0,19606.0,0.0,21685.0,9736.0,6719.0,4316.0,0
2833,460000.0,2,43,1,1,0,0,-1,-1,0,0,115363.0,82740.0,97600.0,138641.0,149626.0,143842.0,12054.0,19970.0,138641.0,149626.0,29337.0,23820.0,0
2834,40000.0,2,29,2,2,5,4,3,2,3,2,36506.0,36351.0,37650.0,35641.0,37693.0,37441.0,331.0,654.0,245.0,150.0,93.0,206.0,1
2835,90000.0,2,43,2,2,0,0,0,0,2,0,36897.0,19671.0,31212.0,36903.0,27742.0,38414.0,3309.0,1245.0,3670.0,4862.0,5733.0,21558.0,1
2836,50000.0,1,43,4,1,1,2,1,0,2,1,17754.0,20670.0,23120.0,21599.0,21227.0,16226.0,134.0,278.0,97.0,4466.0,170.0,162.0,1
2837,110000.0,1,45,2,2,-1,-1,0,3,2,1,73745.0,51276.0,57869.0,53290.0,55086.0,41313.0,51276.0,57869.0,2830.0,770.0,1187.0,2061.0,0
2838,370000.0,2,43,3,2,-1,0,0,-1,0,0,10351.0,47128.0,-7400.0,59080.0,17575.0,56758.0,47128.0,0.0,27013.0,17575.0,18740.0,18028.0,0
2839,40000.0,2,39,3,1,0,0,0,-1,0,-2,34237.0,33984.0,34873.0,28093.0,36106.0,0.0,2010.0,524.0,1096.0,36106.0,0.0,0.0,1
2840,80000.0,1,26,5,1,1,0,2,1,0,0,44322.0,55545.0,52326.0,54877.0,50179.0,46338.0,507.0,6718.0,206.0,950.0,1197.0,366.0,0
2841,80000.0,2,39,2,1,1,0,0,-1,0,0,59754.0,66421.0,53796.0,46811.0,72474.0,55638.0,890.0,10940.0,4567.0,72474.0,1775.0,11343.0,1
2842,160000.0,2,33,2,1,0,0,3,2,0,0,48609.0,72339.0,62763.0,23009.0,31788.0,69792.0,12422.0,13847.0,1504.0,605.0,8444.0,15290.0,0
2843,150000.0,2,42,1,1,0,-1,0,0,-1,0,117950.0,115869.0,131313.0,153135.0,112713.0,98355.0,2119.0,131313.0,3308.0,6431.0,98355.0,3051.0,1
2844,70000.0,2,41,2,2,1,0,0,-1,2,1,33629.0,42483.0,36417.0,39920.0,29688.0,31957.0,2025.0,1777.0,3453.0,29688.0,1648.0,451.0,0
2845,70000.0,2,31,2,2,-1,0,0,-1,0,0,36939.0,35394.0,34306.0,34855.0,37805.0,31624.0,35394.0,631.0,5019.0,37805.0,1870.0,536.0,0
2846,150000.0,2,32,1,1,0,0,0,0,2,1,104541.0,76081.0,112042.0,92054.0,85991.0,91457.0,4331.0,56740.0,11547.0,2642.0,2279.0,2582.0,0
2847,40000.0,2,37,3,1,2,1,2,1,2,0,33329.0,28440.0,27720.0,34503.0,27134.0,24602.0,68.0,156.0,81.0,31.0,122.0,485.0,1
2848,30000.0,2,42,1,2,2,0,0,-1,-1,0,16148.0,13611.0,14982.0,12945.0,14563.0,14475.0,786.0,6026.0,1226.0,14563.0,14475.0,1838.0,0
2849,500000.0,2,55,1,1,-2,0,-2,0,0,-1,0.0,131245.0,0.0,154776.0,169575.0,122234.0,96191.0,0.0,7120.0,11222.0,9160.0,122234.0,0
2850,190000.0,2,36,1,1,0,-1,-1,-1,0,0,23696.0,12591.0,14694.0,27104.0,22323.0,9503.0,2070.0,14694.0,27104.0,22323.0,4171.0,2920.0,0
2851,110000.0,1,34,1,1,0,0,1,0,0,0,51694.0,44237.0,42832.0,55274.0,40470.0,63446.0,7033.0,2309.0,1499.0,16879.0,5643.0,15036.0,0
2852,100000.0,2,28,2,2,-1,2,-2,0,0,0,36330.0,25537.0,0.0,30164.0,30269.0,24148.0,25537.0,0.0,4048.0,8804.0,3152.0,1988.0,1
2853,200000.0,2,35,2,2,0,-1,0,0,-1,-2,68070.0,70750.0,52278.0,71130.0,42647.0,0.0,6284.0,52278.0,14744.0,7187.0,0.0,0.0,0
2854,60000.0,1,27,2,2,0,0,0,1,0,0,29761.0,8745.0,19421.0,25970.0,16873.0,17752.0,246.0,1862.0,2623.0,660.0,4295.0,2235.0,0
2855,110000.0,2,28,2,2,0,0,0,-2,1,0,54052.0,48517.0,49245.0,0.0,35142.0,42030.0,11298.0,3343.0,0.0,8593.0,1388.0,5404.0,1
2856,60000.0,1,37,3,1,3,2,1,0,3,2,38747.0,31753.0,32152.0,33352.0,37531.0,30492.0,83.0,102.0,132.0,510.0,153.0,2076.0,0
2857,270000.0,1,31,2,1,0,-2,4,3,2,1,150279.0,0.0,117774.0,125294.0,122616.0,83836.0,0.0,43625.0,1711.0,2236.0,948.0,4473.0,0
2858,20000.0,2,33,2,1,0,-2,0,3,2,1,6132.0,0.0,7976.0,5381.0,6676.0,5784.0,0.0,444.0,465.0,247.0,175.0,214.0,0
2859,40000.0,1,30,2,2,0,0,0,-1,0,-2,21353.0,19538.0,21388.0,14476.0,21815.0,0.0,2304.0,3439.0,379.0,21815.0,0.0,0.0,0
2860,250000.0,2,37,3,2,0,0,0,2,1,0,18238.0,63645.0,30444.0,34766.0,54170.0,52231.0,9393.0,9567.0,5420.0,5114.0,5812.0,11267.0,0
2861,50000.0,1,49,3,2,-1,0,-1,0,1,0,12498.0,12276.0,9037.0,11673.0,7895.0,7883.0,12276.0,1242.0,11673.0,1349.0,439.0,1184.0,0
2862,50000.0,2,30,3,2,0,0,0,-1,0,1,28812.0,27224.0,31506.0,33644.0,35276.0,36043.0,580.0,2353.0,3424.0,35276.0,934.0,556.0,0
2863,80000.0,1,38,1,1,3,2,1,0,0,0,50898.0,43043.0,48747.0,42607.0,44681.0,51231.0,320.0,187.0,1042.0,3726.0,1215.0,1738.0,1
2864,20000.0,1,58,3,2,-1,0,-2,0,0,-1,3969.0,7004.0,0.0,7793.0,3493.0,5285.0,7004.0,0.0,3228.0,903.0,2037.0,5285.0,0
2865,80000.0,2,35,3,1,0,-2,0,0,-1,0,29093.0,0.0,40937.0,19231.0,36592.0,23040.0,0.0,6486.0,1932.0,8021.0,23040.0,4353.0,0
2866,280000.0,2,36,1,1,0,0,-2,0,0,2,205059.0,168757.0,0.0,217037.0,220998.0,209563.0,10003.0,0.0,11635.0,7474.0,24546.0,25669.0,0
2867,140000.0,1,31,2,1,3,2,0,1,0,0,88583.0,79158.0,98021.0,85369.0,76509.0,93567.0,457.0,227.0,3084.0,772.0,3883.0,13534.0,1
2868,30000.0,1,23,3,2,0,0,0,0,0,-1,7460.0,9231.0,11395.0,8092.0,2051.0,6143.0,3716.0,2879.0,2665.0,229.0,733.0,6143.0,0
2869,90000.0,2,38,2,2,0,0,-1,0,0,-1,27900.0,39933.0,32786.0,50406.0,36478.0,27814.0,3669.0,4399.0,50406.0,10749.0,8157.0,27814.0,0
2870,360000.0,1,31,2,1,-1,0,0,0,-1,-1,50532.0,11204.0,79509.0,38357.0,55100.0,44219.0,11204.0,56935.0,6304.0,13172.0,44219.0,44219.0,0
2871,80000.0,1,42,3,1,2,0,0,1,2,1,57772.0,59243.0,57638.0,59015.0,48465.0,46644.0,1487.0,2646.0,1966.0,860.0,274.0,789.0,0
2872,50000.0,2,39,3,1,0,1,0,0,-2,0,5683.0,12565.0,12782.0,7621.0,0.0,10807.0,615.0,577.0,997.0,0.0,1613.0,1765.0,0
2873,210000.0,2,30,2,1,0,0,0,0,-1,-1,84102.0,96163.0,69296.0,66531.0,54089.0,97037.0,25469.0,5677.0,5367.0,7136.0,97037.0,97037.0,0
2874,130000.0,1,31,1,2,-2,0,0,2,0,0,0.0,54267.0,54799.0,47581.0,55821.0,40343.0,3223.0,12699.0,23197.0,8960.0,13890.0,19080.0,0
2875,40000.0,2,27,1,1,3,2,0,0,0,0,13521.0,17349.0,26882.0,23223.0,18944.0,23123.0,119.0,196.0,3765.0,1992.0,1497.0,856.0,1
2876,80000.0,2,24,1,2,0,-1,0,0,0,0,42363.0,25382.0,15273.0,43760.0,37395.0,22963.0,6316.0,15273.0,5724.0,5836.0,1821.0,3433.0,1
2877,240000.0,1,38,2,1,0,0,4,3,2,0,91255.0,83910.0,120659.0,151895.0,143715.0,97964.0,5224.0,2592.0,1338.0,1975.0,1336.0,8197.0,0
2878,130000.0,1,24,1,2,0,0,0,-1,0,0,43556.0,59776.0,39714.0,42411.0,43283.0,49405.0,8785.0,9510.0,1746.0,43283.0,1878.0,4294.0,0
2879,100000.0,1,25,2,2,-1,2,0,0,0,1,35942.0,44838.0,37845.0,45176.0,36967.0,27978.0,44838.0,215.0,5104.0,537.0,1845.0,70.0,0
2880,140000.0,2,34,3,1,0,2,0,0,0,0,71715.0,62932.0,79125.0,84172.0,81921.0,94348.0,6977.0,549.0,9496.0,11670.0,6970.0,5921.0,0
2881,60000.0,1,23,5,2,0,0,0,0,0,0,29372.0,20692.0,33458.0,34442.0,29678.0,26612.0,1958.0,3326.0,2043.0,1878.0,2038.0,2421.0,0
2882,60000.0,1,41,1,1,-2,0,0,0,1,0,0.0,8882.0,22453.0,20027.0,16872.0,14704.0,6200.0,4678.0,3328.0,786.0,789.0,3517.0,0
2883,140000.0,1,49,2,1,1,-2,0,0,0,-1,111607.0,0.0,100448.0,114176.0,117282.0,103101.0,0.0,3835.0,8147.0,4317.0,2140.0,103101.0,1
2884,110000.0,2,39,1,2,2,1,0,1,0,0,27510.0,45965.0,34818.0,38511.0,32952.0,39538.0,1012.0,343.0,1538.0,623.0,3173.0,1998.0,1
2885,90000.0,2,35,3,1,-1,0,0,0,0,-1,36351.0,18489.0,37749.0,17489.0,30278.0,29348.0,18489.0,8133.0,4361.0,18418.0,10422.0,29348.0,0
2886,110000.0,1,42,1,1,4,5,4,3,2,0,64634.0,69934.0,71152.0,59434.0,52768.0,62167.0,676.0,437.0,191.0,1311.0,135.0,6092.0,1
2887,90000.0,2,28,1,2,-1,0,-1,0,0,-1,22185.0,6082.0,14321.0,15531.0,36001.0,28873.0,6082.0,1300.0,15531.0,9465.0,1244.0,28873.0,0
2888,60000.0,2,28,1,2,0,-2,-2,-2,1,0,20415.0,0.0,0.0,0.0,23685.0,23530.0,0.0,0.0,0.0,672.0,1224.0,1857.0,0
2889,210000.0,1,35,1,0,-1,2,1,0,0,0,144712.0,148464.0,164343.0,169553.0,164344.0,161480.0,148464.0,3687.0,3768.0,57054.0,58069.0,5281.0,0
2890,480000.0,2,37,2,2,-1,0,0,-1,0,0,82668.0,93818.0,55758.0,166045.0,63383.0,136459.0,93818.0,12137.0,21231.0,63383.0,105671.0,22311.0,0
2891,70000.0,1,34,1,1,-1,0,0,2,1,2,12196.0,23175.0,21209.0,14046.0,23872.0,17711.0,23175.0,1931.0,2174.0,2592.0,959.0,437.0,0
2892,310000.0,2,47,2,1,0,-1,-1,-1,-1,0,80540.0,48074.0,50526.0,61641.0,62736.0,36044.0,12070.0,50526.0,61641.0,62736.0,36044.0,11523.0,0
2893,170000.0,1,49,3,1,2,0,0,0,0,-2,89433.0,99994.0,114593.0,122156.0,90859.0,0.0,1179.0,5001.0,18240.0,4202.0,0.0,0.0,1
2894,90000.0,2,49,2,1,-1,-1,-2,0,0,0,17184.0,11702.0,0.0,17089.0,17368.0,18853.0,11702.0,0.0,487.0,3054.0,3922.0,5644.0,0
2895,50000.0,2,28,2,1,0,2,1,0,-1,0,30752.0,29246.0,27154.0,27260.0,26217.0,25706.0,3404.0,1215.0,54.0,1377.0,25706.0,2772.0,0
2896,150000.0,2,22,0,2,0,-1,-2,0,1,0,53809.0,67513.0,0.0,60364.0,59084.0,44834.0,4832.0,0.0,2651.0,1434.0,2509.0,3189.0,0
2897,120000.0,2,28,1,2,1,2,-1,-1,-2,-1,37875.0,40710.0,47615.0,31818.0,0.0,20358.0,5433.0,4637.0,31818.0,0.0,7184.0,20358.0,0
2898,70000.0,2,33,3,2,-1,0,0,0,0,0,8876.0,17698.0,-1310.0,11278.0,7750.0,13380.0,17698.0,0.0,6839.0,2802.0,2547.0,7674.0,1
2899,100000.0,1,43,2,1,0,0,-1,0,-1,-1,11393.0,11549.0,2636.0,760.0,915.0,6143.0,2597.0,686.0,760.0,99.0,6143.0,6143.0,0
2900,750000.0,2,46,1,1,0,-1,0,-1,-1,0,213224.0,199673.0,55363.0,17554.0,159951.0,184768.0,35629.0,55363.0,6106.0,159951.0,184768.0,62926.0,0
2901,50000.0,1,27,1,2,0,0,0,0,2,0,33496.0,30206.0,30803.0,32095.0,23364.0,28252.0,3138.0,10959.0,345.0,2181.0,478.0,1110.0,1
2902,160000.0,2,35,2,1,0,0,1,-1,0,-1,57211.0,69040.0,74311.0,60266.0,59736.0,50713.0,22951.0,13225.0,2337.0,59736.0,7836.0,50713.0,0
2903,780000.0,2,50,1,1,0,-1,0,0,0,0,27669.0,156479.0,219642.0,209980.0,135562.0,116724.0,60808.0,219642.0,53987.0,90975.0,30197.0,43810.0,0
2904,100000.0,2,31,3,2,2,0,0,1,0,1,70608.0,88258.0,85212.0,101006.0,85971.0,90349.0,1139.0,1557.0,16343.0,957.0,8553.0,1748.0,1
2905,670000.0,1,77,3,1,2,1,0,0,0,1,254596.0,274598.0,316626.0,230695.0,299695.0,392833.0,10817.0,8948.0,26600.0,79380.0,2955.0,10981.0,0
2906,120000.0,2,34,2,2,0,3,2,1,2,1,73760.0,68980.0,66550.0,68886.0,76695.0,73357.0,1986.0,1764.0,584.0,429.0,145.0,879.0,0
2907,150000.0,1,42,2,1,0,0,0,0,-1,0,107851.0,127032.0,95549.0,126122.0,115951.0,112281.0,10247.0,8124.0,38311.0,7364.0,112281.0,7744.0,1
2908,190000.0,2,28,2,2,0,0,0,0,0,-1,126050.0,116196.0,100695.0,102765.0,109642.0,104563.0,6501.0,7312.0,6810.0,29323.0,6934.0,104563.0,1
2909,100000.0,2,61,2,2,0,0,0,0,1,-2,54785.0,71430.0,61425.0,63121.0,75235.0,0.0,2148.0,2686.0,3462.0,1623.0,0.0,0.0,1
2910,120000.0,2,32,2,1,0,0,0,0,0,-1,65924.0,70540.0,57377.0,58629.0,66136.0,58786.0,11000.0,16242.0,3542.0,4596.0,1529.0,58786.0,0
2911,170000.0,2,29,2,1,0,-2,-2,3,2,1,81623.0,0.0,0.0,59976.0,100594.0,80661.0,0.0,0.0,3028.0,3615.0,849.0,914.0,0
2912,70000.0,1,25,2,2,0,0,0,0,0,0,29852.0,27150.0,20220.0,23088.0,19987.0,16274.0,2415.0,1288.0,250.0,487.0,958.0,427.0,0
2913,180000.0,1,40,2,1,0,0,-2,1,0,-2,90861.0,90139.0,0.0,65655.0,71605.0,0.0,2505.0,0.0,17397.0,1587.0,0.0,0.0,1
2914,350000.0,2,29,1,1,-1,-1,-1,-1,-1,-1,25495.0,1102.0,52709.0,8496.0,12794.0,37744.0,1102.0,52709.0,8496.0,12794.0,37744.0,37744.0,0
2915,80000.0,1,35,1,2,-1,0,0,-1,-1,-1,17098.0,11213.0,26483.0,23798.0,14481.0,23382.0,11213.0,14131.0,11731.0,14481.0,23382.0,23382.0,0
2916,120000.0,1,39,2,1,0,-2,0,1,0,0,50760.0,0.0,70941.0,71329.0,75820.0,67321.0,0.0,5294.0,1173.0,1502.0,5261.0,7280.0,0
2917,190000.0,2,47,2,1,0,-1,3,4,3,2,110248.0,100624.0,88046.0,121895.0,108518.0,115984.0,5966.0,88046.0,1601.0,5292.0,1778.0,618.0,0
2918,80000.0,2,45,2,2,0,0,0,-1,-1,0,25753.0,43610.0,47640.0,36876.0,42905.0,43275.0,18951.0,16260.0,6001.0,42905.0,43275.0,8046.0,1
2919,250000.0,1,37,2,2,-1,-1,0,0,0,-1,40006.0,70469.0,65366.0,25053.0,43294.0,53284.0,70469.0,65366.0,10887.0,10368.0,9251.0,53284.0,0
2920,280000.0,2,31,2,2,1,0,0,0,0,0,239821.0,218563.0,226622.0,223512.0,202660.0,199670.0,1253.0,31831.0,8900.0,24956.0,8452.0,14199.0,0
2921,60000.0,2,29,3,1,-2,0,-1,0,0,0,0.0,34947.0,26997.0,33013.0,30366.0,38275.0,1222.0,5702.0,33013.0,5210.0,7977.0,2318.0,0
2922,160000.0,2,44,2,2,0,-1,0,0,1,-1,99465.0,44734.0,54148.0,83124.0,76785.0,73409.0,1303.0,54148.0,6935.0,18019.0,2371.0,73409.0,0
2923,70000.0,2,29,2,2,4,5,4,3,2,1,70282.0,51073.0,53517.0,56517.0,65839.0,60678.0,357.0,1613.0,263.0,936.0,856.0,1225.0,1
2924,80000.0,2,35,3,1,0,0,0,0,2,0,32152.0,31840.0,35402.0,41664.0,28414.0,29586.0,3018.0,5201.0,4756.0,2073.0,412.0,674.0,0
2925,240000.0,2,36,1,1,2,0,0,0,1,0,118752.0,108614.0,112457.0,164461.0,103501.0,134911.0,3057.0,6600.0,25763.0,22691.0,7167.0,35029.0,0
2926,100000.0,2,29,2,2,5,4,3,4,3,2,73759.0,70351.0,59088.0,69381.0,75914.0,54836.0,699.0,766.0,2171.0,512.0,1425.0,370.0,1
2927,130000.0,2,32,2,2,0,-1,0,0,-1,-1,-1906.0,146.0,38838.0,25686.0,16214.0,23683.0,94.0,38838.0,16732.0,13870.0,23683.0,23683.0,0
2928,100000.0,2,48,2,2,0,0,0,-1,-1,0,45114.0,42552.0,33598.0,35062.0,33411.0,29337.0,8571.0,7430.0,3201.0,33411.0,29337.0,9909.0,0
2929,310000.0,1,42,2,1,1,0,0,0,2,1,236920.0,283321.0,285985.0,279930.0,241795.0,256003.0,473.0,12512.0,10931.0,4413.0,2795.0,483.0,1
2930,270000.0,1,46,2,1,1,0,0,0,1,2,154789.0,161726.0,173955.0,149675.0,188886.0,120400.0,5824.0,14395.0,15834.0,10579.0,1366.0,2632.0,0
2931,120000.0,1,40,1,2,5,4,3,2,1,0,68471.0,94145.0,95975.0,73944.0,76198.0,82058.0,778.0,93.0,490.0,721.0,794.0,11310.0,1
2932,320000.0,1,54,1,1,0,0,0,-1,0,0,116826.0,46426.0,59272.0,44564.0,26961.0,2003.0,10314.0,21274.0,8008.0,26961.0,899.0,1117.0,0
2933,590000.0,2,36,3,1,4,3,2,1,0,1,521152.0,562995.0,433886.0,456694.0,502026.0,463553.0,2211.0,3370.0,6860.0,5347.0,40640.0,4224.0,1
2934,60000.0,2,34,3,1,-1,0,0,0,0,0,17536.0,29024.0,19644.0,15714.0,18758.0,13256.0,29024.0,11596.0,5729.0,11328.0,4845.0,4125.0,0
2935,380000.0,1,47,2,2,0,0,2,1,2,0,161576.0,180809.0,197416.0,196483.0,160404.0,215005.0,26935.0,984.0,18492.0,504.0,2008.0,16504.0,0
2936,730000.0,2,26,2,1,0,0,-1,0,0,0,109746.0,97258.0,115588.0,48477.0,208013.0,267672.0,24072.0,24935.0,48477.0,79098.0,60074.0,30222.0,0
2937,170000.0,1,43,1,1,-1,0,-2,0,-1,-1,13603.0,17182.0,0.0,6268.0,11645.0,21170.0,17182.0,0.0,872.0,3271.0,21170.0,21170.0,0
2938,230000.0,2,38,2,2,0,0,0,1,0,-1,153219.0,114096.0,131415.0,116605.0,122511.0,130358.0,23072.0,7587.0,19286.0,7478.0,9316.0,130358.0,0
2939,30000.0,2,38,2,1,0,-1,-2,0,0,-1,3495.0,-600.0,0.0,758.0,2781.0,3657.0,0.0,0.0,641.0,2176.0,1998.0,3657.0,0
2940,340000.0,2,39,2,1,0,0,0,-1,0,0,178311.0,155148.0,185910.0,180464.0,174893.0,170345.0,7451.0,8742.0,11873.0,174893.0,4187.0,15114.0,0
2941,270000.0,2,32,1,1,-1,0,0,0,-1,-1,139437.0,158498.0,134363.0,106469.0,180466.0,85495.0,158498.0,10403.0,8274.0,56221.0,85495.0,85495.0,0
2942,300000.0,2,29,1,2,0,0,-1,0,-1,-1,90627.0,101471.0,127349.0,103475.0,80174.0,71636.0,20674.0,20580.0,103475.0,11957.0,71636.0,71636.0,0
2943,120000.0,1,46,3,2,0,0,0,-1,-1,0,21764.0,5152.0,25955.0,18956.0,38417.0,5253.0,2318.0,11628.0,5831.0,38417.0,5253.0,3504.0,0
2944,180000.0,1,33,3,2,-2,-1,-1,0,-2,-1,0.0,23009.0,24800.0,22310.0,0.0,11276.0,11913.0,24800.0,22310.0,0.0,5354.0,11276.0,0
2945,430000.0,2,44,1,2,0,0,1,0,0,-1,47285.0,60133.0,81291.0,-2964.0,66759.0,58604.0,16130.0,35453.0,0.0,50807.0,33770.0,58604.0,0
2946,140000.0,1,29,3,2,-1,0,0,0,-1,-2,18553.0,17156.0,35498.0,-2654.0,16598.0,0.0,17156.0,4960.0,0.0,3680.0,0.0,0.0,0
2947,90000.0,2,28,2,2,-2,0,-2,0,0,0,0.0,26984.0,0.0,38474.0,40651.0,28892.0,10352.0,0.0,16252.0,4769.0,7636.0,4783.0,0
2948,140000.0,2,25,1,2,0,0,-1,-1,-1,-1,22851.0,25509.0,29437.0,28639.0,28924.0,15519.0,10459.0,16060.0,28639.0,28924.0,15519.0,15519.0,0
2949,120000.0,1,28,2,1,0,0,0,-1,0,0,31748.0,44999.0,40688.0,28954.0,42612.0,32677.0,10512.0,15285.0,7253.0,42612.0,7755.0,6917.0,0
2950,110000.0,2,38,2,2,-1,-2,-1,0,-1,-1,5640.0,0.0,10810.0,-2200.0,13627.0,8983.0,0.0,4237.0,0.0,2862.0,8983.0,8983.0,0
2951,90000.0,2,24,1,2,3,2,3,2,1,2,62826.0,57385.0,74551.0,73721.0,74442.0,53615.0,783.0,742.0,1223.0,165.0,301.0,125.0,1
2952,80000.0,1,39,1,1,0,0,2,0,0,0,23863.0,29499.0,42872.0,37537.0,22067.0,30261.0,9937.0,2788.0,313.0,853.0,2495.0,7335.0,0
2953,130000.0,2,42,2,2,0,-2,-1,-1,-1,-1,-2600.0,0.0,6769.0,17875.0,13225.0,11408.0,0.0,2017.0,17875.0,13225.0,11408.0,11408.0,0
2954,70000.0,2,36,2,2,0,0,1,0,0,0,49414.0,53779.0,46211.0,55392.0,58040.0,56233.0,2118.0,3565.0,617.0,4602.0,6262.0,3033.0,0
2955,90000.0,2,29,2,2,4,3,4,3,2,1,80778.0,84174.0,80872.0,76412.0,80398.0,84511.0,374.0,1020.0,248.0,95.0,212.0,450.0,0
2956,80000.0,2,41,1,2,-1,0,1,0,0,0,59949.0,56479.0,58503.0,58781.0,64327.0,55742.0,56479.0,17430.0,961.0,2879.0,6638.0,9553.0,1
2957,50000.0,2,42,2,1,0,0,0,0,1,2,27213.0,23420.0,25452.0,25183.0,23602.0,18133.0,1715.0,864.0,828.0,601.0,240.0,360.0,1
2958,130000.0,1,32,1,1,0,0,0,0,0,0,73054.0,66234.0,60665.0,92412.0,70828.0,58227.0,5295.0,2737.0,32309.0,5565.0,8427.0,1367.0,0
2959,150000.0,2,33,1,1,4,5,4,3,2,1,95968.0,114681.0,118648.0,87355.0,117521.0,96412.0,591.0,766.0,284.0,1505.0,1706.0,945.0,0
2960,590000.0,2,38,2,2,6,5,4,3,2,1,315769.0,420162.0,480558.0,423875.0,506520.0,414386.0,4380.0,5891.0,14620.0,17440.0,676.0,4200.0,1
2961,200000.0,1,51,1,2,0,6,5,4,3,2,2580.0,42344.0,39472.0,25778.0,14987.0,4747.0,1824.0,244.0,689.0,480.0,96.0,225.0,0
2962,200000.0,1,36,3,1,-2,0,0,0,-1,-1,0.0,4882.0,-4000.0,19177.0,22889.0,27688.0,3322.0,0.0,17102.0,20520.0,27688.0,27688.0,0
2963,170000.0,1,32,2,2,0,1,0,0,0,0,57511.0,103419.0,67517.0,78861.0,73986.0,102694.0,40925.0,4431.0,42816.0,16392.0,26166.0,5544.0,0
2964,170000.0,2,43,2,1,-1,-1,-1,-1,-1,-1,21805.0,-1664.0,24001.0,10461.0,4116.0,19416.0,0.0,24001.0,10461.0,4116.0,19416.0,19416.0,0
2965,130000.0,2,29,1,2,0,-1,-1,0,-1,-1,20232.0,34391.0,27107.0,5727.0,26887.0,49596.0,5164.0,27107.0,5727.0,6456.0,49596.0,49596.0,0
2966,200000.0,1,38,2,2,0,0,0,0,-1,-2,105826.0,103347.0,90399.0,72075.0,74394.0,0.0,6864.0,17223.0,16649.0,5014.0,0.0,0.0,0
2967,240000.0,2,30,1,1,-1,0,2,0,0,0,78220.0,76219.0,80631.0,77627.0,67618.0,75617.0,76219.0,5859.0,5044.0,7416.0,36608.0,20083.0,0
2968,60000.0,2,30,1,1,-1,2,-1,0,0,-1,16456.0,16408.0,22363.0,16656.0,9910.0,17561.0,16408.0,2375.0,16656.0,1326.0,10307.0,17561.0,0
2969,200000.0,2,34,2,1,2,-1,0,0,-2,0,49113.0,54473.0,65137.0,91838.0,0.0,84536.0,1754.0,65137.0,11905.0,0.0,2295.0,17833.0,0
2970,100000.0,1,26,2,2,-1,0,0,0,0,0,32678.0,44686.0,27476.0,23159.0,23925.0,30550.0,44686.0,1162.0,770.0,1415.0,2853.0,2659.0,0
2971,40000.0,2,37,2,2,0,0,0,0,1,-1,17832.0,17061.0,17810.0,22139.0,16868.0,16939.0,2851.0,6016.0,5347.0,2077.0,252.0,16939.0,0
2972,50000.0,2,36,3,2,1,2,1,2,1,0,29032.0,33600.0,37256.0,41766.0,31646.0,26862.0,197.0,361.0,154.0,40.0,561.0,875.0,0
2973,330000.0,1,45,1,1,0,0,0,0,-1,-1,-6600.0,41194.0,68333.0,41525.0,72313.0,15411.0,14350.0,15113.0,9438.0,10088.0,15411.0,15411.0,0
2974,390000.0,2,45,1,2,0,-1,0,0,0,0,202610.0,207610.0,152728.0,191771.0,178448.0,170890.0,9272.0,152728.0,84911.0,7222.0,11277.0,8209.0,1
2975,160000.0,1,34,1,2,0,0,-2,0,0,0,31265.0,25194.0,0.0,17811.0,22984.0,30011.0,1205.0,0.0,2401.0,4441.0,2076.0,15160.0,0
2976,220000.0,2,36,3,2,0,0,0,-2,0,-2,37997.0,101545.0,107288.0,0.0,97490.0,0.0,39285.0,23759.0,0.0,14080.0,0.0,0.0,1
2977,340000.0,1,43,1,1,-1,0,-1,-2,0,0,52144.0,123614.0,50251.0,0.0,65569.0,93089.0,123614.0,15856.0,0.0,8880.0,22629.0,16664.0,0
2978,40000.0,2,40,2,2,2,3,2,1,0,0,25954.0,27440.0,23950.0,21869.0,21501.0,28271.0,214.0,281.0,167.0,1014.0,729.0,107.0,1
2979,50000.0,1,29,2,2,0,0,0,-2,2,1,24517.0,36019.0,35114.0,0.0,31388.0,30664.0,4131.0,2835.0,0.0,4070.0,280.0,526.0,0
2980,200000.0,2,24,1,2,0,0,0,-1,-1,0,115741.0,94106.0,102009.0,122153.0,93893.0,81020.0,15429.0,25650.0,12708.0,93893.0,81020.0,48217.0,1
2981,60000.0,2,23,5,2,2,1,0,0,-2,1,38556.0,38720.0,40521.0,33667.0,0.0,42837.0,326.0,608.0,964.0,0.0,668.0,301.0,0
2982,70000.0,1,24,5,2,0,-1,0,-1,0,-1,18649.0,27403.0,9842.0,18582.0,21588.0,22223.0,3442.0,9842.0,10566.0,21588.0,7108.0,22223.0,0
2983,210000.0,1,31,1,2,0,-2,0,0,2,0,118593.0,0.0,79841.0,109248.0,67514.0,80708.0,0.0,14110.0,6071.0,20537.0,4432.0,11049.0,0
2984,130000.0,2,27,1,1,-1,-1,-1,-1,0,0,27333.0,49548.0,23056.0,23010.0,11864.0,15247.0,49548.0,23056.0,23010.0,11864.0,4024.0,14223.0,0
2985,70000.0,1,29,2,2,0,-1,-1,-1,-1,0,1406.0,2358.0,84.0,4389.0,13883.0,10034.0,540.0,84.0,4389.0,13883.0,10034.0,6275.0,0
2986,50000.0,1,36,2,1,0,-1,-1,-1,0,0,9596.0,8596.0,11843.0,9911.0,9963.0,8298.0,5869.0,11843.0,9911.0,9963.0,2360.0,4427.0,0
2987,550000.0,1,38,2,1,-2,-2,0,0,-1,-1,0.0,0.0,378723.0,341132.0,287740.0,354916.0,0.0,13205.0,7988.0,39273.0,354916.0,354916.0,0
2988,50000.0,2,35,2,2,0,0,-1,0,0,0,19534.0,20073.0,23372.0,21180.0,26848.0,21794.0,3906.0,1733.0,21180.0,10605.0,2135.0,938.0,0
2989,70000.0,1,41,3,1,0,0,0,0,0,0,21581.0,32820.0,25567.0,29294.0,33962.0,47728.0,513.0,3643.0,3003.0,10260.0,12090.0,2853.0,0
2990,250000.0,1,28,2,2,-1,-1,0,-1,0,0,33404.0,82618.0,84302.0,56625.0,100405.0,97387.0,82618.0,84302.0,3011.0,100405.0,36657.0,9296.0,0
2991,160000.0,2,31,1,2,0,0,-2,0,0,0,23229.0,7877.0,0.0,44456.0,11109.0,26077.0,3007.0,0.0,4023.0,2025.0,2583.0,1440.0,0
2992,60000.0,2,37,2,2,-1,0,0,-1,0,-2,9282.0,13747.0,12135.0,3816.0,12031.0,0.0,13747.0,7632.0,2708.0,12031.0,0.0,0.0,0
2993,50000.0,2,33,2,2,0,0,0,-1,0,-1,27092.0,31759.0,32033.0,30073.0,32065.0,36374.0,1081.0,4214.0,5407.0,32065.0,2034.0,36374.0,0
2994,310000.0,2,45,4,2,-1,0,0,0,0,0,122133.0,151886.0,180194.0,147310.0,184804.0,184047.0,151886.0,21153.0,10364.0,31565.0,35853.0,24788.0,0
2995,240000.0,1,44,2,2,-2,0,0,0,0,0,0.0,105620.0,76293.0,117414.0,64492.0,91508.0,35112.0,29953.0,20344.0,10875.0,30955.0,12534.0,0
2996,50000.0,1,37,1,3,0,-1,0,-2,-1,-2,20769.0,23651.0,18953.0,0.0,15281.0,0.0,458.0,18953.0,0.0,2994.0,0.0,0.0,0
2997,30000.0,2,36,3,1,-1,0,0,0,-2,2,12674.0,12532.0,11393.0,14242.0,0.0,9990.0,12532.0,502.0,504.0,0.0,1817.0,314.0,1
2998,280000.0,2,36,1,1,-1,-1,0,0,0,0,101028.0,43117.0,75282.0,66396.0,106880.0,99206.0,43117.0,75282.0,4278.0,29060.0,8589.0,4612.0,0
2999,280000.0,2,32,3,2,-2,0,0,2,0,-1,0.0,99743.0,141345.0,104625.0,117025.0,74908.0,8290.0,23342.0,15139.0,7396.0,4567.0,74908.0,0
3000,70000.0,2,21,2,2,-1,-1,0,0,0,0,22958.0,15336.0,11335.0,16167.0,10390.0,24159.0,15336.0,11335.0,3762.0,1235.0,13326.0,9269.0,0
3001,240000.0,1,33,2,1,-1,0,0,2,0,0,145533.0,127079.0,186254.0,149835.0,169682.0,146239.0,127079.0,17343.0,6190.0,6538.0,14765.0,17342.0,0
3002,50000.0,2,48,2,2,5,4,3,2,1,0,23258.0,30645.0,28511.0,31771.0,28622.0,22075.0,97.0,245.0,162.0,88.0,361.0,1130.0,1
3003,30000.0,2,36,3,1,-1,0,0,0,1,0,3069.0,3302.0,1969.0,2957.0,-583.0,8084.0,3302.0,1018.0,1344.0,0.0,597.0,591.0,1
3004,40000.0,2,39,3,1,0,0,-2,0,-1,-2,9968.0,12618.0,0.0,11791.0,14346.0,0.0,2659.0,0.0,2203.0,6582.0,0.0,0.0,0
3005,190000.0,2,42,2,2,0,2,0,-2,0,0,-3800.0,22408.0,39529.0,0.0,52955.0,27386.0,2857.0,2956.0,0.0,1451.0,2860.0,10263.0,0
3006,250000.0,1,54,1,1,-1,0,0,-1,-1,0,39962.0,63731.0,33760.0,49118.0,42348.0,36752.0,63731.0,8416.0,12223.0,42348.0,36752.0,3174.0,0
3007,200000.0,2,35,2,2,0,0,-1,0,1,-1,35110.0,39005.0,44819.0,50298.0,54433.0,65948.0,4791.0,15155.0,50298.0,16685.0,3975.0,65948.0,0
3008,50000.0,2,31,1,1,-1,0,-1,-1,-2,0,19924.0,18842.0,15738.0,13691.0,0.0,22710.0,18842.0,931.0,13691.0,0.0,2417.0,9456.0,0
3009,800000.0,2,63,1,1,0,3,2,0,-1,0,396740.0,464266.0,287852.0,334025.0,392736.0,456739.0,46722.0,5993.0,977.0,17299.0,456739.0,45696.0,0
3010,80000.0,2,25,2,2,0,2,1,0,2,1,49684.0,61247.0,66673.0,57620.0,67478.0,72853.0,2125.0,1686.0,3377.0,17532.0,3418.0,881.0,0
3011,820000.0,2,36,2,2,0,1,0,0,0,0,328876.0,410018.0,270476.0,324654.0,292952.0,383895.0,48949.0,12614.0,13559.0,20069.0,18676.0,48904.0,0
3012,240000.0,2,47,1,1,-1,-2,0,0,0,-2,61648.0,0.0,72955.0,101537.0,46915.0,0.0,0.0,45685.0,45732.0,9279.0,0.0,0.0,0
3013,50000.0,1,32,1,2,2,-2,0,0,0,0,14927.0,0.0,25778.0,18116.0,23375.0,19562.0,0.0,1775.0,2474.0,574.0,2771.0,1276.0,0
3014,170000.0,2,37,1,2,0,0,0,-1,0,-1,69679.0,70337.0,102042.0,53319.0,61145.0,113392.0,15659.0,16772.0,10229.0,61145.0,14366.0,113392.0,0
3015,100000.0,1,35,1,1,0,0,2,-1,-1,2,54011.0,57358.0,53907.0,56139.0,66810.0,63466.0,14191.0,9969.0,2231.0,66810.0,63466.0,4249.0,0
3016,340000.0,1,29,2,1,5,4,3,4,3,2,340208.0,309053.0,326034.0,301044.0,241888.0,274066.0,1405.0,1544.0,1377.0,486.0,608.0,246.0,1
3017,210000.0,1,38,1,2,2,1,2,0,0,0,125999.0,123631.0,119035.0,106954.0,113473.0,109088.0,987.0,398.0,1501.0,1579.0,859.0,11783.0,1
3018,420000.0,2,35,1,2,0,0,0,0,0,-1,118758.0,141550.0,223353.0,151296.0,107501.0,126388.0,23381.0,62428.0,60650.0,9126.0,30554.0,126388.0,0
3019,100000.0,2,32,1,2,0,-1,-1,-1,0,-1,25645.0,36440.0,25501.0,12860.0,22328.0,36496.0,27438.0,25501.0,12860.0,22328.0,29545.0,36496.0,0
3020,70000.0,2,36,2,2,1,-2,-2,-1,0,-1,26546.0,0.0,0.0,28680.0,25075.0,26907.0,0.0,0.0,11576.0,25075.0,1082.0,26907.0,0
3021,180000.0,1,28,1,2,4,3,2,1,0,0,87760.0,109426.0,86796.0,106831.0,74391.0,109363.0,1156.0,2138.0,2061.0,671.0,20946.0,22698.0,1
3022,230000.0,1,54,1,1,0,-1,0,0,0,0,134155.0,134259.0,170493.0,158026.0,172087.0,163862.0,13737.0,170493.0,15142.0,26757.0,10157.0,3552.0,0
3023,50000.0,2,41,3,2,-2,2,0,0,0,0,0.0,20424.0,23236.0,21271.0,25138.0,16203.0,1721.0,682.0,3486.0,3240.0,4911.0,2221.0,0
3024,180000.0,1,36,2,1,2,3,2,-1,3,2,104579.0,93771.0,93179.0,90440.0,107066.0,114369.0,2868.0,527.0,1749.0,107066.0,1204.0,11574.0,1
3025,280000.0,2,34,2,1,0,0,0,0,0,0,188364.0,153982.0,177139.0,177306.0,162713.0,183937.0,9152.0,8555.0,8016.0,10752.0,14020.0,47717.0,0
3026,140000.0,2,36,1,1,0,0,0,-1,0,-1,42809.0,12311.0,25273.0,13529.0,10031.0,11884.0,1792.0,13235.0,1146.0,10031.0,5677.0,11884.0,0
3027,120000.0,1,32,1,1,0,0,0,0,0,-1,54128.0,55078.0,46929.0,58695.0,71178.0,41213.0,14266.0,8219.0,1546.0,3079.0,2037.0,41213.0,0
3028,90000.0,2,38,2,1,1,0,0,-1,-1,0,18079.0,39748.0,39707.0,30638.0,40768.0,36743.0,917.0,1456.0,1787.0,40768.0,36743.0,2185.0,0
3029,250000.0,2,35,1,1,1,0,0,1,-2,0,201281.0,190252.0,174279.0,223460.0,0.0,195338.0,7859.0,18692.0,9793.0,0.0,53073.0,7001.0,0
3030,100000.0,2,26,4,2,0,0,0,0,0,2,52971.0,58212.0,54877.0,67691.0,62579.0,55196.0,10017.0,15241.0,4905.0,26275.0,14896.0,3604.0,0
3031,220000.0,2,28,1,2,-1,0,0,0,-2,0,20401.0,-2457.0,49381.0,9385.0,0.0,43813.0,0.0,10766.0,1312.0,0.0,9956.0,2856.0,1
3032,180000.0,2,27,3,2,0,-1,0,-2,1,-2,64918.0,61649.0,54952.0,0.0,92099.0,0.0,5691.0,54952.0,0.0,9456.0,0.0,0.0,1
3033,100000.0,1,36,2,2,-1,0,0,0,1,-1,49669.0,58854.0,69028.0,59746.0,67364.0,78010.0,58854.0,7903.0,4046.0,2241.0,2082.0,78010.0,1
3034,110000.0,1,40,2,1,0,0,0,0,0,1,51802.0,49719.0,66222.0,52686.0,58568.0,53671.0,4065.0,3138.0,7974.0,9337.0,8186.0,4118.0,0
3035,160000.0,2,46,1,1,0,0,2,1,0,1,76910.0,52054.0,65400.0,63422.0,65005.0,42098.0,2619.0,7298.0,861.0,1175.0,2836.0,1756.0,0
3036,230000.0,1,24,3,2,0,0,0,0,0,0,40726.0,44435.0,38978.0,44014.0,1005.0,28600.0,6114.0,1850.0,20259.0,35.0,3855.0,5980.0,0
3037,110000.0,2,34,2,2,0,0,0,1,0,2,48197.0,34648.0,55223.0,58040.0,38456.0,40732.0,6494.0,11288.0,18354.0,1373.0,4054.0,2489.0,0
3038,130000.0,2,38,2,1,0,-1,-2,0,0,-1,46737.0,56865.0,0.0,32471.0,54172.0,41485.0,4308.0,0.0,802.0,14001.0,16400.0,41485.0,0
3039,140000.0,2,35,1,1,0,0,0,0,-1,0,65283.0,90813.0,59432.0,72480.0,96521.0,73493.0,5458.0,15653.0,14205.0,6664.0,73493.0,3886.0,0
3040,310000.0,1,31,1,1,0,-2,0,0,0,-1,69978.0,0.0,73827.0,59303.0,74439.0,115382.0,0.0,13761.0,23502.0,33141.0,23874.0,115382.0,0
3041,110000.0,1,31,3,2,0,0,0,-2,-1,0,43390.0,41426.0,40782.0,0.0,46078.0,40389.0,5226.0,3508.0,0.0,1036.0,40389.0,1366.0,0
3042,40000.0,2,39,3,2,0,0,0,0,0,-1,17317.0,20227.0,14420.0,20679.0,17346.0,11914.0,2102.0,5634.0,1113.0,339.0,4562.0,11914.0,1
3043,270000.0,1,44,2,2,3,2,3,2,1,0,215650.0,186572.0,205033.0,185463.0,229918.0,214912.0,4799.0,2633.0,2390.0,11350.0,2382.0,18984.0,0
3044,190000.0,2,47,2,2,-2,2,1,2,0,0,0.0,119975.0,139983.0,127810.0,85342.0,112708.0,6455.0,1464.0,1559.0,1599.0,2748.0,9246.0,1
3045,280000.0,2,32,2,2,-1,-2,-1,-1,-2,-2,47968.0,0.0,64876.0,7411.0,0.0,0.0,0.0,20657.0,7411.0,0.0,0.0,0.0,0
3046,200000.0,1,46,2,2,0,1,0,0,0,0,74474.0,115375.0,66047.0,74449.0,58255.0,54927.0,16698.0,2062.0,7626.0,10391.0,13516.0,6258.0,0
3047,120000.0,1,39,2,2,0,0,0,-2,0,0,87121.0,113310.0,102549.0,0.0,86361.0,98412.0,11615.0,8535.0,0.0,4437.0,3505.0,9166.0,0
3048,60000.0,2,36,2,1,0,0,0,0,0,0,31166.0,31450.0,25532.0,26928.0,26935.0,25601.0,4794.0,3695.0,9483.0,3042.0,12799.0,1009.0,0
3049,320000.0,2,29,1,2,0,0,0,0,0,0,78428.0,135693.0,110323.0,178403.0,112187.0,130576.0,35807.0,8089.0,37009.0,9195.0,43489.0,24349.0,0
3050,300000.0,2,37,2,1,0,-1,-1,-1,-2,-1,111897.0,104134.0,98374.0,82884.0,0.0,132369.0,54591.0,98374.0,82884.0,0.0,77949.0,132369.0,0
3051,70000.0,2,46,2,2,5,4,3,2,1,0,47624.0,50093.0,52564.0,51541.0,55730.0,46773.0,381.0,446.0,507.0,731.0,784.0,777.0,1
3052,110000.0,2,30,2,1,0,3,2,0,0,0,58596.0,57125.0,48259.0,49968.0,53051.0,53400.0,3352.0,3367.0,4305.0,1522.0,10179.0,5500.0,0
3053,270000.0,2,44,1,1,0,-1,-1,-1,-1,0,52925.0,41988.0,127234.0,49627.0,127739.0,97983.0,16639.0,127234.0,49627.0,127739.0,97983.0,39805.0,0
3054,130000.0,2,46,4,2,-1,-1,-1,-1,-2,-2,9519.0,17760.0,8267.0,10052.0,0.0,0.0,17760.0,8267.0,10052.0,0.0,0.0,0.0,0
3055,260000.0,2,47,1,1,0,0,0,-2,0,0,146494.0,144478.0,122587.0,0.0,101310.0,136901.0,16131.0,8851.0,0.0,3305.0,15197.0,5927.0,0
3056,90000.0,1,34,2,1,-1,0,0,-2,0,-1,17827.0,24146.0,19226.0,0.0,18188.0,21453.0,24146.0,6849.0,0.0,6935.0,8105.0,21453.0,1
3057,80000.0,1,37,2,1,3,2,0,2,1,0,39230.0,67333.0,60585.0,72625.0,52696.0,62077.0,275.0,2105.0,1798.0,488.0,478.0,2262.0,1
3058,410000.0,2,35,1,2,0,0,-1,0,0,0,131828.0,162389.0,172339.0,179076.0,114964.0,140139.0,7176.0,18301.0,179076.0,5585.0,7318.0,21753.0,0
3059,40000.0,2,38,4,1,-1,0,-2,0,-1,0,8481.0,11406.0,0.0,7648.0,5059.0,2262.0,11406.0,0.0,863.0,758.0,2262.0,202.0,0
3060,280000.0,2,39,1,1,0,-1,0,-1,-1,0,44793.0,21673.0,86161.0,46226.0,19006.0,40815.0,9167.0,86161.0,26800.0,19006.0,40815.0,13160.0,0
3061,90000.0,1,28,1,2,3,2,1,2,0,-2,44879.0,38028.0,32125.0,39813.0,32039.0,0.0,328.0,1534.0,245.0,2872.0,0.0,0.0,1
3062,180000.0,2,38,1,2,-2,1,0,0,0,1,0.0,163344.0,154345.0,175248.0,164238.0,135789.0,4601.0,659.0,4359.0,13651.0,3682.0,3080.0,0
3063,80000.0,2,41,2,1,0,3,2,1,-2,0,47467.0,39726.0,52110.0,45345.0,0.0,59108.0,17711.0,1059.0,2861.0,0.0,4314.0,11227.0,0
3064,170000.0,1,53,2,1,-1,0,0,2,-1,0,90471.0,109966.0,113822.0,109578.0,77814.0,87041.0,109966.0,17488.0,14814.0,625.0,87041.0,8149.0,1
3065,80000.0,2,33,2,2,-2,0,0,0,0,-1,0.0,46067.0,40872.0,57934.0,41146.0,53198.0,22919.0,3794.0,6442.0,13484.0,21762.0,53198.0,0
3066,120000.0,1,42,3,1,0,0,2,0,2,0,87410.0,105243.0,109479.0,106239.0,104803.0,108059.0,2106.0,8473.0,1528.0,1243.0,279.0,2757.0,0
3067,60000.0,1,33,1,2,0,0,-1,0,3,2,21667.0,27690.0,24529.0,20355.0,30604.0,22764.0,4847.0,1750.0,20355.0,1332.0,211.0,450.0,0
3068,50000.0,2,31,2,1,-1,-1,-1,0,-1,1,4381.0,1436.0,791.0,6336.0,-1000.0,8738.0,1436.0,791.0,6336.0,0.0,8738.0,636.0,0
3069,120000.0,2,46,2,1,2,1,-2,0,1,0,101955.0,123182.0,0.0,106713.0,116330.0,97774.0,200.0,0.0,8301.0,2143.0,919.0,5930.0,1
3070,180000.0,2,33,2,2,0,0,0,0,2,1,133359.0,107608.0,125022.0,104277.0,124251.0,128046.0,2500.0,25552.0,7303.0,2869.0,2421.0,546.0,1
3071,70000.0,1,40,2,2,0,0,0,0,0,0,10283.0,22830.0,14478.0,19142.0,25465.0,20379.0,4306.0,1002.0,494.0,1469.0,3968.0,4217.0,0
3072,690000.0,2,36,1,1,-1,0,0,1,-2,0,31872.0,175057.0,50554.0,599.0,0.0,135065.0,175057.0,11397.0,155.0,0.0,34352.0,47062.0,0
3073,110000.0,2,24,1,2,0,0,1,0,0,-1,67956.0,73458.0,72075.0,84344.0,71112.0,85915.0,3741.0,1415.0,537.0,1497.0,2282.0,85915.0,0
3074,290000.0,1,32,1,1,1,2,0,-1,-2,0,147281.0,130927.0,133291.0,166363.0,0.0,181065.0,2064.0,3516.0,3483.0,0.0,24744.0,11377.0,0
3075,40000.0,2,44,2,2,0,0,0,0,-2,0,23825.0,23774.0,30422.0,25040.0,0.0,24619.0,472.0,1276.0,2855.0,0.0,2227.0,2697.0,0
3076,80000.0,2,33,1,2,0,0,0,-1,1,2,66806.0,74510.0,74592.0,81253.0,74566.0,61104.0,2629.0,645.0,2484.0,74566.0,611.0,436.0,0
3077,60000.0,1,35,2,1,-2,0,0,0,0,0,0.0,25182.0,17725.0,16836.0,28322.0,20944.0,8271.0,6098.0,1432.0,4930.0,3238.0,700.0,0
3078,50000.0,1,29,2,2,4,3,2,0,0,0,14425.0,17212.0,15818.0,20136.0,18755.0,18526.0,203.0,79.0,1308.0,2721.0,3270.0,2709.0,0
3079,50000.0,2,34,1,1,-1,0,-1,-1,-1,-1,11429.0,12910.0,14147.0,15212.0,13966.0,7854.0,12910.0,2969.0,15212.0,13966.0,7854.0,7854.0,0
3080,60000.0,1,27,3,1,3,2,0,0,0,0,18098.0,23072.0,14749.0,20773.0,19734.0,23829.0,1519.0,3004.0,9765.0,1667.0,4131.0,3753.0,0
3081,60000.0,2,33,2,2,4,3,4,3,2,1,57042.0,52041.0,59755.0,55639.0,55326.0,50220.0,74.0,110.0,295.0,466.0,92.0,184.0,1
3082,360000.0,2,30,2,1,-1,-1,-1,-1,-1,-1,51069.0,23637.0,66277.0,-7200.0,69120.0,122061.0,23637.0,66277.0,0.0,69120.0,122061.0,122061.0,0
3083,130000.0,2,44,2,1,0,0,0,0,0,0,12136.0,24614.0,30532.0,18215.0,15548.0,17580.0,9441.0,11800.0,3001.0,3250.0,8308.0,4728.0,0
3084,120000.0,2,41,3,1,3,2,1,-2,0,1,67770.0,59113.0,63698.0,0.0,55754.0,59961.0,2694.0,1449.0,0.0,2470.0,2801.0,1493.0,1
3085,20000.0,2,26,2,2,1,0,1,0,0,0,6657.0,4273.0,2396.0,894.0,7397.0,3118.0,119.0,284.0,64.0,1389.0,642.0,1206.0,1
3086,250000.0,2,33,3,1,1,2,0,-2,-1,0,150118.0,102328.0,141987.0,0.0,155084.0,152217.0,1747.0,1981.0,0.0,3051.0,152217.0,21281.0,1
3087,500000.0,1,33,1,2,3,2,1,0,0,0,332808.0,414192.0,304906.0,391565.0,315128.0,388759.0,4248.0,4280.0,10604.0,8522.0,26855.0,5289.0,1
3088,50000.0,2,52,3,1,-1,0,-2,-2,0,-2,15928.0,24217.0,0.0,0.0,25175.0,0.0,24217.0,0.0,0.0,4818.0,0.0,0.0,0
3089,70000.0,1,28,1,2,-1,0,0,-1,0,0,23235.0,24429.0,25745.0,12122.0,18447.0,21717.0,24429.0,714.0,3558.0,18447.0,1787.0,9414.0,0
3090,50000.0,2,36,3,1,2,3,2,1,0,-1,33455.0,35284.0,34902.0,32225.0,41262.0,37886.0,525.0,337.0,267.0,608.0,1229.0,37886.0,1
3091,440000.0,2,29,1,1,0,0,0,-1,0,0,161134.0,214371.0,190537.0,194191.0,266307.0,283996.0,80106.0,29847.0,69443.0,266307.0,18424.0,12500.0,0
3092,30000.0,2,34,3,1,2,1,-2,0,0,0,21481.0,20151.0,0.0,25857.0,26323.0,23050.0,178.0,0.0,108.0,338.0,173.0,649.0,1
3093,60000.0,2,32,2,2,-2,0,0,-2,0,-1,0.0,23099.0,16240.0,0.0,23087.0,30342.0,4352.0,2204.0,0.0,5783.0,2345.0,30342.0,0
3094,40000.0,1,42,2,1,0,0,-1,0,2,1,15323.0,31107.0,32433.0,24666.0,33020.0,25727.0,4120.0,2964.0,24666.0,378.0,736.0,663.0,0
3095,140000.0,2,32,2,1,0,-1,-1,0,-1,-2,53475.0,35414.0,54161.0,58467.0,57579.0,0.0,2596.0,54161.0,58467.0,3806.0,0.0,0.0,0
3096,200000.0,2,26,2,3,-2,0,0,0,-1,-1,0.0,46373.0,60796.0,47416.0,7711.0,43364.0,19758.0,17858.0,28672.0,1301.0,43364.0,43364.0,0
3097,90000.0,1,43,1,1,-2,0,-1,-1,1,0,0.0,15423.0,24096.0,29030.0,11032.0,14795.0,1531.0,5088.0,29030.0,11032.0,2223.0,823.0,0
3098,430000.0,1,45,1,1,-1,-1,0,-1,-1,0,39437.0,107443.0,30999.0,73338.0,64793.0,65584.0,107443.0,30999.0,51186.0,64793.0,65584.0,39180.0,0
3099,140000.0,1,37,2,1,4,3,2,1,0,0,111769.0,88392.0,95835.0,85961.0,103464.0,105383.0,1207.0,1396.0,758.0,662.0,9072.0,6742.0,1
3100,90000.0,2,33,1,2,3,2,1,0,0,0,34462.0,27236.0,35643.0,32543.0,26922.0,28411.0,668.0,1328.0,180.0,2767.0,468.0,647.0,1
3101,250000.0,1,34,1,2,4,3,2,1,0,0,144452.0,120097.0,120359.0,121160.0,92794.0,125617.0,3516.0,8696.0,16671.0,2415.0,26791.0,13092.0,0
3102,400000.0,1,31,1,1,-1,-1,-2,-1,0,-1,35844.0,72999.0,0.0,73734.0,108064.0,77216.0,72999.0,0.0,6927.0,108064.0,14018.0,77216.0,0
3103,390000.0,1,29,1,2,-2,0,0,0,0,0,0.0,171124.0,203148.0,223268.0,201631.0,194499.0,25737.0,6580.0,76971.0,58901.0,18781.0,51530.0,0
3104,260000.0,2,38,1,1,-1,0,0,0,0,-1,111379.0,90513.0,86260.0,61639.0,124544.0,96729.0,90513.0,4794.0,3796.0,4044.0,2484.0,96729.0,0
3105,300000.0,1,32,2,3,0,0,-1,-1,0,0,106902.0,93122.0,111029.0,43651.0,36946.0,60989.0,23337.0,40551.0,43651.0,36946.0,4516.0,7519.0,0
3106,80000.0,2,30,3,2,-1,-1,0,0,-1,0,12612.0,12722.0,9695.0,-1600.0,-1600.0,6091.0,12722.0,9695.0,0.0,0.0,6091.0,1166.0,0
3107,150000.0,2,35,2,2,0,0,0,2,1,-2,34278.0,11404.0,49181.0,37505.0,59611.0,0.0,407.0,9694.0,4316.0,2329.0,0.0,0.0,0
3108,410000.0,2,31,2,1,-1,-1,-1,0,-1,-1,25649.0,25006.0,26457.0,30115.0,58661.0,22023.0,25006.0,26457.0,30115.0,6720.0,22023.0,22023.0,0
3109,160000.0,2,38,1,2,0,0,0,0,0,-1,61336.0,50949.0,52040.0,40174.0,49324.0,53766.0,11406.0,17144.0,22959.0,8032.0,7979.0,53766.0,0
3110,70000.0,2,35,2,2,-1,-1,-1,0,0,0,14476.0,11215.0,669.0,16722.0,12144.0,13259.0,11215.0,669.0,16722.0,1965.0,1792.0,1025.0,0
3111,40000.0,2,31,3,1,0,0,0,0,-1,0,4546.0,3509.0,-489.0,7609.0,4224.0,2021.0,918.0,0.0,1952.0,1379.0,2021.0,901.0,0
3112,90000.0,1,42,6,1,0,2,0,0,-2,-1,23600.0,8234.0,3461.0,11003.0,0.0,8839.0,993.0,354.0,5778.0,0.0,2702.0,8839.0,0
3113,30000.0,1,38,2,1,0,0,0,2,-1,0,25611.0,28010.0,23276.0,23607.0,20314.0,22991.0,3469.0,3717.0,2037.0,458.0,22991.0,624.0,0
3114,60000.0,2,31,2,2,0,-1,0,0,0,0,15309.0,21843.0,30390.0,12912.0,23251.0,20512.0,1535.0,30390.0,924.0,388.0,887.0,1588.0,1
3115,50000.0,1,48,3,2,0,4,3,2,0,2,33740.0,37831.0,35627.0,35865.0,41749.0,26512.0,2652.0,101.0,264.0,650.0,2522.0,120.0,1
3116,150000.0,1,32,1,2,0,-1,2,-1,0,-2,8658.0,2178.0,26964.0,18320.0,17893.0,0.0,656.0,26964.0,523.0,17893.0,0.0,0.0,0
3117,60000.0,2,53,2,1,-1,0,0,0,-2,0,16246.0,19182.0,17867.0,25629.0,0.0,23490.0,19182.0,8636.0,3139.0,0.0,5726.0,2347.0,0
3118,110000.0,1,32,2,1,0,0,0,0,0,0,52744.0,53278.0,61720.0,52270.0,53660.0,42448.0,6920.0,3841.0,4693.0,5490.0,23399.0,8314.0,0
3119,110000.0,1,25,2,2,0,0,0,-2,2,1,96946.0,91286.0,87688.0,0.0,88960.0,73468.0,4016.0,1330.0,0.0,1269.0,917.0,1015.0,1
3120,230000.0,2,42,2,1,0,0,-2,-1,0,0,126789.0,107973.0,0.0,130764.0,108751.0,112198.0,34205.0,0.0,9926.0,108751.0,25617.0,11848.0,1
3121,360000.0,2,34,1,1,0,2,0,0,0,-1,106569.0,141985.0,88832.0,133961.0,71518.0,69224.0,13576.0,2160.0,62247.0,18168.0,21111.0,69224.0,0
3122,470000.0,1,26,1,0,0,0,-1,-1,0,-1,81852.0,30081.0,71463.0,59982.0,25949.0,102563.0,6718.0,15694.0,59982.0,25949.0,31308.0,102563.0,0
3123,110000.0,1,43,2,1,0,0,0,-1,0,0,73229.0,45907.0,56337.0,51097.0,64072.0,63743.0,3760.0,5735.0,2532.0,64072.0,8099.0,4424.0,0
3124,70000.0,2,46,1,2,-2,-1,3,2,1,0,0.0,39068.0,28371.0,37798.0,39417.0,30541.0,1932.0,28371.0,219.0,985.0,235.0,1292.0,0
3125,160000.0,1,36,3,1,-2,-1,0,-1,0,0,0.0,51017.0,56181.0,51245.0,40461.0,26311.0,14972.0,56181.0,33559.0,40461.0,5197.0,8020.0,0
3126,240000.0,2,38,1,2,-1,-2,-1,-1,-1,-1,68513.0,0.0,77532.0,83401.0,82815.0,58547.0,0.0,35534.0,83401.0,82815.0,58547.0,58547.0,1
3127,90000.0,2,39,2,1,-2,1,0,0,0,0,0.0,32167.0,34668.0,38608.0,38601.0,28895.0,1836.0,894.0,7584.0,3879.0,6346.0,3478.0,1
3128,250000.0,2,45,2,2,1,0,0,0,2,0,108984.0,118840.0,139904.0,70744.0,123994.0,137353.0,459.0,19288.0,3709.0,9168.0,2897.0,10388.0,0
3129,800000.0,2,46,1,2,0,0,0,0,0,1,493188.0,498061.0,575592.0,548284.0,449524.0,414808.0,36656.0,119233.0,48799.0,17928.0,44158.0,6762.0,0
3130,230000.0,1,35,1,2,0,0,0,0,-1,-1,32562.0,33072.0,57205.0,56555.0,58563.0,106807.0,8210.0,8263.0,26058.0,15423.0,106807.0,106807.0,0
3131,90000.0,1,35,2,2,0,0,0,1,0,0,27431.0,32423.0,16928.0,27100.0,32031.0,31331.0,1296.0,528.0,4585.0,1875.0,4800.0,2449.0,0
3132,150000.0,2,42,2,1,0,0,3,2,1,2,99338.0,83056.0,76904.0,101206.0,93142.0,107350.0,16745.0,1531.0,769.0,51.0,1822.0,288.0,0
3133,90000.0,2,33,1,1,0,-1,0,-1,0,0,5838.0,12808.0,38136.0,15524.0,14473.0,20091.0,1972.0,38136.0,1681.0,14473.0,6220.0,3467.0,0
3134,760000.0,1,40,1,2,-1,0,0,-1,-1,-1,163813.0,90581.0,55049.0,92076.0,60982.0,96000.0,90581.0,9806.0,18674.0,60982.0,96000.0,96000.0,0
3135,40000.0,2,40,3,1,0,-2,2,0,0,0,18820.0,0.0,27445.0,16191.0,21370.0,24686.0,0.0,6388.0,75.0,848.0,4138.0,11976.0,0
3136,60000.0,2,37,2,2,0,0,-1,-1,0,0,27955.0,34779.0,31670.0,28567.0,35598.0,37820.0,3668.0,3236.0,28567.0,35598.0,8174.0,10426.0,0
3137,260000.0,2,36,2,2,0,0,1,0,0,-1,18064.0,7332.0,3390.0,5189.0,-4604.0,10745.0,2619.0,2604.0,608.0,0.0,8545.0,10745.0,0
3138,110000.0,1,35,2,1,0,-1,0,3,2,-1,75744.0,88114.0,73369.0,76288.0,70220.0,79608.0,5072.0,73369.0,8349.0,1280.0,2618.0,79608.0,0
3139,70000.0,1,28,1,1,0,0,0,0,0,0,8479.0,8901.0,15691.0,19160.0,6788.0,5870.0,3149.0,6839.0,3957.0,2659.0,1786.0,750.0,0
3140,190000.0,2,43,3,1,0,0,1,-2,-2,0,143682.0,162222.0,109889.0,0.0,0.0,126034.0,5382.0,1426.0,0.0,0.0,9804.0,6530.0,0
3141,410000.0,1,38,1,1,1,0,0,-2,0,-1,68459.0,109750.0,101316.0,0.0,107442.0,31807.0,1704.0,12839.0,0.0,17487.0,12310.0,31807.0,0
3142,60000.0,1,42,1,1,0,0,3,2,0,0,24694.0,31171.0,34674.0,24179.0,29905.0,24339.0,3467.0,3743.0,2051.0,985.0,7829.0,4556.0,0
3143,280000.0,2,37,1,1,0,0,0,-1,0,0,170231.0,120127.0,112653.0,113606.0,127359.0,124225.0,9692.0,18940.0,11180.0,127359.0,1305.0,5479.0,0
3144,310000.0,2,25,1,2,0,0,-1,0,-2,0,172025.0,159422.0,171030.0,150306.0,0.0,115043.0,98786.0,44578.0,150306.0,0.0,13657.0,35547.0,0
3145,620000.0,1,31,1,2,-1,0,-1,0,-1,0,54912.0,-10920.0,45507.0,18886.0,31883.0,109538.0,0.0,23960.0,18886.0,22361.0,109538.0,60295.0,0
3146,160000.0,2,30,2,1,0,0,0,0,0,0,93768.0,98267.0,95137.0,77752.0,95118.0,86666.0,4832.0,4828.0,7112.0,21968.0,11402.0,4963.0,1
3147,230000.0,1,41,2,1,0,0,0,-1,-1,0,53049.0,54449.0,52552.0,44203.0,33359.0,44877.0,4563.0,25697.0,4772.0,33359.0,44877.0,7401.0,0
3148,220000.0,2,49,1,1,-2,0,0,0,0,1,0.0,101226.0,121400.0,95195.0,84218.0,79938.0,7505.0,21060.0,6938.0,16423.0,5349.0,1929.0,0
3149,200000.0,2,57,3,1,0,0,0,-1,2,0,139763.0,157979.0,104645.0,109422.0,138682.0,145942.0,12054.0,7302.0,23550.0,138682.0,1119.0,18827.0,1
3150,410000.0,2,33,2,1,0,-1,0,-1,-1,0,-3651.0,-8200.0,-8200.0,48412.0,87954.0,35399.0,0.0,0.0,36742.0,87954.0,35399.0,11858.0,0
3151,220000.0,2,41,2,1,-1,0,0,0,0,0,56787.0,61538.0,37933.0,66416.0,78016.0,71461.0,61538.0,819.0,4689.0,12021.0,12323.0,8485.0,0
3152,60000.0,2,32,3,2,1,0,2,1,0,0,52819.0,52194.0,38597.0,50076.0,51306.0,53151.0,428.0,1957.0,2841.0,2356.0,3271.0,3037.0,1
3153,100000.0,1,23,2,2,4,3,2,0,1,2,97310.0,88443.0,88617.0,98599.0,78850.0,94929.0,1601.0,432.0,468.0,1770.0,765.0,232.0,1
3154,760000.0,1,41,1,2,-1,-1,-2,-1,-1,-1,-15200.0,91326.0,0.0,-14747.0,146564.0,12429.0,91326.0,0.0,0.0,146564.0,12429.0,12429.0,0
3155,50000.0,2,34,2,2,4,3,2,3,2,1,25406.0,26497.0,25809.0,22466.0,23467.0,20178.0,268.0,176.0,295.0,1227.0,695.0,210.0,1
3156,50000.0,1,25,3,2,6,5,4,3,2,1,41473.0,41207.0,36814.0,41266.0,38557.0,32531.0,108.0,125.0,332.0,25.0,52.0,89.0,1
3157,110000.0,1,39,1,0,0,0,-2,0,-2,-1,42560.0,48165.0,0.0,71765.0,0.0,66029.0,573.0,0.0,3248.0,0.0,12818.0,66029.0,0
3158,370000.0,2,48,2,1,0,1,0,0,0,-1,207042.0,256983.0,265760.0,250597.0,179200.0,224255.0,138777.0,5583.0,19568.0,94714.0,54824.0,224255.0,0
3159,90000.0,1,36,1,1,-2,0,2,1,0,-1,0.0,38726.0,20120.0,25676.0,5177.0,27168.0,6960.0,3766.0,3168.0,180.0,5482.0,27168.0,0
3160,60000.0,1,31,3,1,-1,-1,1,0,0,-1,11346.0,10291.0,12831.0,12186.0,15372.0,10875.0,10291.0,12831.0,2070.0,6744.0,4692.0,10875.0,0
3161,160000.0,2,33,1,2,2,1,0,0,1,0,76959.0,49386.0,69415.0,71012.0,65691.0,58290.0,1149.0,258.0,8577.0,727.0,651.0,3782.0,1
3162,190000.0,1,40,2,2,0,0,-1,-1,0,0,10604.0,20872.0,36649.0,35923.0,27641.0,37556.0,12391.0,21581.0,35923.0,27641.0,16509.0,4090.0,0
3163,260000.0,1,30,1,2,-1,0,-1,-1,0,0,55299.0,17999.0,39175.0,63001.0,23566.0,17441.0,17999.0,30254.0,63001.0,23566.0,5647.0,11192.0,0
3164,60000.0,2,44,2,1,-1,0,0,0,0,2,35626.0,47406.0,33911.0,31345.0,43571.0,31819.0,47406.0,618.0,980.0,1332.0,4743.0,967.0,0
3165,60000.0,1,37,2,2,0,0,3,2,0,0,39457.0,52043.0,40682.0,39180.0,44101.0,38626.0,1945.0,1793.0,1430.0,238.0,2725.0,5315.0,0
3166,50000.0,1,40,2,1,2,3,2,0,0,0,41103.0,43303.0,39189.0,38718.0,40807.0,38331.0,346.0,439.0,515.0,924.0,4230.0,983.0,0
3167,370000.0,2,29,1,2,3,2,0,-1,0,0,234770.0,253984.0,248771.0,231596.0,272070.0,251858.0,3477.0,2644.0,14077.0,272070.0,33564.0,17203.0,1
3168,90000.0,1,27,2,2,0,0,-2,0,0,0,37271.0,38956.0,0.0,33993.0,40582.0,24774.0,21924.0,0.0,14768.0,2992.0,15243.0,3662.0,0
3169,190000.0,2,32,1,1,0,-1,-1,0,0,0,34746.0,48885.0,38954.0,30437.0,40692.0,51371.0,8667.0,38954.0,30437.0,2584.0,9665.0,7856.0,0
3170,150000.0,2,23,1,2,0,0,0,0,-1,0,42086.0,14471.0,45277.0,56887.0,35989.0,33848.0,4158.0,10298.0,10290.0,1501.0,33848.0,5743.0,0
3171,70000.0,2,42,1,2,-1,0,-1,0,-1,0,22095.0,20872.0,31352.0,23502.0,26805.0,15881.0,20872.0,3270.0,23502.0,10877.0,15881.0,3175.0,0
3172,60000.0,1,45,1,2,-1,0,-1,-2,-2,0,14962.0,13772.0,8045.0,0.0,0.0,9012.0,13772.0,393.0,0.0,0.0,4290.0,210.0,0
3173,40000.0,1,32,3,1,-1,-1,-1,-1,0,-1,17116.0,15159.0,12659.0,11775.0,15088.0,16865.0,15159.0,12659.0,11775.0,15088.0,2273.0,16865.0,0
3174,470000.0,2,31,2,2,0,-1,2,1,-1,-1,137445.0,28308.0,149574.0,91054.0,58250.0,66025.0,5972.0,149574.0,3451.0,1426.0,66025.0,66025.0,0
3175,160000.0,2,50,1,1,4,3,4,3,2,0,82839.0,87999.0,111971.0,111754.0,108624.0,107598.0,716.0,3739.0,1170.0,1254.0,405.0,2450.0,0
3176,180000.0,1,39,2,1,0,-1,-2,0,0,0,45833.0,47439.0,0.0,40150.0,55620.0,31009.0,5974.0,0.0,2016.0,14986.0,9679.0,7695.0,0
3177,80000.0,1,35,1,1,-1,0,-1,0,0,0,23342.0,18023.0,11372.0,19923.0,13992.0,19258.0,18023.0,3351.0,19923.0,1352.0,3250.0,4147.0,0
3178,1000000.0,1,32,1,2,0,-1,0,1,-1,0,242421.0,335899.0,463534.0,241077.0,306474.0,342587.0,56384.0,463534.0,55359.0,2397.0,342587.0,36792.0,0
3179,150000.0,1,47,2,1,-1,-1,-1,0,0,-1,15099.0,35946.0,20563.0,27470.0,36051.0,41602.0,35946.0,20563.0,27470.0,16824.0,15059.0,41602.0,0
3180,40000.0,2,43,2,1,0,2,-1,0,0,0,9297.0,13586.0,15721.0,15514.0,16976.0,12798.0,2006.0,184.0,15514.0,2722.0,2462.0,4871.0,0
3181,90000.0,2,42,2,2,0,6,5,4,3,2,76153.0,72285.0,63199.0,54298.0,77296.0,73066.0,707.0,601.0,409.0,924.0,603.0,1135.0,0
3182,190000.0,2,53,5,1,-1,-2,0,1,0,1,78841.0,0.0,74262.0,78530.0,83414.0,87528.0,0.0,12086.0,15298.0,4365.0,2955.0,4201.0,0
3183,280000.0,1,46,4,2,0,-1,-1,0,0,0,101880.0,99379.0,105756.0,121111.0,131401.0,87390.0,16674.0,105756.0,121111.0,56296.0,65175.0,21473.0,0
3184,60000.0,1,27,3,2,2,0,0,-2,0,0,34316.0,49113.0,42692.0,0.0,41886.0,37543.0,451.0,2274.0,0.0,8819.0,979.0,4448.0,1
3185,180000.0,1,28,2,2,1,-2,0,0,2,-1,75931.0,0.0,72867.0,95426.0,56426.0,50693.0,0.0,2646.0,8251.0,2486.0,4641.0,50693.0,0
3186,150000.0,1,35,2,1,-2,-1,0,1,-2,0,0.0,105848.0,119243.0,114764.0,0.0,103535.0,8410.0,119243.0,2784.0,0.0,8549.0,18922.0,0
3187,200000.0,1,34,1,2,-1,-1,-1,-1,-1,0,22603.0,9596.0,2156.0,27375.0,32037.0,30154.0,9596.0,2156.0,27375.0,32037.0,30154.0,11121.0,0
3188,70000.0,2,42,3,1,0,-1,0,-1,-2,-1,18356.0,12509.0,20152.0,21403.0,0.0,17409.0,2158.0,20152.0,10142.0,0.0,9190.0,17409.0,0
3189,270000.0,1,49,1,1,-2,-2,0,1,-1,0,0.0,0.0,177741.0,182998.0,120257.0,169068.0,0.0,2348.0,2174.0,2076.0,169068.0,11321.0,1
3190,260000.0,1,32,6,2,-1,-1,0,0,0,0,115943.0,98400.0,112708.0,116675.0,126653.0,135586.0,98400.0,112708.0,20812.0,13518.0,36453.0,30702.0,0
3191,180000.0,2,38,1,2,0,0,0,0,0,0,92170.0,61813.0,62196.0,96094.0,82905.0,82792.0,15114.0,3617.0,49701.0,8970.0,4961.0,12151.0,1
3192,100000.0,2,42,2,0,0,0,-1,-1,0,0,34320.0,22696.0,30931.0,38728.0,33978.0,29190.0,7729.0,16448.0,38728.0,33978.0,5170.0,4402.0,0
3193,940000.0,2,40,2,2,-2,-1,0,0,-1,-1,0.0,192558.0,132301.0,150747.0,160410.0,116551.0,39589.0,132301.0,60426.0,43683.0,116551.0,116551.0,0
3194,130000.0,2,22,3,2,0,0,0,0,2,0,95113.0,80752.0,105412.0,84121.0,101462.0,85134.0,2345.0,1386.0,1436.0,2359.0,1892.0,1060.0,0
3195,190000.0,1,32,2,1,0,0,0,1,-1,0,35586.0,50426.0,90879.0,96208.0,58251.0,79458.0,5306.0,5455.0,8573.0,3184.0,79458.0,4108.0,0
3196,30000.0,2,32,3,1,0,0,0,-2,-2,0,9334.0,10384.0,2937.0,0.0,0.0,7745.0,470.0,143.0,0.0,0.0,578.0,199.0,1
3197,320000.0,1,52,2,1,0,-1,-1,-2,0,-1,14352.0,5764.0,6805.0,0.0,51690.0,24127.0,2864.0,6805.0,0.0,16632.0,21192.0,24127.0,0
3198,40000.0,2,36,2,2,0,0,0,0,0,0,24594.0,20232.0,31321.0,23630.0,18214.0,26153.0,1000.0,1455.0,499.0,799.0,402.0,1189.0,1
3199,220000.0,2,40,3,2,0,0,0,0,-1,0,50427.0,58298.0,62425.0,64107.0,81781.0,84775.0,12289.0,1060.0,4197.0,9772.0,84775.0,7962.0,0
3200,220000.0,2,36,1,2,0,-1,4,3,2,0,128560.0,148330.0,140501.0,140560.0,116917.0,133726.0,9960.0,140501.0,791.0,3348.0,2856.0,7505.0,0
3201,70000.0,2,39,3,1,0,-2,0,-1,0,0,45913.0,0.0,28038.0,39926.0,50650.0,49123.0,0.0,1932.0,4587.0,50650.0,10962.0,7746.0,0
3202,70000.0,2,29,2,1,0,0,0,0,0,0,38108.0,36408.0,37334.0,33654.0,52180.0,39403.0,11130.0,2371.0,2293.0,10870.0,4764.0,5853.0,0
3203,130000.0,2,31,2,1,2,0,0,0,0,-1,23990.0,33447.0,37242.0,48228.0,11469.0,42761.0,2417.0,8287.0,13743.0,1428.0,8820.0,42761.0,0
3204,100000.0,1,39,2,1,0,-1,0,-1,-1,-1,14136.0,12834.0,5108.0,3271.0,-2000.0,8970.0,5352.0,5108.0,2655.0,0.0,8970.0,8970.0,0
3205,60000.0,1,75,2,1,-1,-1,0,-1,-1,-1,12006.0,13834.0,8625.0,9980.0,2039.0,6900.0,13834.0,8625.0,2683.0,2039.0,6900.0,6900.0,0
3206,240000.0,1,30,2,2,0,0,0,0,2,-1,154771.0,127432.0,149008.0,113955.0,135873.0,135425.0,36234.0,12699.0,26119.0,16128.0,9687.0,135425.0,0
3207,30000.0,2,39,3,1,-1,-2,0,0,0,0,7771.0,0.0,2584.0,-28.0,3298.0,8217.0,0.0,132.0,0.0,228.0,1200.0,220.0,0
3208,100000.0,2,27,2,2,0,0,0,-1,-1,-1,19395.0,15379.0,33621.0,25676.0,28106.0,36316.0,2633.0,2229.0,6244.0,28106.0,36316.0,36316.0,0
3209,60000.0,2,29,3,2,-1,0,0,0,-1,0,10396.0,1677.0,1472.0,3037.0,2887.0,7922.0,1677.0,640.0,994.0,2162.0,7922.0,4381.0,0
3210,500000.0,2,32,1,1,1,0,0,0,0,0,309158.0,313079.0,214475.0,274905.0,304810.0,320477.0,4797.0,7807.0,31152.0,6605.0,13042.0,29244.0,1
3211,50000.0,2,57,2,1,-1,0,0,-2,-1,0,21559.0,24684.0,28044.0,0.0,31811.0,25771.0,24684.0,6620.0,0.0,4591.0,25771.0,6093.0,0
3212,230000.0,2,30,2,1,-1,-1,0,0,-1,-1,34161.0,33269.0,52226.0,16724.0,43615.0,45459.0,33269.0,52226.0,11334.0,17458.0,45459.0,45459.0,0
3213,170000.0,2,34,2,2,-1,-2,0,-1,0,-1,41731.0,0.0,21905.0,33024.0,26244.0,26669.0,0.0,3657.0,7272.0,26244.0,4461.0,26669.0,0
3214,20000.0,1,34,1,1,0,0,0,0,0,-1,6603.0,8846.0,7944.0,8624.0,7151.0,8236.0,4605.0,3570.0,319.0,1428.0,323.0,8236.0,0
3215,70000.0,2,69,2,2,0,0,0,0,0,-1,28347.0,38683.0,42523.0,36604.0,41335.0,37852.0,360.0,8289.0,1117.0,475.0,1437.0,37852.0,0
3216,80000.0,1,37,2,1,-1,0,0,0,0,-1,42269.0,51354.0,41621.0,40571.0,39775.0,39487.0,51354.0,6748.0,3092.0,953.0,2695.0,39487.0,1
3217,60000.0,2,45,2,1,1,0,0,0,0,0,33398.0,38593.0,37365.0,44610.0,33345.0,31497.0,1815.0,6001.0,1395.0,4917.0,5746.0,2407.0,0
3218,250000.0,2,52,1,2,0,0,0,0,0,-1,44361.0,56003.0,31875.0,46057.0,58791.0,42570.0,8323.0,6978.0,6352.0,19206.0,8062.0,42570.0,0
3219,140000.0,1,40,3,2,0,-1,0,0,2,1,38569.0,50260.0,23238.0,46385.0,50111.0,50613.0,1984.0,23238.0,3241.0,981.0,2762.0,314.0,0
3220,250000.0,2,34,2,1,0,-1,1,0,0,0,30405.0,68764.0,43114.0,53119.0,47023.0,5671.0,5515.0,43114.0,1709.0,1446.0,331.0,820.0,0
3221,50000.0,2,37,3,1,1,0,0,-2,0,0,26172.0,32443.0,28692.0,0.0,24983.0,26498.0,345.0,296.0,0.0,1479.0,1931.0,1449.0,0
3222,130000.0,1,33,3,1,0,0,-2,-1,0,-1,15931.0,33770.0,0.0,26919.0,19101.0,30267.0,8737.0,0.0,4713.0,19101.0,6339.0,30267.0,1
3223,150000.0,2,36,1,1,-1,0,-2,-2,-2,0,53988.0,51825.0,0.0,0.0,0.0,37444.0,51825.0,0.0,0.0,0.0,3591.0,7520.0,0
3224,190000.0,2,41,2,2,0,0,-2,0,0,2,7383.0,37445.0,0.0,38109.0,8064.0,21507.0,13934.0,0.0,14456.0,1809.0,4070.0,2104.0,0
3225,110000.0,2,29,2,2,-1,-1,-1,-1,0,0,31368.0,53615.0,40780.0,42159.0,54025.0,45386.0,53615.0,40780.0,42159.0,54025.0,11590.0,5149.0,0
3226,120000.0,2,36,2,2,-1,0,0,-1,-1,0,35711.0,43868.0,15351.0,34183.0,26894.0,26603.0,43868.0,3684.0,4179.0,26894.0,26603.0,10868.0,1
3227,120000.0,2,52,2,2,0,0,0,-2,0,1,22166.0,32922.0,17431.0,0.0,26142.0,15669.0,1852.0,491.0,0.0,1682.0,1082.0,328.0,0
3228,180000.0,1,37,2,2,-2,0,-1,0,-1,-2,0.0,37121.0,61181.0,59582.0,29465.0,0.0,6182.0,10783.0,59582.0,5452.0,0.0,0.0,0
3229,150000.0,2,44,0,2,-1,-1,0,-1,0,-1,3070.0,41463.0,15018.0,16435.0,14805.0,1124.0,41463.0,15018.0,10205.0,14805.0,563.0,1124.0,1
3230,70000.0,2,46,2,1,-1,0,0,-2,0,0,35067.0,37460.0,34049.0,0.0,47973.0,52347.0,37460.0,3382.0,0.0,4176.0,9149.0,6863.0,0
3231,30000.0,1,27,2,2,0,0,0,0,0,0,18644.0,15529.0,20931.0,17846.0,15584.0,14607.0,3067.0,3102.0,1165.0,2319.0,3300.0,1768.0,1
3232,220000.0,1,27,2,1,0,-1,-1,0,0,-1,107663.0,93483.0,51168.0,79256.0,82492.0,67648.0,43544.0,51168.0,79256.0,54925.0,46027.0,67648.0,0
3233,200000.0,1,31,2,2,0,-1,0,3,2,0,33233.0,51339.0,42743.0,50637.0,12291.0,34276.0,6843.0,42743.0,2302.0,133.0,1346.0,4001.0,1
3234,130000.0,1,44,2,1,0,0,0,0,0,0,28181.0,26100.0,10429.0,8333.0,8667.0,8461.0,6814.0,1585.0,1138.0,1374.0,408.0,4056.0,1
3235,260000.0,1,28,2,2,0,0,-1,-1,0,0,69846.0,53143.0,53751.0,31749.0,93762.0,29185.0,5217.0,13573.0,31749.0,93762.0,5542.0,7034.0,0
3236,120000.0,2,36,2,2,5,4,3,2,0,1,82275.0,87519.0,85377.0,94275.0,64158.0,82979.0,2049.0,584.0,812.0,1174.0,5368.0,877.0,1
3237,120000.0,2,40,2,1,0,0,-1,-1,0,0,9437.0,6599.0,5579.0,5643.0,-2400.0,-2400.0,2279.0,3801.0,5643.0,0.0,0.0,0.0,0
3238,120000.0,2,33,1,2,-2,0,-1,0,0,2,0.0,67598.0,48506.0,61457.0,33550.0,58551.0,5505.0,4941.0,61457.0,1694.0,7250.0,214.0,0
3239,290000.0,2,32,2,2,1,0,0,0,0,0,83459.0,64462.0,43099.0,65539.0,108248.0,51259.0,2711.0,19602.0,4827.0,9465.0,8580.0,10680.0,1
3240,390000.0,2,26,2,2,0,0,-1,-1,-2,-1,87809.0,124348.0,84000.0,82416.0,0.0,111580.0,7364.0,25424.0,82416.0,0.0,22519.0,111580.0,0
3241,80000.0,2,42,3,1,2,3,2,3,2,1,47004.0,40430.0,49940.0,57203.0,52933.0,56093.0,297.0,2732.0,1008.0,735.0,318.0,676.0,1
3242,80000.0,2,36,2,1,0,0,0,0,-1,0,31269.0,20713.0,38957.0,26852.0,17369.0,29855.0,5639.0,30485.0,7235.0,2010.0,29855.0,17296.0,0
3243,230000.0,1,26,2,2,0,0,0,0,-2,0,43733.0,13644.0,32295.0,92555.0,0.0,47943.0,2290.0,5779.0,18968.0,0.0,6838.0,1462.0,0
3244,210000.0,2,28,2,1,-1,0,0,0,0,0,78682.0,48391.0,100444.0,50764.0,50446.0,71955.0,48391.0,3114.0,1461.0,3679.0,1359.0,3853.0,0
3245,300000.0,1,43,1,1,-1,-1,0,0,-2,-1,55557.0,73479.0,43039.0,50802.0,0.0,54511.0,73479.0,43039.0,6109.0,0.0,4403.0,54511.0,0
3246,60000.0,1,35,1,2,0,-1,0,0,0,0,18605.0,14277.0,6461.0,17704.0,18402.0,13159.0,4145.0,6461.0,1586.0,3614.0,8114.0,3669.0,0
3247,190000.0,2,53,2,1,-1,-1,4,3,2,0,99944.0,65132.0,84055.0,115666.0,89618.0,106671.0,65132.0,84055.0,2784.0,5382.0,681.0,9329.0,0
3248,180000.0,2,29,1,1,1,2,1,0,0,1,78427.0,137314.0,110101.0,121905.0,123325.0,98187.0,3397.0,531.0,1303.0,43508.0,13487.0,3929.0,1
3249,80000.0,2,38,3,1,4,3,2,0,0,-2,43286.0,43383.0,34584.0,28753.0,29448.0,0.0,2602.0,3143.0,867.0,3073.0,0.0,0.0,0
3250,160000.0,1,33,2,1,0,2,1,0,2,1,98191.0,58865.0,103707.0,57560.0,45997.0,43060.0,6466.0,1214.0,939.0,7998.0,720.0,1857.0,1
3251,120000.0,2,43,2,1,1,0,0,-2,0,1,52463.0,63783.0,59151.0,0.0,54015.0,81031.0,3743.0,7830.0,0.0,3360.0,3185.0,5201.0,0
3252,160000.0,2,35,2,2,-1,0,-1,0,0,-1,27766.0,47286.0,48171.0,51984.0,44331.0,26299.0,47286.0,10548.0,51984.0,25288.0,19553.0,26299.0,0
3253,190000.0,2,41,1,1,-2,0,0,0,0,0,0.0,96993.0,82613.0,98250.0,81897.0,98139.0,7631.0,3671.0,5883.0,14059.0,5442.0,1736.0,0
3254,120000.0,2,50,2,2,-1,0,0,0,-1,-1,55089.0,57198.0,27966.0,23859.0,39094.0,36222.0,57198.0,4162.0,3155.0,7879.0,36222.0,36222.0,0
3255,330000.0,1,41,3,1,-2,-1,0,0,0,0,0.0,96385.0,59226.0,64613.0,104200.0,98591.0,16787.0,59226.0,8092.0,14647.0,24170.0,11475.0,0
3256,160000.0,1,32,1,1,-1,0,0,-2,0,1,54993.0,48310.0,72203.0,0.0,76950.0,67101.0,48310.0,7254.0,0.0,8527.0,6073.0,1016.0,0
3257,130000.0,2,30,3,2,0,-2,0,1,0,0,78677.0,0.0,53606.0,51256.0,75964.0,76739.0,0.0,7693.0,17261.0,2465.0,5373.0,10397.0,0
3258,380000.0,2,44,1,1,-2,-1,-1,-1,-1,0,0.0,58021.0,68492.0,1781.0,28368.0,68382.0,21634.0,68492.0,1781.0,28368.0,68382.0,34004.0,0
3259,60000.0,2,35,2,2,-1,0,0,-1,0,-1,22934.0,14615.0,31212.0,18734.0,23999.0,21397.0,14615.0,15795.0,5399.0,23999.0,3978.0,21397.0,0
3260,70000.0,1,28,3,2,0,-1,0,0,3,2,22253.0,24834.0,34083.0,29638.0,20329.0,25041.0,3320.0,34083.0,1657.0,266.0,416.0,869.0,0
3261,70000.0,1,38,2,2,0,1,-1,0,-1,0,40636.0,53185.0,42823.0,36157.0,48972.0,36788.0,397.0,492.0,36157.0,2815.0,36788.0,5367.0,0
3262,100000.0,2,28,2,2,0,2,1,0,0,0,53532.0,70545.0,67485.0,55992.0,61946.0,68228.0,2630.0,640.0,360.0,3488.0,6000.0,11492.0,0
3263,50000.0,1,32,4,1,0,0,0,0,0,0,26608.0,23389.0,27372.0,18560.0,19107.0,28872.0,1186.0,5226.0,1498.0,1007.0,2740.0,5465.0,0
3264,320000.0,2,34,1,2,0,-1,-2,0,-1,-1,154162.0,94733.0,0.0,107503.0,140477.0,118700.0,2866.0,0.0,10342.0,30299.0,118700.0,118700.0,0
3265,150000.0,1,54,2,1,0,0,-1,0,0,0,54619.0,36695.0,37493.0,56304.0,47284.0,40744.0,18945.0,13461.0,56304.0,18501.0,15450.0,25673.0,1
3266,50000.0,2,36,2,2,1,2,1,0,0,0,38485.0,35331.0,35469.0,36617.0,40386.0,45212.0,240.0,65.0,186.0,1359.0,3513.0,5496.0,1
3267,130000.0,2,35,3,1,-2,0,-1,0,0,0,0.0,83756.0,76551.0,60801.0,53533.0,56049.0,11063.0,4105.0,60801.0,1779.0,20730.0,3393.0,0
3268,100000.0,1,45,1,2,2,1,0,0,0,0,83664.0,73721.0,59650.0,86232.0,85280.0,94851.0,1757.0,5950.0,4043.0,10540.0,7778.0,2767.0,0
3269,60000.0,2,29,1,2,0,0,0,2,1,0,46078.0,46602.0,48556.0,45874.0,53231.0,54798.0,1778.0,1304.0,4329.0,1505.0,1266.0,1560.0,0
3270,180000.0,2,42,2,2,0,0,0,0,0,0,121984.0,117897.0,118955.0,92989.0,99423.0,122940.0,9698.0,19399.0,2519.0,23731.0,2976.0,2791.0,1
3271,200000.0,2,44,1,1,-1,0,-2,0,-1,-1,14027.0,-692.0,0.0,11625.0,19619.0,44649.0,0.0,0.0,1245.0,1739.0,44649.0,44649.0,0
3272,80000.0,2,42,2,1,0,0,0,0,-1,0,41764.0,32966.0,27525.0,39384.0,45615.0,39723.0,6103.0,5602.0,12812.0,4876.0,39723.0,9069.0,0
3273,140000.0,2,31,3,2,0,1,0,0,1,0,85638.0,69206.0,79777.0,67225.0,68102.0,64579.0,2081.0,174.0,4426.0,2322.0,212.0,4187.0,0
3274,130000.0,1,35,3,2,0,0,0,2,1,0,86363.0,86616.0,78590.0,74616.0,93467.0,59279.0,5754.0,2699.0,4283.0,1762.0,1527.0,12410.0,1
3275,180000.0,2,28,1,1,-1,0,-1,-1,0,0,69743.0,83639.0,93642.0,92044.0,93389.0,75102.0,83639.0,8680.0,92044.0,93389.0,10926.0,21905.0,0
3276,250000.0,1,35,2,2,0,-1,0,-1,0,0,26357.0,46845.0,17961.0,49401.0,-5000.0,40819.0,16020.0,17961.0,16748.0,0.0,18121.0,3934.0,1
3277,170000.0,1,43,5,1,-1,0,1,0,0,0,130215.0,113019.0,89842.0,129192.0,116014.0,128584.0,113019.0,3899.0,2328.0,4995.0,18513.0,13225.0,1
3278,460000.0,2,42,1,2,-1,0,0,0,-1,0,-9200.0,123170.0,11641.0,70128.0,64583.0,99000.0,123170.0,7256.0,12396.0,20697.0,99000.0,16236.0,0
3279,150000.0,1,32,2,2,0,-1,0,0,0,0,42423.0,31315.0,38627.0,42106.0,51765.0,57171.0,2033.0,38627.0,17734.0,5266.0,13769.0,4467.0,0
3280,250000.0,2,45,1,1,0,0,0,0,2,1,152267.0,181081.0,185154.0,222888.0,192580.0,213492.0,3453.0,9044.0,8166.0,66565.0,4724.0,4745.0,0
3281,10000.0,2,28,3,2,0,1,0,0,2,1,6655.0,8623.0,10316.0,8239.0,9100.0,9121.0,182.0,40.0,97.0,432.0,184.0,89.0,1
3282,90000.0,2,30,2,2,-1,0,-1,-1,-1,0,13769.0,-4.0,3356.0,13708.0,17700.0,13478.0,0.0,915.0,13708.0,17700.0,13478.0,2548.0,0
3283,350000.0,2,34,3,1,0,0,-1,0,-1,-1,192822.0,171463.0,164153.0,184489.0,160922.0,143387.0,34553.0,39576.0,184489.0,48045.0,143387.0,143387.0,0
3284,140000.0,2,47,1,2,-2,0,1,0,0,2,0.0,79007.0,65276.0,75849.0,69260.0,58550.0,4507.0,4011.0,414.0,14547.0,12198.0,3653.0,0
3285,100000.0,1,26,2,2,4,3,2,0,-1,0,67170.0,57550.0,49341.0,44183.0,53137.0,58101.0,3379.0,705.0,3162.0,1851.0,58101.0,3411.0,1
3286,110000.0,1,49,2,2,-1,0,0,0,0,0,54671.0,64524.0,78683.0,39760.0,57685.0,48004.0,64524.0,16136.0,12264.0,15882.0,25477.0,3408.0,0
3287,50000.0,2,35,1,1,0,0,0,3,2,1,27603.0,24432.0,33145.0,17551.0,26400.0,22564.0,2398.0,5977.0,4235.0,1141.0,2020.0,886.0,1
3288,170000.0,1,27,2,2,2,-1,-1,-1,1,0,51783.0,54441.0,39706.0,58382.0,40382.0,78542.0,2980.0,39706.0,58382.0,40382.0,2300.0,20277.0,0
3289,560000.0,2,50,2,1,1,0,0,-1,0,-1,141036.0,169437.0,131953.0,128778.0,135704.0,237802.0,5678.0,27653.0,2508.0,135704.0,50764.0,237802.0,1
3290,440000.0,2,43,2,1,0,0,-2,-2,0,0,148559.0,187212.0,0.0,0.0,173664.0,190662.0,52542.0,0.0,0.0,10305.0,108946.0,63409.0,0
3291,110000.0,1,35,2,1,4,3,2,1,2,1,74708.0,78153.0,93653.0,95917.0,77824.0,85167.0,2502.0,1095.0,1850.0,2927.0,1195.0,411.0,1
3292,120000.0,2,53,1,3,-2,2,0,0,1,0,0.0,62236.0,56764.0,65512.0,92070.0,75064.0,8970.0,783.0,39036.0,13447.0,7179.0,4341.0,0
3293,90000.0,2,37,2,1,2,0,0,0,0,2,33016.0,17079.0,36677.0,20732.0,30755.0,21861.0,51.0,1055.0,3615.0,586.0,213.0,376.0,1
3294,190000.0,1,39,2,1,1,0,0,-1,0,-1,58885.0,55751.0,49465.0,57050.0,52093.0,57180.0,799.0,5411.0,7492.0,52093.0,5122.0,57180.0,0
3295,70000.0,1,41,3,1,0,-1,0,0,2,0,38221.0,30852.0,31100.0,30822.0,36832.0,33652.0,13126.0,31100.0,6160.0,3031.0,1622.0,9287.0,0
3296,150000.0,2,28,3,2,-2,1,0,-1,0,0,0.0,81700.0,71450.0,64039.0,61891.0,69511.0,3182.0,1241.0,4957.0,61891.0,3505.0,10544.0,0
3297,150000.0,1,36,2,2,-1,-1,0,-1,0,0,17881.0,26995.0,37886.0,23606.0,18850.0,40656.0,26995.0,37886.0,4067.0,18850.0,28784.0,4456.0,0
3298,40000.0,2,22,2,2,4,3,2,1,0,1,25433.0,24423.0,25370.0,27437.0,27821.0,31701.0,172.0,131.0,120.0,496.0,2214.0,1019.0,1
3299,70000.0,2,25,1,2,0,0,0,0,1,-2,35874.0,34370.0,49288.0,46323.0,44317.0,0.0,799.0,1538.0,975.0,4549.0,0.0,0.0,0
3300,250000.0,1,43,2,1,0,0,-1,-1,0,0,50979.0,80421.0,35218.0,51043.0,60100.0,73974.0,14445.0,5799.0,51043.0,60100.0,8924.0,8957.0,0
3301,320000.0,2,36,1,1,0,0,0,0,2,0,228696.0,186037.0,192181.0,177724.0,147473.0,188718.0,60896.0,9141.0,33247.0,3718.0,5224.0,20514.0,0
3302,80000.0,2,28,3,2,0,0,0,0,0,0,15134.0,22663.0,7216.0,6893.0,14876.0,18576.0,4875.0,941.0,3605.0,1794.0,2938.0,2309.0,0
3303,320000.0,1,28,2,1,0,1,0,0,0,-1,156901.0,116396.0,164298.0,176920.0,139285.0,125918.0,3846.0,2076.0,29162.0,4074.0,7446.0,125918.0,0
3304,160000.0,2,29,1,2,0,0,0,-1,-1,-1,43325.0,24033.0,2526.0,18955.0,43196.0,43643.0,5057.0,325.0,4997.0,43196.0,43643.0,43643.0,0
3305,150000.0,2,40,1,2,-1,0,-2,0,0,-1,22895.0,36161.0,0.0,7491.0,29845.0,17542.0,36161.0,0.0,2222.0,3336.0,539.0,17542.0,0
3306,80000.0,2,25,3,2,0,2,0,1,2,1,68200.0,81193.0,71884.0,74547.0,78191.0,66985.0,6967.0,357.0,1532.0,487.0,1486.0,256.0,0
3307,280000.0,1,42,1,2,0,-1,0,0,0,0,51719.0,39339.0,21502.0,28375.0,-5600.0,20106.0,789.0,21502.0,4362.0,0.0,7885.0,9906.0,0
3308,20000.0,2,35,2,1,0,0,-1,-1,0,-2,3293.0,6954.0,6528.0,6529.0,9196.0,0.0,3662.0,3123.0,6529.0,9196.0,0.0,0.0,0
3309,90000.0,2,28,3,2,0,-1,0,0,0,-2,31550.0,23483.0,25596.0,42344.0,16121.0,0.0,1548.0,25596.0,32362.0,2578.0,0.0,0.0,0
3310,140000.0,2,36,2,2,0,0,2,0,0,0,78393.0,95752.0,85815.0,91963.0,109080.0,93197.0,13025.0,8460.0,3229.0,4661.0,14083.0,6489.0,0
3311,70000.0,2,31,2,1,-1,-2,-2,0,0,0,25365.0,0.0,0.0,32019.0,25768.0,17934.0,0.0,0.0,3403.0,4449.0,1006.0,882.0,0
3312,90000.0,1,31,1,1,-1,-1,-1,-1,-1,-1,30288.0,25477.0,14549.0,15769.0,14109.0,20396.0,25477.0,14549.0,15769.0,14109.0,20396.0,20396.0,0
3313,330000.0,1,46,2,1,-1,0,0,0,0,0,118407.0,99890.0,148784.0,124920.0,137114.0,128912.0,99890.0,26671.0,34396.0,75683.0,23912.0,61631.0,0
3314,80000.0,1,29,2,2,0,-1,0,0,-1,0,25545.0,31166.0,22111.0,18939.0,35944.0,24541.0,4279.0,22111.0,4219.0,8508.0,24541.0,6811.0,1
3315,70000.0,2,36,3,2,-1,-1,-1,-1,0,0,14706.0,5773.0,4724.0,4986.0,-1400.0,11365.0,5773.0,4724.0,4986.0,0.0,4519.0,8370.0,0
3316,230000.0,2,32,2,1,0,0,0,0,0,-2,83480.0,77667.0,90480.0,109794.0,54601.0,0.0,5473.0,10274.0,16717.0,13123.0,0.0,0.0,0
3317,40000.0,1,34,3,2,-2,0,0,0,0,0,0.0,13789.0,12428.0,21239.0,16573.0,11990.0,1568.0,1012.0,728.0,3078.0,2348.0,5195.0,0
3318,630000.0,1,26,5,2,-1,0,0,-1,0,-1,130112.0,42866.0,16677.0,81440.0,171564.0,118289.0,42866.0,7328.0,36665.0,171564.0,10864.0,118289.0,0
3319,50000.0,2,35,3,1,0,-1,0,0,0,0,17230.0,9793.0,13130.0,12307.0,15774.0,10043.0,2710.0,13130.0,2177.0,2588.0,802.0,2235.0,0
3320,90000.0,1,42,2,1,2,1,0,0,0,-2,83751.0,79582.0,71698.0,69179.0,70548.0,0.0,621.0,516.0,1244.0,3834.0,0.0,0.0,1
3321,40000.0,2,31,2,2,0,0,-2,-2,-1,-1,521.0,4998.0,0.0,0.0,9655.0,10124.0,346.0,0.0,0.0,1963.0,10124.0,10124.0,0
3322,70000.0,2,29,2,2,0,-1,0,0,0,0,18273.0,21961.0,11622.0,18734.0,19208.0,20968.0,6771.0,11622.0,3970.0,4137.0,6067.0,509.0,0
3323,60000.0,1,28,2,2,4,3,2,0,0,0,35787.0,34638.0,41473.0,38237.0,35785.0,38032.0,611.0,296.0,101.0,1573.0,2466.0,1152.0,1
3324,60000.0,1,31,3,1,0,-1,-1,1,-1,0,20716.0,27471.0,11239.0,10233.0,31220.0,23581.0,4659.0,11239.0,10233.0,505.0,23581.0,6838.0,0
3325,40000.0,1,30,3,1,0,-1,-1,0,-1,0,11786.0,15255.0,15343.0,11466.0,10195.0,10848.0,9406.0,15343.0,11466.0,1509.0,10848.0,3827.0,0
3326,30000.0,1,35,1,2,0,2,1,0,0,2,18911.0,23182.0,22249.0,20290.0,17270.0,23375.0,1557.0,808.0,383.0,2359.0,1821.0,584.0,0
3327,260000.0,2,29,2,2,0,-1,-1,-1,0,-1,53883.0,-5200.0,-5200.0,-4575.0,-5200.0,-1038.0,0.0,0.0,0.0,0.0,0.0,0.0,0
3328,270000.0,1,58,2,1,0,0,0,0,-1,-1,14290.0,79299.0,58071.0,46248.0,72495.0,117614.0,10044.0,10385.0,2739.0,23680.0,117614.0,117614.0,0
3329,190000.0,2,32,2,1,0,-2,0,0,0,0,77421.0,0.0,70509.0,91758.0,80108.0,63696.0,0.0,810.0,9359.0,4172.0,4506.0,28595.0,0
3330,240000.0,1,31,1,2,-2,-1,0,-1,-1,-1,0.0,42496.0,27695.0,64148.0,96974.0,60060.0,20472.0,27695.0,34572.0,96974.0,60060.0,60060.0,0
3331,150000.0,2,42,3,1,0,0,0,0,2,0,76085.0,92247.0,71850.0,105423.0,80757.0,103628.0,20411.0,1172.0,3321.0,9226.0,9454.0,38372.0,1
3332,80000.0,2,43,2,1,0,0,-2,0,2,0,27729.0,28185.0,0.0,18307.0,18542.0,13747.0,4122.0,0.0,2141.0,965.0,144.0,805.0,0
3333,1000000.0,1,26,1,2,0,-1,0,0,-1,-2,111652.0,599.0,129751.0,99797.0,232166.0,0.0,299.0,129751.0,9275.0,30760.0,0.0,0.0,0
3334,140000.0,2,51,1,1,3,2,3,2,3,2,96585.0,117634.0,108582.0,115175.0,112087.0,133293.0,175.0,639.0,1042.0,1213.0,631.0,223.0,1
3335,70000.0,2,36,1,2,1,0,0,0,0,0,39461.0,29061.0,42562.0,33822.0,43642.0,43456.0,444.0,636.0,742.0,4020.0,4041.0,3683.0,1
3336,560000.0,2,42,2,1,0,-2,-2,-1,0,0,222006.0,0.0,0.0,257008.0,253900.0,183468.0,0.0,0.0,77280.0,253900.0,38716.0,15093.0,0
3337,80000.0,2,43,3,2,0,-1,-1,0,0,0,-1600.0,6011.0,-1600.0,16283.0,1677.0,-1600.0,742.0,0.0,16283.0,501.0,0.0,0.0,0
3338,100000.0,1,37,3,1,-1,0,-1,0,0,-1,12987.0,15616.0,16963.0,8327.0,8371.0,20756.0,15616.0,3556.0,8327.0,2237.0,2969.0,20756.0,0
3339,60000.0,1,39,2,1,0,-1,-1,0,0,0,9756.0,12660.0,12501.0,9414.0,21075.0,1793.0,2774.0,12501.0,9414.0,2416.0,452.0,448.0,0
3340,140000.0,2,34,1,2,0,0,0,0,0,0,17804.0,31759.0,36584.0,49884.0,40695.0,39589.0,3352.0,4307.0,19671.0,5330.0,3032.0,3048.0,0
3341,180000.0,2,37,4,2,0,0,0,-1,1,0,126024.0,117563.0,156901.0,129468.0,145717.0,114674.0,13910.0,5895.0,4899.0,145717.0,7999.0,7648.0,0
3342,110000.0,1,31,3,1,0,-1,-1,2,1,0,35314.0,62046.0,53247.0,42947.0,53027.0,40094.0,11070.0,53247.0,42947.0,1332.0,2034.0,10151.0,0
3343,70000.0,1,36,1,2,0,0,0,0,-1,0,5959.0,19501.0,535.0,17817.0,9879.0,7263.0,6563.0,71.0,6543.0,1558.0,7263.0,1366.0,0
3344,190000.0,1,27,2,2,-1,0,-1,-1,3,2,49797.0,72043.0,83166.0,88975.0,80316.0,73228.0,72043.0,2657.0,88975.0,80316.0,443.0,3327.0,0
3345,70000.0,2,35,2,2,0,0,-1,-1,0,-1,15996.0,20203.0,10198.0,16828.0,23644.0,15202.0,13221.0,2984.0,16828.0,23644.0,1692.0,15202.0,0
3346,50000.0,1,53,2,1,3,2,0,-2,0,0,24450.0,21477.0,22006.0,0.0,24282.0,30229.0,990.0,1276.0,0.0,1182.0,7679.0,7956.0,0
3347,210000.0,2,27,2,2,0,5,4,3,2,0,170889.0,227152.0,178534.0,196673.0,180852.0,176163.0,44594.0,420.0,16672.0,8260.0,6464.0,16766.0,0
3348,210000.0,2,32,1,2,0,0,0,1,0,-1,90379.0,110791.0,90042.0,67150.0,45451.0,78555.0,39072.0,18738.0,34261.0,2542.0,2626.0,78555.0,0
3349,140000.0,2,29,1,1,-1,-1,0,0,0,0,64590.0,66826.0,65023.0,62356.0,47196.0,60691.0,66826.0,65023.0,4116.0,1402.0,23453.0,4891.0,0
3350,90000.0,2,28,1,2,0,2,1,0,0,0,48878.0,56098.0,49090.0,50293.0,54080.0,61594.0,10891.0,925.0,266.0,4550.0,2264.0,3286.0,0
3351,200000.0,2,33,2,2,2,0,0,0,0,-2,36178.0,43135.0,56252.0,38564.0,41483.0,0.0,2119.0,2814.0,3330.0,1835.0,0.0,0.0,0
3352,150000.0,2,38,1,1,-1,0,0,0,-1,0,94953.0,84298.0,107130.0,92277.0,87882.0,95558.0,84298.0,35926.0,9662.0,11199.0,95558.0,7741.0,1
3353,110000.0,1,36,1,1,-1,0,2,0,0,0,20946.0,18752.0,42389.0,54851.0,31018.0,42143.0,18752.0,2715.0,2860.0,1607.0,6619.0,807.0,0
3354,250000.0,2,32,1,1,0,0,-1,-1,-1,0,23515.0,42040.0,27884.0,14975.0,62598.0,23984.0,5973.0,10628.0,14975.0,62598.0,23984.0,5326.0,1
3355,210000.0,1,33,1,1,0,0,-2,0,0,0,14737.0,58028.0,0.0,74483.0,23934.0,48197.0,27584.0,0.0,32431.0,6805.0,3491.0,13579.0,0
3356,60000.0,2,53,2,1,-2,0,0,2,1,0,0.0,39270.0,34263.0,34886.0,33154.0,28689.0,2310.0,3255.0,1813.0,2626.0,528.0,1996.0,0
3357,440000.0,1,39,1,2,-1,0,-1,0,0,-1,22180.0,195057.0,93073.0,110678.0,80570.0,116672.0,195057.0,70512.0,110678.0,29981.0,15499.0,116672.0,0
3358,40000.0,2,40,2,1,2,1,0,0,2,0,27909.0,22633.0,30645.0,30198.0,28300.0,30704.0,334.0,92.0,1614.0,2838.0,193.0,750.0,0
3359,100000.0,1,35,1,2,0,-1,-1,-1,-1,-1,2739.0,10833.0,22358.0,23441.0,5803.0,26119.0,4580.0,22358.0,23441.0,5803.0,26119.0,26119.0,0
3360,170000.0,2,42,2,2,3,2,0,0,2,0,50086.0,44611.0,43332.0,56328.0,62238.0,50704.0,2285.0,661.0,1025.0,20417.0,1564.0,5143.0,0
3361,160000.0,2,32,1,1,0,1,2,1,0,0,139777.0,115211.0,103505.0,135942.0,125396.0,126143.0,3738.0,349.0,3577.0,1043.0,1633.0,4301.0,1
3362,270000.0,2,55,2,1,0,0,0,0,0,0,120585.0,100392.0,98950.0,92892.0,79281.0,105327.0,37946.0,2911.0,21968.0,11599.0,12084.0,8119.0,0
3363,190000.0,2,37,2,1,-1,-1,0,0,0,-2,86659.0,108672.0,85703.0,75834.0,85097.0,0.0,108672.0,85703.0,6803.0,8353.0,0.0,0.0,0
3364,30000.0,2,38,1,2,0,0,0,0,-2,0,19567.0,25327.0,22028.0,22941.0,0.0,20252.0,753.0,606.0,7697.0,0.0,459.0,901.0,1
3365,310000.0,2,35,2,1,5,6,5,4,3,2,226042.0,273432.0,307792.0,181594.0,278614.0,270060.0,1801.0,988.0,265.0,1042.0,2991.0,455.0,1
3366,90000.0,1,39,2,1,2,1,2,1,2,0,44354.0,56055.0,60060.0,49646.0,56626.0,54918.0,317.0,561.0,191.0,1253.0,523.0,3779.0,1
3367,110000.0,1,25,2,2,2,1,0,2,1,0,94784.0,91452.0,98455.0,95121.0,92788.0,107533.0,2942.0,1199.0,3929.0,1266.0,288.0,6765.0,1
3368,80000.0,2,43,2,2,0,0,0,0,0,0,25340.0,30964.0,26446.0,27743.0,18522.0,25677.0,8412.0,3911.0,2813.0,3903.0,5119.0,5821.0,0
3369,80000.0,2,30,1,1,3,2,1,-2,0,0,38342.0,35951.0,36694.0,0.0,38046.0,32842.0,1360.0,1744.0,0.0,3309.0,5158.0,3729.0,1
3370,250000.0,2,27,1,2,0,0,0,-1,0,0,43938.0,67832.0,76191.0,81497.0,13953.0,49842.0,24195.0,36727.0,24947.0,13953.0,16957.0,8906.0,0
3371,160000.0,2,31,2,1,0,-1,-1,0,-1,0,24648.0,22976.0,43339.0,28121.0,27937.0,10799.0,3317.0,43339.0,28121.0,10410.0,10799.0,666.0,0
3372,190000.0,2,28,1,2,-1,-2,-1,0,0,-2,73598.0,0.0,88081.0,63190.0,75191.0,0.0,0.0,31338.0,63190.0,28206.0,0.0,0.0,0
3373,50000.0,2,26,3,1,1,0,-2,0,0,-2,19195.0,15187.0,0.0,21183.0,24815.0,0.0,179.0,0.0,2774.0,5196.0,0.0,0.0,1
3374,360000.0,2,33,2,2,-1,-1,-1,-1,-2,-1,23084.0,56208.0,35125.0,26975.0,0.0,44029.0,56208.0,35125.0,26975.0,0.0,11750.0,44029.0,0
3375,270000.0,1,51,1,1,0,0,0,2,0,0,188089.0,181929.0,194418.0,205605.0,192384.0,216929.0,9295.0,16559.0,27365.0,12739.0,38145.0,15015.0,0
3376,170000.0,2,27,2,2,0,0,0,0,0,0,61903.0,38938.0,41309.0,62315.0,60894.0,56880.0,5331.0,4101.0,24370.0,44001.0,6781.0,8794.0,0
3377,190000.0,1,37,1,1,-2,0,-1,-2,0,1,0.0,84220.0,98275.0,0.0,114009.0,92289.0,5077.0,12097.0,0.0,17024.0,13605.0,2071.0,0
3378,140000.0,2,28,0,1,0,-1,-2,0,0,0,44573.0,17950.0,0.0,36868.0,-2388.0,29646.0,4648.0,0.0,13087.0,0.0,18084.0,12258.0,0
3379,230000.0,2,43,3,1,0,1,2,1,-1,0,96286.0,75166.0,74154.0,87801.0,65536.0,57652.0,8537.0,4542.0,1860.0,1983.0,57652.0,12317.0,0
3380,160000.0,2,22,3,2,4,3,2,1,2,0,100948.0,93375.0,114328.0,86839.0,105535.0,104892.0,238.0,183.0,160.0,549.0,2591.0,3359.0,1
3381,180000.0,2,29,3,2,0,2,0,0,-1,0,141955.0,116827.0,110370.0,97332.0,118000.0,126028.0,2918.0,3668.0,4018.0,6386.0,126028.0,3883.0,0
3382,170000.0,2,26,1,2,0,0,4,3,2,-2,89960.0,98076.0,129520.0,100816.0,92500.0,0.0,9040.0,8872.0,1490.0,1684.0,0.0,0.0,0
3383,170000.0,2,26,1,2,1,0,0,0,-1,0,95152.0,101215.0,116617.0,85191.0,93748.0,105348.0,252.0,4436.0,1929.0,32111.0,105348.0,6235.0,1
3384,60000.0,2,38,2,1,0,4,3,2,1,0,50094.0,42370.0,38221.0,46530.0,52512.0,61232.0,1863.0,224.0,348.0,224.0,653.0,3344.0,0
3385,140000.0,1,59,2,2,0,0,0,0,0,0,73442.0,50179.0,50359.0,71066.0,49006.0,73215.0,1148.0,1211.0,1047.0,7829.0,14555.0,2536.0,0
3386,80000.0,2,30,2,2,2,0,0,-1,0,-1,29522.0,24025.0,19907.0,39366.0,24508.0,44158.0,236.0,2814.0,5433.0,24508.0,6785.0,44158.0,0
3387,70000.0,2,42,2,2,0,-1,0,-1,0,0,13174.0,18964.0,9377.0,7520.0,4323.0,11308.0,6045.0,9377.0,866.0,4323.0,2769.0,2124.0,0
3388,120000.0,2,30,2,2,0,-2,0,2,-2,-1,58446.0,0.0,66414.0,51558.0,0.0,59201.0,0.0,1689.0,7221.0,0.0,6625.0,59201.0,0
3389,140000.0,1,43,2,2,0,0,0,3,2,1,93446.0,100272.0,97650.0,87141.0,101580.0,89888.0,2154.0,5279.0,11250.0,276.0,1371.0,1088.0,0
3390,50000.0,1,33,3,1,0,0,0,-2,0,0,25881.0,20749.0,30835.0,0.0,24573.0,25686.0,2051.0,188.0,0.0,382.0,773.0,3411.0,0
3391,40000.0,2,37,2,2,2,0,0,-1,0,0,9350.0,9430.0,8162.0,9840.0,14175.0,10189.0,247.0,2799.0,80.0,14175.0,242.0,2890.0,0
3392,70000.0,2,30,3,1,0,0,0,0,0,0,40247.0,44953.0,47134.0,49706.0,47700.0,50348.0,899.0,7331.0,10416.0,6183.0,3365.0,4071.0,0
3393,180000.0,2,36,1,2,0,-2,-1,0,0,0,42835.0,0.0,28139.0,66564.0,64763.0,62148.0,0.0,1830.0,66564.0,3457.0,2597.0,9075.0,0
3394,210000.0,1,33,1,1,-1,0,0,-1,0,0,15009.0,54522.0,53733.0,22374.0,49066.0,41602.0,54522.0,12075.0,2307.0,49066.0,14728.0,13139.0,0
3395,60000.0,2,24,2,2,0,0,-2,0,-1,-1,52319.0,36949.0,0.0,48307.0,42439.0,40120.0,3952.0,0.0,4456.0,13267.0,40120.0,40120.0,0
3396,40000.0,2,49,3,2,0,-2,0,-2,0,0,7277.0,0.0,3494.0,0.0,8610.0,4632.0,0.0,2540.0,0.0,1353.0,1027.0,1935.0,0
3397,30000.0,1,32,2,2,-1,0,-1,-1,0,-1,4890.0,2999.0,6534.0,1210.0,2388.0,-600.0,2999.0,3753.0,1210.0,2388.0,0.0,0.0,0
3398,160000.0,1,29,1,2,0,2,-1,-1,-1,0,14558.0,19088.0,20718.0,45137.0,8230.0,12274.0,7801.0,1201.0,45137.0,8230.0,12274.0,1381.0,1
3399,120000.0,2,36,1,2,5,4,3,2,0,0,78521.0,71875.0,59804.0,81897.0,91366.0,53514.0,799.0,389.0,300.0,1996.0,5022.0,12939.0,1
3400,260000.0,2,33,1,2,2,1,2,1,2,0,35921.0,56584.0,91197.0,53649.0,65960.0,40663.0,3507.0,592.0,1918.0,959.0,870.0,2625.0,0
3401,30000.0,2,37,3,1,5,4,3,2,-1,0,16996.0,16826.0,18893.0,15643.0,17710.0,14846.0,143.0,253.0,103.0,564.0,14846.0,454.0,1
3402,480000.0,1,42,1,1,0,-2,-2,0,1,0,218460.0,0.0,0.0,212574.0,238297.0,108087.0,0.0,0.0,48678.0,40794.0,1190.0,24188.0,0
3403,70000.0,2,27,3,2,0,0,0,-1,0,0,15681.0,30672.0,13138.0,19991.0,30502.0,20496.0,3712.0,1304.0,1578.0,30502.0,389.0,11180.0,1
3404,70000.0,1,23,3,2,0,0,0,4,3,2,41677.0,42304.0,33944.0,43593.0,41266.0,40351.0,1060.0,1418.0,1005.0,256.0,300.0,117.0,0
3405,130000.0,2,30,2,2,-2,0,0,-2,0,0,0.0,35997.0,22698.0,0.0,6167.0,24242.0,10238.0,7047.0,0.0,680.0,4356.0,4474.0,0
3406,130000.0,2,24,3,2,0,0,0,0,0,0,77408.0,59282.0,94634.0,91998.0,50676.0,80302.0,2535.0,1567.0,11981.0,4654.0,6882.0,3644.0,0
3407,290000.0,1,31,1,2,0,0,-2,0,0,0,156033.0,190566.0,0.0,177419.0,184455.0,208113.0,49340.0,0.0,7935.0,44170.0,67099.0,31270.0,0
3408,50000.0,2,32,1,2,0,0,0,0,-1,0,20265.0,13048.0,25670.0,20079.0,16347.0,25735.0,2914.0,2200.0,2661.0,1153.0,25735.0,2401.0,0
3409,100000.0,2,27,1,2,0,-1,0,0,0,-1,49177.0,28976.0,54400.0,40838.0,26867.0,37477.0,6569.0,54400.0,6047.0,8479.0,6650.0,37477.0,0
3410,210000.0,2,25,1,1,0,0,0,-1,0,0,58906.0,111332.0,81510.0,68014.0,71176.0,46552.0,29387.0,9270.0,1721.0,71176.0,7493.0,2235.0,0
3411,150000.0,1,45,3,1,0,-1,-2,0,-1,0,17985.0,30123.0,0.0,45715.0,25995.0,55346.0,5982.0,0.0,4070.0,2830.0,55346.0,6116.0,0
3412,180000.0,2,27,1,2,-1,2,0,0,0,0,108967.0,103015.0,114138.0,107436.0,107313.0,123294.0,103015.0,7167.0,4805.0,6113.0,19246.0,1410.0,0
3413,60000.0,2,32,2,1,-1,0,-2,0,0,-1,12498.0,10018.0,0.0,6135.0,19277.0,21391.0,10018.0,0.0,339.0,6279.0,4764.0,21391.0,0
3414,220000.0,2,31,1,2,-1,0,1,0,-2,0,123041.0,83758.0,96771.0,103948.0,0.0,122156.0,83758.0,5096.0,1442.0,0.0,6677.0,9284.0,0
3415,100000.0,1,31,2,2,0,0,0,-1,0,0,50376.0,49834.0,55963.0,48504.0,46847.0,45484.0,7503.0,2597.0,12775.0,46847.0,3514.0,6100.0,0
3416,120000.0,1,31,2,2,0,0,-2,2,-1,0,65070.0,48055.0,0.0,29348.0,50409.0,49230.0,803.0,0.0,10260.0,1305.0,49230.0,5278.0,0
3417,270000.0,2,31,2,2,-2,3,2,0,0,0,0.0,124454.0,126384.0,133921.0,92589.0,141307.0,12341.0,4269.0,4779.0,5687.0,22695.0,31085.0,1
3418,160000.0,1,36,1,1,0,0,-1,0,-1,0,71495.0,80550.0,102281.0,113140.0,87721.0,77290.0,40573.0,28903.0,113140.0,15433.0,77290.0,17578.0,0
3419,240000.0,1,37,1,1,0,0,-2,0,0,-1,60376.0,78043.0,0.0,112437.0,48392.0,90993.0,19042.0,0.0,21646.0,18662.0,35324.0,90993.0,0
3420,490000.0,1,37,1,2,-1,0,0,0,0,0,218579.0,145602.0,151496.0,135700.0,133592.0,146550.0,145602.0,56865.0,49537.0,18337.0,42014.0,66816.0,0
3421,380000.0,2,43,1,1,-1,0,-1,0,0,-1,146841.0,135268.0,193484.0,184883.0,197100.0,97400.0,135268.0,18178.0,184883.0,13337.0,9301.0,97400.0,1
3422,40000.0,2,43,3,2,1,0,-1,1,2,1,17845.0,23874.0,18855.0,19849.0,22979.0,20102.0,854.0,617.0,19849.0,1146.0,216.0,556.0,1
3423,50000.0,2,40,3,2,1,2,3,2,1,2,35946.0,38736.0,29732.0,35676.0,28750.0,32533.0,153.0,240.0,162.0,875.0,1632.0,259.0,0
3424,40000.0,2,25,1,2,0,0,2,3,2,-1,9557.0,17536.0,13622.0,18860.0,15199.0,14220.0,1233.0,476.0,1531.0,182.0,437.0,14220.0,0
3425,190000.0,1,37,3,1,-2,-2,0,0,-2,0,0.0,0.0,148331.0,166850.0,0.0,166060.0,0.0,12598.0,7275.0,0.0,27478.0,36104.0,0
3426,100000.0,2,32,2,2,0,0,0,-2,0,0,54670.0,42429.0,62300.0,0.0,54181.0,54822.0,1490.0,6345.0,0.0,3463.0,1645.0,3104.0,0
3427,100000.0,2,25,1,2,-1,-1,0,0,0,0,33188.0,43845.0,29701.0,35013.0,36796.0,36647.0,43845.0,29701.0,2061.0,2680.0,3744.0,8166.0,0
3428,150000.0,2,31,1,2,-2,0,0,0,0,0,0.0,83668.0,106620.0,110496.0,113062.0,88649.0,6539.0,8503.0,7254.0,7609.0,3375.0,12835.0,0
3429,40000.0,2,37,3,1,0,0,0,-1,-2,0,8805.0,11539.0,8294.0,4343.0,0.0,3108.0,1507.0,2564.0,1014.0,0.0,900.0,275.0,0
3430,380000.0,1,69,1,1,-1,-1,-2,-1,-1,-1,49421.0,11704.0,0.0,34968.0,12635.0,-3273.0,11704.0,0.0,18847.0,12635.0,0.0,0.0,0
3431,40000.0,1,26,3,2,-1,-1,-1,-1,-1,0,-255.0,6269.0,4389.0,9127.0,1583.0,2843.0,6269.0,4389.0,9127.0,1583.0,2843.0,1892.0,0
3432,210000.0,2,29,2,1,0,-1,-2,0,-1,0,67224.0,72047.0,0.0,67048.0,42316.0,58930.0,38237.0,0.0,18336.0,13037.0,58930.0,4504.0,1
3433,160000.0,2,44,5,2,3,2,0,-1,0,0,128356.0,115293.0,130937.0,110628.0,114872.0,113179.0,853.0,1456.0,13685.0,114872.0,3362.0,10387.0,0
3434,110000.0,2,32,2,2,2,-2,0,0,0,0,40159.0,0.0,51710.0,33788.0,36936.0,35387.0,0.0,8373.0,10315.0,11634.0,8476.0,7167.0,0
3435,230000.0,2,28,1,1,-2,-1,-2,-1,-1,-1,0.0,-4600.0,0.0,3740.0,1883.0,1718.0,0.0,0.0,2517.0,1883.0,1718.0,1718.0,0
3436,100000.0,2,36,2,1,4,3,4,3,2,1,42560.0,51742.0,55996.0,65484.0,63459.0,52736.0,164.0,194.0,573.0,735.0,817.0,1007.0,1
3437,110000.0,2,31,2,1,0,1,2,1,2,0,67311.0,81788.0,85933.0,70870.0,64534.0,65137.0,7840.0,415.0,1682.0,624.0,569.0,10147.0,0
3438,400000.0,2,36,1,1,0,-1,-1,0,0,-1,101906.0,49756.0,15072.0,74940.0,59659.0,89667.0,15287.0,15072.0,74940.0,9242.0,42306.0,89667.0,0
3439,270000.0,2,28,3,2,3,2,0,-1,0,0,143445.0,120128.0,140533.0,142520.0,117790.0,122074.0,9839.0,2625.0,26500.0,117790.0,10160.0,6699.0,1
3440,110000.0,2,23,3,2,0,3,4,3,2,1,58155.0,59456.0,65741.0,71775.0,55115.0,54950.0,1665.0,438.0,518.0,940.0,240.0,1155.0,0
3441,250000.0,1,39,3,2,0,0,-1,0,0,0,89771.0,62985.0,85526.0,34549.0,61585.0,59316.0,11394.0,40163.0,34549.0,22558.0,5612.0,5591.0,1
3442,40000.0,1,35,2,1,1,0,0,0,-2,0,5625.0,4868.0,6643.0,6008.0,0.0,8048.0,31.0,1920.0,2551.0,0.0,985.0,2079.0,1
3443,140000.0,2,39,2,1,-2,5,4,3,2,-2,0.0,40946.0,53254.0,52173.0,56684.0,0.0,4682.0,3087.0,563.0,1897.0,0.0,0.0,0
3444,180000.0,2,38,1,1,0,-1,0,0,0,-2,95672.0,70822.0,82089.0,91779.0,80124.0,0.0,3341.0,82089.0,4450.0,5915.0,0.0,0.0,0
3445,70000.0,2,35,3,1,0,0,0,0,0,0,9459.0,16362.0,22513.0,25585.0,15342.0,19043.0,2423.0,4350.0,2740.0,3359.0,497.0,757.0,0
3446,200000.0,1,43,2,1,0,0,0,0,-1,-1,121964.0,118584.0,115647.0,135825.0,132630.0,129660.0,17157.0,7624.0,39361.0,3158.0,129660.0,129660.0,0
3447,460000.0,1,33,2,1,2,1,0,2,0,0,60860.0,9824.0,135904.0,83987.0,106037.0,142342.0,366.0,7667.0,5688.0,5308.0,24343.0,9516.0,1
3448,160000.0,2,28,2,2,-2,0,0,1,-2,0,0.0,23206.0,15120.0,50341.0,0.0,51208.0,6298.0,408.0,7176.0,0.0,3241.0,4434.0,0
3449,190000.0,2,33,3,1,0,0,0,0,-1,0,89271.0,67254.0,92068.0,95450.0,99949.0,116820.0,10971.0,14421.0,4586.0,6098.0,116820.0,19140.0,0
3450,500000.0,1,43,1,1,-1,0,-1,-1,-1,-1,10650.0,82712.0,837.0,2274.0,47019.0,80165.0,82712.0,270.0,2274.0,47019.0,80165.0,80165.0,0
3451,450000.0,2,37,1,1,0,0,-1,0,0,-1,11119.0,57143.0,60198.0,6332.0,87121.0,-9000.0,24090.0,32088.0,6332.0,23551.0,0.0,0.0,0
3452,140000.0,1,39,6,2,-1,0,-1,0,0,-1,38319.0,39461.0,54542.0,54557.0,59403.0,42534.0,39461.0,23566.0,54557.0,9625.0,9571.0,42534.0,0
3453,130000.0,1,48,1,1,0,0,0,-1,0,-1,9170.0,26314.0,17268.0,22551.0,15654.0,15344.0,4307.0,763.0,4456.0,15654.0,2080.0,15344.0,0
3454,370000.0,2,31,1,1,-1,-1,-1,-1,-1,-1,-7400.0,-7400.0,28558.0,28691.0,-7400.0,-5827.0,0.0,28558.0,28691.0,0.0,0.0,0.0,0
3455,220000.0,1,33,2,1,1,-2,0,0,0,0,101188.0,0.0,82692.0,103327.0,155331.0,120587.0,0.0,3160.0,1804.0,6384.0,17570.0,2013.0,1
3456,120000.0,2,31,1,1,2,0,0,0,2,-1,36916.0,29338.0,43393.0,21693.0,29425.0,54913.0,2247.0,13811.0,7076.0,4116.0,2068.0,54913.0,0
3457,560000.0,2,37,1,1,0,0,0,-1,-1,0,241885.0,277810.0,289528.0,229319.0,129853.0,184603.0,8832.0,45055.0,48843.0,129853.0,184603.0,14728.0,0
3458,70000.0,1,64,3,1,0,0,0,-1,0,0,9544.0,12837.0,5015.0,12152.0,15239.0,10903.0,4326.0,178.0,3181.0,15239.0,955.0,1746.0,0
3459,50000.0,2,37,2,1,0,0,0,0,1,0,23758.0,20603.0,24154.0,22113.0,16172.0,23329.0,1566.0,1719.0,966.0,2072.0,530.0,948.0,0
3460,110000.0,1,31,2,2,2,1,0,-2,0,0,34053.0,39560.0,54589.0,0.0,49895.0,49862.0,2668.0,1726.0,0.0,21369.0,2193.0,10515.0,0
3461,70000.0,1,37,1,1,0,0,0,0,0,0,33721.0,28838.0,28062.0,28076.0,25148.0,31698.0,1511.0,3205.0,4653.0,6193.0,3062.0,4421.0,0
3462,120000.0,1,39,2,2,0,0,0,-1,-1,-1,56109.0,53337.0,53404.0,73810.0,64593.0,75346.0,4861.0,6762.0,13343.0,64593.0,75346.0,75346.0,0
3463,150000.0,2,27,1,2,0,-1,0,-1,0,0,69850.0,50370.0,66908.0,41950.0,48844.0,52238.0,5208.0,66908.0,5520.0,48844.0,12349.0,4048.0,0
3464,80000.0,2,35,2,2,0,-2,0,0,0,0,35411.0,0.0,39839.0,35444.0,37103.0,27921.0,0.0,7659.0,1702.0,3712.0,2863.0,4701.0,0
3465,120000.0,2,31,2,2,7,6,5,4,3,2,100348.0,87781.0,115506.0,109366.0,107125.0,97494.0,175.0,1264.0,74.0,1238.0,853.0,73.0,1
3466,60000.0,1,41,2,1,0,5,4,3,2,-2,47862.0,50315.0,51415.0,46189.0,45657.0,0.0,1482.0,330.0,940.0,688.0,0.0,0.0,0
3467,40000.0,1,33,1,1,0,-2,0,0,0,-2,13849.0,0.0,9114.0,10358.0,9554.0,0.0,0.0,992.0,1686.0,1972.0,0.0,0.0,0
3468,240000.0,2,44,2,2,0,0,0,-1,0,0,45334.0,37326.0,64796.0,32463.0,25257.0,36751.0,3022.0,9839.0,6256.0,25257.0,8208.0,15320.0,0
3469,240000.0,2,38,2,2,0,0,0,-1,-1,0,45948.0,15320.0,22896.0,19211.0,65687.0,31912.0,6967.0,4039.0,5298.0,65687.0,31912.0,12104.0,1
3470,160000.0,2,33,3,2,2,1,0,0,0,0,115093.0,156580.0,121846.0,151743.0,151405.0,135564.0,5221.0,799.0,9930.0,3848.0,12879.0,14382.0,0
3471,120000.0,1,25,1,2,1,-1,-2,0,0,1,60423.0,62300.0,0.0,62270.0,69381.0,55066.0,1808.0,0.0,4438.0,1267.0,4831.0,3264.0,1
3472,300000.0,2,53,1,2,-1,-2,-1,0,-1,0,33986.0,0.0,79594.0,39042.0,93068.0,100759.0,0.0,21682.0,39042.0,15051.0,100759.0,34793.0,0
3473,90000.0,2,31,2,2,-1,-1,-1,0,-1,-1,15108.0,15102.0,9377.0,3657.0,-1800.0,27856.0,15102.0,9377.0,3657.0,0.0,27856.0,27856.0,0
3474,210000.0,2,37,3,1,-1,0,-1,-1,-1,-1,94371.0,96236.0,93913.0,83539.0,82032.0,116431.0,96236.0,18272.0,83539.0,82032.0,116431.0,116431.0,0
3475,60000.0,1,37,2,1,0,0,0,0,0,-1,13443.0,22828.0,19073.0,15665.0,17084.0,13761.0,10350.0,2054.0,1092.0,842.0,590.0,13761.0,0
3476,100000.0,2,25,3,2,0,0,0,-1,0,-1,42726.0,52071.0,45824.0,48705.0,50642.0,37808.0,26036.0,8064.0,5177.0,50642.0,8581.0,37808.0,0
3477,90000.0,1,39,2,2,-2,-1,0,0,0,-1,0.0,10284.0,13214.0,16085.0,11032.0,17371.0,164.0,13214.0,3124.0,3727.0,606.0,17371.0,0
3478,370000.0,1,55,1,1,0,-2,0,0,-1,0,91607.0,0.0,59390.0,99980.0,18349.0,112662.0,0.0,25666.0,16184.0,8565.0,112662.0,29027.0,0
3479,180000.0,2,32,1,2,0,0,-1,0,-2,0,-3600.0,40541.0,-3600.0,38101.0,0.0,10546.0,12338.0,0.0,38101.0,0.0,1458.0,6019.0,0
3480,60000.0,2,46,1,1,1,0,0,1,0,2,42138.0,33369.0,25849.0,37007.0,33239.0,32452.0,528.0,1960.0,2591.0,502.0,660.0,606.0,1
3481,100000.0,1,33,2,2,1,0,0,1,0,-1,26660.0,42060.0,40253.0,46437.0,43947.0,46683.0,481.0,6644.0,9709.0,1511.0,4093.0,46683.0,0
3482,60000.0,1,34,2,1,0,0,1,0,-1,-2,43374.0,35572.0,36376.0,39490.0,37911.0,0.0,4400.0,2385.0,273.0,1077.0,0.0,0.0,0
3483,240000.0,1,34,1,1,0,-1,-1,0,0,-1,51524.0,13727.0,40090.0,28558.0,45085.0,17101.0,7121.0,40090.0,28558.0,22804.0,1400.0,17101.0,0
3484,160000.0,2,34,3,2,0,0,0,-2,1,0,64558.0,48025.0,46693.0,0.0,85943.0,57034.0,9376.0,5190.0,0.0,5593.0,1054.0,3565.0,0
3485,70000.0,2,26,1,2,3,2,1,2,0,-2,42604.0,46225.0,53478.0,46125.0,35355.0,0.0,273.0,1200.0,538.0,854.0,0.0,0.0,1
3486,150000.0,1,25,2,2,2,0,0,-2,0,0,97644.0,93511.0,99518.0,0.0,79633.0,79541.0,2263.0,4863.0,0.0,6562.0,12701.0,16608.0,1
3487,80000.0,2,30,1,2,-1,0,0,0,2,-1,1313.0,14828.0,4303.0,6606.0,12623.0,2830.0,14828.0,1245.0,2636.0,1829.0,147.0,2830.0,0
3488,90000.0,2,39,0,1,1,0,0,0,-2,0,3042.0,20703.0,6242.0,4295.0,0.0,17888.0,728.0,1567.0,32.0,0.0,2896.0,5550.0,0
3489,200000.0,1,37,1,1,0,0,-2,0,0,-1,52464.0,33767.0,0.0,49510.0,43110.0,59717.0,10075.0,0.0,8936.0,22014.0,7640.0,59717.0,0
3490,230000.0,2,43,3,2,1,0,0,0,-1,0,96786.0,97467.0,96350.0,66129.0,113989.0,125813.0,7312.0,20542.0,20694.0,21637.0,125813.0,7047.0,0
3491,180000.0,1,40,2,2,0,0,1,0,-1,0,46898.0,71153.0,52074.0,74906.0,78010.0,64702.0,6057.0,20788.0,1100.0,16729.0,64702.0,2908.0,1
3492,310000.0,1,44,1,2,0,0,-1,-1,0,-1,72690.0,115829.0,104076.0,130543.0,50798.0,72052.0,9599.0,46696.0,130543.0,50798.0,31897.0,72052.0,0
3493,130000.0,2,37,1,1,0,0,-1,-1,-1,-2,18405.0,-1327.0,27110.0,20771.0,440.0,0.0,0.0,14903.0,20771.0,440.0,0.0,0.0,0
3494,160000.0,1,35,1,2,0,-1,-1,-1,0,0,54078.0,61595.0,53880.0,42258.0,35090.0,50803.0,16841.0,53880.0,42258.0,35090.0,10362.0,21528.0,0
3495,210000.0,1,42,2,1,-1,0,0,-2,0,1,68197.0,71902.0,106295.0,0.0,30664.0,60617.0,71902.0,17695.0,0.0,12327.0,12895.0,6515.0,0
3496,110000.0,2,40,3,1,-2,0,0,0,0,0,0.0,22607.0,29931.0,41662.0,30504.0,32934.0,3630.0,6926.0,7145.0,16820.0,5624.0,4291.0,0
3497,100000.0,2,33,3,2,0,0,2,1,-1,0,65351.0,54443.0,59770.0,60942.0,58520.0,71481.0,23262.0,2722.0,3889.0,3692.0,71481.0,7034.0,0
3498,260000.0,1,45,1,1,0,0,0,0,-1,0,164842.0,136712.0,180325.0,175028.0,174146.0,175373.0,3338.0,15229.0,5072.0,2783.0,175373.0,8550.0,0
3499,430000.0,2,43,2,1,-1,-2,-1,-1,-1,-1,122676.0,0.0,68787.0,69126.0,73165.0,62671.0,0.0,18957.0,69126.0,73165.0,62671.0,62671.0,0
3500,420000.0,1,28,1,2,0,0,1,0,0,0,298037.0,358913.0,333312.0,268985.0,334552.0,238405.0,15392.0,51136.0,6064.0,14778.0,9630.0,88200.0,0
3501,510000.0,2,41,1,2,0,-1,1,-1,-1,0,49906.0,79466.0,71708.0,-10200.0,51981.0,-6547.0,19392.0,71708.0,0.0,51981.0,0.0,0.0,0
3502,160000.0,2,33,2,1,-2,0,0,-2,0,-1,0.0,44186.0,42386.0,0.0,27077.0,44725.0,18203.0,13051.0,0.0,7928.0,4321.0,44725.0,0
3503,70000.0,2,31,2,2,2,1,0,-1,0,-1,37171.0,27289.0,22037.0,24678.0,34222.0,41584.0,710.0,1598.0,3168.0,34222.0,6499.0,41584.0,1
3504,40000.0,2,42,3,2,2,3,2,0,1,0,30237.0,27468.0,27291.0,29017.0,28496.0,33212.0,259.0,759.0,130.0,805.0,217.0,453.0,1
3505,100000.0,2,36,3,1,1,2,1,2,0,0,82223.0,77943.0,80825.0,79988.0,102820.0,75289.0,1067.0,5006.0,2486.0,1949.0,30709.0,14320.0,0
3506,90000.0,2,37,1,1,0,0,-1,1,0,-1,26936.0,27981.0,27626.0,35518.0,24739.0,32189.0,3347.0,3480.0,35518.0,1448.0,2483.0,32189.0,1
3507,40000.0,2,41,2,2,2,1,0,0,0,1,27583.0,23270.0,27113.0,24106.0,20849.0,29071.0,219.0,90.0,620.0,876.0,198.0,84.0,1
3508,90000.0,1,28,2,2,1,0,0,0,-1,-1,14031.0,29001.0,20546.0,22011.0,13660.0,19529.0,1199.0,1916.0,1466.0,1272.0,19529.0,19529.0,0
3509,540000.0,2,29,2,2,0,0,0,0,0,-1,288056.0,371304.0,317490.0,317570.0,237403.0,278731.0,38029.0,120066.0,55440.0,112811.0,195427.0,278731.0,0
3510,120000.0,1,32,2,1,-1,-1,-2,1,-1,0,35470.0,29857.0,0.0,28351.0,36314.0,26424.0,29857.0,0.0,4253.0,1937.0,26424.0,4288.0,0
3511,140000.0,2,34,2,2,0,-2,1,0,0,-1,46755.0,0.0,1219.0,25844.0,12116.0,26243.0,0.0,130.0,2850.0,3344.0,12015.0,26243.0,0
3512,110000.0,1,30,2,2,-2,0,0,-1,2,-1,0.0,12382.0,13835.0,20060.0,38426.0,29712.0,744.0,6036.0,14321.0,38426.0,916.0,29712.0,1
3513,130000.0,1,27,2,2,1,0,0,0,1,0,67036.0,69467.0,71055.0,62981.0,94604.0,89477.0,39.0,1703.0,4015.0,5011.0,4427.0,1729.0,1
3514,50000.0,1,35,2,2,0,-1,-1,-1,-1,-1,7992.0,5473.0,7499.0,6574.0,14464.0,8743.0,973.0,7499.0,6574.0,14464.0,8743.0,8743.0,1
3515,120000.0,2,39,3,1,-2,0,0,0,0,0,0.0,69498.0,75589.0,70017.0,68778.0,70977.0,4184.0,806.0,7135.0,646.0,4351.0,5881.0,1
3516,310000.0,1,34,1,2,-1,-1,0,0,-1,-1,57740.0,20293.0,77379.0,56659.0,54657.0,2147.0,20293.0,77379.0,43243.0,12106.0,2147.0,2147.0,0
3517,170000.0,2,45,2,2,0,-1,0,0,0,0,63349.0,52162.0,75893.0,59478.0,56725.0,66999.0,16957.0,75893.0,8440.0,6105.0,19396.0,8151.0,0
3518,170000.0,1,43,2,2,-2,-1,2,0,0,-2,0.0,68852.0,59814.0,79190.0,47757.0,0.0,5638.0,59814.0,3512.0,946.0,0.0,0.0,1
3519,110000.0,1,47,3,2,0,0,-1,-1,0,-1,6677.0,20957.0,25258.0,17782.0,13076.0,13727.0,6441.0,7818.0,17782.0,13076.0,6544.0,13727.0,0
3520,310000.0,1,38,1,1,0,-1,-1,0,-2,0,1710.0,-6200.0,-6200.0,56388.0,0.0,-6200.0,0.0,0.0,56388.0,0.0,0.0,0.0,0
3521,60000.0,2,39,2,1,0,0,0,-1,0,-2,20029.0,27663.0,28293.0,17902.0,16149.0,0.0,3108.0,12994.0,8051.0,16149.0,0.0,0.0,0
3522,30000.0,1,24,2,2,2,0,4,3,2,0,24263.0,25933.0,22959.0,22776.0,23911.0,21233.0,256.0,1369.0,39.0,47.0,538.0,575.0,1
3523,90000.0,2,33,2,2,-2,3,2,-2,0,0,0.0,58004.0,51861.0,0.0,62606.0,59629.0,1965.0,1182.0,0.0,295.0,2043.0,3177.0,0
3524,110000.0,1,50,3,2,-1,0,-2,0,0,0,14263.0,20139.0,0.0,34217.0,28775.0,27706.0,20139.0,0.0,12877.0,8082.0,8749.0,14469.0,0
3525,180000.0,2,27,2,3,0,0,0,-1,-1,0,101270.0,86183.0,86885.0,128639.0,106433.0,97205.0,17856.0,19081.0,19489.0,106433.0,97205.0,11795.0,0
3526,120000.0,2,47,1,1,0,0,0,0,0,-1,43196.0,21192.0,34692.0,44205.0,44289.0,57311.0,5667.0,6674.0,7074.0,10569.0,4826.0,57311.0,0
3527,140000.0,1,33,2,2,0,1,0,2,0,-1,107543.0,101101.0,121886.0,126902.0,95959.0,100312.0,6768.0,555.0,3902.0,1017.0,23012.0,100312.0,0
3528,240000.0,2,61,1,1,0,0,0,2,1,0,145363.0,157394.0,156941.0,149337.0,116855.0,166367.0,36981.0,17973.0,9823.0,8475.0,4071.0,71269.0,0
3529,220000.0,1,41,2,1,1,-1,-2,0,-1,0,19127.0,54646.0,0.0,47691.0,32549.0,24320.0,3703.0,0.0,27262.0,16740.0,24320.0,5090.0,0
3530,80000.0,2,27,2,2,1,2,0,2,1,2,52828.0,61658.0,58542.0,61993.0,55739.0,57933.0,574.0,100.0,1341.0,242.0,306.0,422.0,1
3531,330000.0,1,50,1,1,0,0,0,0,2,0,48462.0,18204.0,14765.0,52450.0,-5605.0,-6600.0,3371.0,321.0,2209.0,0.0,0.0,0.0,0
3532,150000.0,2,34,3,2,2,0,0,0,-2,0,21077.0,70.0,27139.0,34709.0,0.0,7769.0,3.0,12096.0,15492.0,0.0,555.0,687.0,0
3533,80000.0,2,41,3,2,3,2,1,0,3,2,58665.0,52859.0,57687.0,56504.0,52444.0,58392.0,408.0,505.0,238.0,8467.0,437.0,457.0,1
3534,100000.0,1,27,2,2,0,0,0,0,-1,2,42089.0,70830.0,61311.0,59755.0,46195.0,57813.0,1761.0,1891.0,5584.0,7101.0,57813.0,113.0,0
3535,90000.0,1,29,2,2,2,1,0,-1,0,0,53119.0,45380.0,57498.0,54960.0,41721.0,46169.0,800.0,71.0,3838.0,41721.0,825.0,1389.0,1
3536,50000.0,2,25,3,2,2,0,-1,-1,-1,0,7349.0,15619.0,11956.0,9869.0,3877.0,4455.0,1266.0,751.0,9869.0,3877.0,4455.0,1139.0,0
3537,60000.0,1,32,3,1,-1,0,0,0,-2,0,37545.0,39765.0,36956.0,35893.0,0.0,51355.0,39765.0,2042.0,1697.0,0.0,2477.0,4458.0,0
3538,90000.0,1,44,1,1,-1,0,0,-1,1,0,33250.0,17165.0,23350.0,25521.0,36124.0,22083.0,17165.0,4124.0,2495.0,36124.0,515.0,4010.0,0
3539,160000.0,1,39,3,2,0,-1,-1,-2,0,-1,46229.0,30573.0,56692.0,0.0,45825.0,43098.0,3050.0,56692.0,0.0,8302.0,21547.0,43098.0,1
3540,220000.0,1,30,1,2,0,0,0,0,0,0,58901.0,46067.0,31264.0,56905.0,38926.0,48756.0,4216.0,13115.0,8904.0,6376.0,19933.0,3425.0,1
3541,160000.0,2,34,1,2,1,0,-1,0,0,-2,77232.0,86310.0,80169.0,67258.0,83871.0,0.0,1273.0,5045.0,67258.0,5358.0,0.0,0.0,0
3542,120000.0,2,27,2,2,-1,0,-1,-1,-1,-1,13086.0,7391.0,44774.0,24081.0,25462.0,30626.0,7391.0,16328.0,24081.0,25462.0,30626.0,30626.0,0
3543,190000.0,1,40,1,2,-2,0,0,0,2,0,0.0,74632.0,121980.0,130641.0,90614.0,110816.0,2923.0,25997.0,30269.0,8669.0,994.0,1116.0,0
3544,230000.0,1,26,3,2,1,2,-2,0,0,0,86282.0,67949.0,0.0,89313.0,97215.0,108645.0,2920.0,0.0,29814.0,39528.0,34150.0,23361.0,0
3545,160000.0,2,28,3,2,-2,0,0,0,3,2,0.0,90704.0,72746.0,86119.0,70721.0,73182.0,9145.0,3275.0,2664.0,23145.0,3887.0,4910.0,0
3546,130000.0,1,27,1,2,0,-2,-1,0,0,0,33367.0,0.0,12688.0,28240.0,33554.0,16907.0,0.0,1458.0,28240.0,3437.0,837.0,3079.0,0
3547,240000.0,1,50,2,1,0,0,0,0,-1,-1,95779.0,100811.0,63450.0,61807.0,93844.0,94455.0,8870.0,37507.0,19060.0,25566.0,94455.0,94455.0,0
3548,30000.0,2,30,3,1,2,1,0,0,0,0,19025.0,13019.0,18209.0,19461.0,16785.0,16390.0,126.0,99.0,368.0,82.0,87.0,266.0,1
3549,100000.0,1,41,2,1,0,0,-1,0,0,-1,39731.0,30956.0,41013.0,34750.0,48739.0,25607.0,2735.0,8707.0,34750.0,3542.0,4491.0,25607.0,1
3550,70000.0,2,32,2,2,0,0,-1,-2,0,0,51450.0,44213.0,55250.0,0.0,53465.0,44307.0,1280.0,1397.0,0.0,3696.0,8043.0,3792.0,0
3551,160000.0,1,35,2,2,-2,-1,-1,0,-1,-1,0.0,17312.0,50993.0,24778.0,40480.0,48790.0,1927.0,50993.0,24778.0,8224.0,48790.0,48790.0,1
3552,80000.0,1,24,2,2,0,-2,0,0,0,0,47902.0,0.0,51629.0,47818.0,55024.0,55070.0,0.0,5030.0,2272.0,7356.0,11369.0,2383.0,0
3553,70000.0,2,31,2,2,-1,0,-1,0,-1,0,35312.0,35189.0,32125.0,39444.0,33839.0,24950.0,35189.0,10371.0,39444.0,1765.0,24950.0,1951.0,0
3554,70000.0,1,34,2,2,-1,0,1,-1,0,-1,6354.0,10706.0,16034.0,16003.0,9164.0,18920.0,10706.0,2381.0,810.0,9164.0,5090.0,18920.0,0
3555,40000.0,2,41,3,2,-1,0,0,0,-1,-1,3570.0,-800.0,3569.0,3327.0,4458.0,3009.0,0.0,729.0,829.0,1433.0,3009.0,3009.0,0
3556,70000.0,1,29,1,2,0,0,0,0,0,0,25515.0,36053.0,37248.0,32944.0,39152.0,36774.0,7502.0,8121.0,6154.0,11210.0,7147.0,5866.0,0
3557,90000.0,2,34,1,1,-1,0,-1,0,0,0,27970.0,23554.0,18634.0,23858.0,39669.0,21886.0,23554.0,1105.0,23858.0,899.0,4428.0,4095.0,0
3558,290000.0,2,56,1,0,0,0,0,0,-2,-1,112955.0,105460.0,122649.0,90987.0,0.0,76764.0,32217.0,12091.0,9927.0,0.0,42440.0,76764.0,0
3559,200000.0,2,32,1,1,0,0,0,0,0,0,135164.0,136066.0,111016.0,153913.0,130025.0,144975.0,13419.0,2112.0,30554.0,4229.0,12516.0,12332.0,1
3560,280000.0,1,32,1,2,1,0,0,-2,-1,0,63802.0,72123.0,85761.0,0.0,55949.0,95599.0,2004.0,49354.0,0.0,18625.0,95599.0,40772.0,0
3561,280000.0,2,32,3,2,0,-1,0,0,0,0,110044.0,56910.0,117193.0,80415.0,110253.0,89077.0,11851.0,117193.0,7220.0,20047.0,1055.0,40353.0,0
3562,340000.0,2,38,1,1,1,2,1,-1,0,1,281654.0,356630.0,302369.0,289262.0,296527.0,286427.0,7392.0,992.0,1750.0,296527.0,3289.0,1099.0,1
3563,40000.0,1,39,2,1,0,0,0,-1,-1,0,22595.0,22399.0,26241.0,19581.0,21707.0,15989.0,5230.0,2993.0,2412.0,21707.0,15989.0,3255.0,0
3564,120000.0,1,39,1,1,0,0,0,2,-1,-1,60477.0,43162.0,51883.0,52808.0,47723.0,60449.0,1875.0,3397.0,11680.0,1737.0,60449.0,60449.0,0
3565,350000.0,2,35,5,1,0,-2,0,-2,-1,-2,113835.0,0.0,90473.0,0.0,106903.0,0.0,0.0,10783.0,0.0,3357.0,0.0,0.0,0
3566,190000.0,1,32,1,2,0,0,1,0,0,0,16643.0,29214.0,22600.0,33199.0,37119.0,46324.0,2557.0,6050.0,335.0,15154.0,15646.0,3765.0,0
3567,150000.0,1,31,2,2,0,-2,0,0,0,0,53918.0,0.0,51933.0,50642.0,49636.0,59833.0,0.0,1679.0,2216.0,26600.0,8490.0,2184.0,0
3568,140000.0,1,31,2,1,0,3,4,3,2,1,89662.0,68552.0,77529.0,79356.0,90253.0,74633.0,7253.0,1142.0,1622.0,1282.0,3202.0,1586.0,0
3569,70000.0,2,33,1,1,7,6,5,4,3,2,73147.0,67511.0,58464.0,62331.0,69918.0,64871.0,222.0,217.0,125.0,87.0,230.0,172.0,1
3570,260000.0,2,43,1,1,-1,0,-1,0,-1,1,52772.0,21960.0,17242.0,18343.0,43755.0,44252.0,21960.0,9651.0,18343.0,10377.0,44252.0,1212.0,0
3571,110000.0,2,34,2,2,0,0,0,0,-1,-2,64754.0,52801.0,42598.0,51585.0,55174.0,0.0,1371.0,1455.0,3820.0,2134.0,0.0,0.0,0
3572,80000.0,2,25,1,2,0,0,0,0,-1,0,44004.0,43722.0,38271.0,46683.0,43642.0,46056.0,16247.0,2968.0,6784.0,4586.0,46056.0,7463.0,1
3573,220000.0,2,31,1,2,2,0,-1,1,0,0,199571.0,185261.0,185180.0,199265.0,174526.0,198814.0,1284.0,4674.0,199265.0,1254.0,7853.0,11103.0,0
3574,330000.0,2,45,3,2,4,3,2,0,1,0,201083.0,156554.0,213107.0,237350.0,245176.0,160962.0,2594.0,5006.0,12487.0,8448.0,1393.0,5141.0,1
3575,150000.0,2,33,1,2,0,4,3,2,1,0,116264.0,134557.0,111482.0,112982.0,119053.0,111442.0,6144.0,926.0,108.0,3192.0,1184.0,793.0,1
3576,90000.0,2,55,1,1,1,0,0,0,0,0,68245.0,48308.0,60431.0,55865.0,49616.0,54760.0,1121.0,13016.0,9300.0,4023.0,4171.0,10482.0,1
3577,130000.0,2,45,2,1,0,-2,0,0,0,0,82269.0,0.0,98723.0,99983.0,73597.0,85356.0,0.0,3582.0,4737.0,8477.0,4688.0,12856.0,1
3578,60000.0,2,32,2,2,0,-1,-1,0,0,-2,40793.0,39425.0,39857.0,42986.0,46164.0,0.0,9922.0,39857.0,42986.0,10365.0,0.0,0.0,0
3579,20000.0,2,32,2,1,0,1,0,0,-1,0,4659.0,8447.0,10877.0,7338.0,8898.0,9881.0,439.0,174.0,2507.0,2236.0,9881.0,522.0,0
3580,80000.0,1,32,2,1,0,0,0,-2,0,-1,22263.0,27674.0,28609.0,0.0,33242.0,23796.0,5258.0,8128.0,0.0,6855.0,3187.0,23796.0,0
3581,240000.0,1,40,1,1,-2,-2,2,1,-1,0,0.0,0.0,132717.0,115348.0,108048.0,126721.0,0.0,11838.0,2046.0,6006.0,126721.0,29025.0,1
3582,60000.0,1,23,2,2,-2,0,0,0,0,2,0.0,45667.0,48149.0,48032.0,50198.0,43529.0,1151.0,2163.0,2852.0,2603.0,2393.0,872.0,0
3583,120000.0,2,38,2,2,1,-1,0,0,0,-1,47757.0,46186.0,40310.0,56937.0,34841.0,31422.0,1022.0,40310.0,4332.0,1074.0,3693.0,31422.0,0
3584,90000.0,2,40,3,2,-2,0,0,-2,0,-1,0.0,9370.0,7629.0,0.0,-845.0,8338.0,4262.0,3454.0,0.0,0.0,2909.0,8338.0,0
3585,130000.0,2,40,1,1,0,0,0,0,0,0,92426.0,88908.0,92456.0,87752.0,76861.0,77352.0,2850.0,5880.0,13128.0,6796.0,10641.0,8094.0,0
3586,130000.0,1,35,1,1,3,2,1,0,0,1,128294.0,117888.0,123290.0,120428.0,103216.0,131713.0,242.0,642.0,401.0,6146.0,1992.0,2324.0,1
3587,130000.0,1,31,1,1,-1,0,2,-2,0,0,48661.0,58486.0,41545.0,0.0,55227.0,43377.0,58486.0,8583.0,0.0,8941.0,2301.0,5063.0,0
3588,130000.0,2,27,1,3,0,-1,0,0,-1,0,25759.0,44436.0,71302.0,47483.0,67306.0,75978.0,8998.0,71302.0,20722.0,9376.0,75978.0,7310.0,0
3589,150000.0,1,29,1,1,-2,0,0,0,0,-2,0.0,66582.0,62388.0,45977.0,37253.0,0.0,5431.0,802.0,976.0,2250.0,0.0,0.0,0
3590,170000.0,1,33,2,1,0,0,0,0,-1,-1,81248.0,69662.0,52073.0,61930.0,36906.0,65344.0,47682.0,14098.0,43198.0,3029.0,65344.0,65344.0,0
3591,90000.0,1,39,2,2,-1,0,0,0,0,0,28463.0,29240.0,23710.0,23084.0,17365.0,28343.0,29240.0,2350.0,1401.0,1886.0,1521.0,5394.0,0
3592,50000.0,2,39,3,1,0,0,-1,-1,0,1,25061.0,21160.0,31909.0,32440.0,14344.0,24969.0,1707.0,3683.0,32440.0,14344.0,3784.0,663.0,1
3593,250000.0,2,39,1,1,0,0,0,-1,-1,2,94494.0,49798.0,89289.0,97666.0,57628.0,68728.0,8268.0,63868.0,28784.0,57628.0,68728.0,1660.0,0
3594,50000.0,1,27,3,1,1,0,0,-1,1,-2,7536.0,14773.0,17051.0,13218.0,20491.0,0.0,1341.0,8257.0,1701.0,20491.0,0.0,0.0,0
3595,830000.0,1,45,1,1,-1,-2,-1,0,-2,-1,281867.0,0.0,311330.0,229885.0,0.0,380993.0,0.0,5453.0,229885.0,0.0,60777.0,380993.0,0
3596,110000.0,1,40,2,2,0,-1,-2,-2,0,0,50066.0,52192.0,0.0,0.0,41487.0,57592.0,9870.0,0.0,0.0,20210.0,21265.0,9364.0,0
3597,360000.0,2,37,3,1,0,0,0,0,-2,0,164547.0,88641.0,118566.0,139433.0,0.0,130956.0,3421.0,9852.0,16869.0,0.0,11018.0,4541.0,1
3598,160000.0,2,45,2,1,0,0,0,0,-2,0,69218.0,81990.0,66686.0,88572.0,0.0,78213.0,1955.0,5951.0,6234.0,0.0,3466.0,7084.0,1
3599,140000.0,2,53,3,2,0,-1,-2,0,0,-2,51515.0,75699.0,0.0,73542.0,59161.0,0.0,37478.0,0.0,18955.0,37162.0,0.0,0.0,0
3600,210000.0,2,29,2,2,0,0,0,0,-2,0,106046.0,77195.0,105393.0,127722.0,0.0,102654.0,5136.0,2539.0,3273.0,0.0,11537.0,4574.0,0
3601,250000.0,1,43,1,1,-1,-2,0,0,0,0,97367.0,0.0,48878.0,89103.0,85286.0,54424.0,0.0,12203.0,29667.0,40238.0,19439.0,9481.0,0
3602,110000.0,1,34,2,1,0,0,-2,1,2,0,32467.0,38444.0,0.0,41584.0,42671.0,54374.0,1469.0,0.0,7433.0,566.0,7054.0,3077.0,0
3603,90000.0,2,28,2,2,0,-1,-1,0,0,0,26813.0,22513.0,22239.0,15955.0,15011.0,6730.0,5994.0,22239.0,15955.0,5837.0,2669.0,878.0,0
3604,100000.0,2,39,1,1,-2,0,-1,-1,-1,0,0.0,-2000.0,3723.0,13696.0,14289.0,2654.0,0.0,408.0,13696.0,14289.0,2654.0,1106.0,0
3605,100000.0,2,44,1,1,0,-1,0,0,0,0,58698.0,41343.0,39504.0,42496.0,45636.0,38998.0,5326.0,39504.0,3583.0,10179.0,10347.0,6766.0,0
3606,180000.0,1,43,3,2,0,0,-1,-1,0,-2,69066.0,79736.0,74716.0,82198.0,87423.0,0.0,1994.0,30490.0,82198.0,87423.0,0.0,0.0,0
3607,20000.0,1,36,2,1,0,0,0,0,0,0,8173.0,8002.0,7866.0,11498.0,8246.0,6154.0,846.0,120.0,619.0,785.0,147.0,275.0,1
3608,330000.0,2,46,3,1,1,0,0,0,0,0,150574.0,155629.0,144406.0,178790.0,151935.0,131487.0,5600.0,11794.0,34611.0,15804.0,15566.0,22684.0,0
3609,310000.0,2,30,1,1,0,-1,0,0,0,0,53301.0,90789.0,115843.0,71647.0,84350.0,103285.0,43564.0,115843.0,10639.0,23944.0,13073.0,27784.0,0
3610,60000.0,2,24,3,2,0,0,0,-1,0,-1,30846.0,34367.0,30552.0,31792.0,31038.0,38819.0,1363.0,5700.0,8629.0,31038.0,2838.0,38819.0,0
3611,560000.0,2,35,1,2,-1,-1,0,-1,-1,-1,78116.0,74763.0,-11200.0,1522.0,43186.0,23603.0,74763.0,0.0,1389.0,43186.0,23603.0,23603.0,0
3612,600000.0,1,32,1,2,0,0,0,0,1,0,165308.0,206836.0,273874.0,194047.0,70933.0,294509.0,39686.0,9635.0,46440.0,7361.0,3663.0,5453.0,0
3613,300000.0,2,46,2,1,0,0,0,0,0,-1,106076.0,128687.0,181899.0,130965.0,81033.0,165794.0,7595.0,12595.0,20977.0,31540.0,61337.0,165794.0,0
3614,20000.0,1,32,2,2,2,3,2,3,2,1,3947.0,7558.0,7648.0,6788.0,6698.0,5744.0,130.0,41.0,116.0,367.0,160.0,360.0,1
3615,50000.0,2,46,1,2,-1,-1,-1,-1,0,0,23931.0,20310.0,12435.0,20349.0,13914.0,19233.0,20310.0,12435.0,20349.0,13914.0,2772.0,2080.0,0
3616,160000.0,2,48,3,1,0,-1,0,0,-1,-1,16349.0,6881.0,-3043.0,21292.0,-3200.0,8868.0,1228.0,0.0,17678.0,0.0,8868.0,8868.0,0
3617,40000.0,2,36,3,1,-2,0,0,-2,0,-2,0.0,24935.0,25015.0,0.0,28753.0,0.0,1925.0,1166.0,0.0,3362.0,0.0,0.0,0
3618,220000.0,2,32,1,2,0,0,0,0,-1,-1,100963.0,91183.0,132223.0,95908.0,112003.0,78307.0,19259.0,71279.0,10364.0,17056.0,78307.0,78307.0,0
3619,90000.0,1,34,2,1,-1,0,0,-1,-2,0,70870.0,54169.0,54100.0,43243.0,0.0,45435.0,54169.0,17185.0,7564.0,0.0,6050.0,6040.0,0
3620,110000.0,1,29,3,1,0,0,0,0,-1,0,38774.0,30898.0,34321.0,43836.0,29471.0,31837.0,6359.0,4047.0,429.0,2129.0,31837.0,1043.0,0
3621,90000.0,2,30,2,1,0,0,-1,0,-1,0,32292.0,33558.0,28293.0,23900.0,39215.0,26255.0,8126.0,1864.0,23900.0,5547.0,26255.0,1958.0,0
3622,120000.0,2,32,2,1,0,0,-1,-1,0,0,46926.0,55367.0,67069.0,41123.0,51609.0,45980.0,13234.0,22246.0,41123.0,51609.0,3434.0,6493.0,0
3623,50000.0,1,33,1,2,0,0,0,0,0,1,31060.0,25464.0,32844.0,22986.0,32577.0,35679.0,1118.0,777.0,863.0,812.0,1294.0,574.0,0
3624,110000.0,1,30,2,1,0,0,-1,-1,0,0,56453.0,62568.0,55340.0,64078.0,68715.0,65517.0,4375.0,10901.0,64078.0,68715.0,20813.0,23062.0,0
3625,90000.0,2,37,1,1,-2,0,-1,0,-1,0,0.0,9612.0,28400.0,19101.0,10496.0,5574.0,1897.0,12107.0,19101.0,360.0,5574.0,2587.0,0
3626,210000.0,2,48,3,2,-1,-1,-1,-1,-1,-1,-4200.0,-4200.0,11359.0,-4200.0,-4200.0,9434.0,0.0,11359.0,0.0,0.0,9434.0,9434.0,0
3627,110000.0,2,40,1,1,0,0,-1,0,-1,-1,20045.0,12106.0,6777.0,12062.0,21709.0,8708.0,250.0,831.0,12062.0,1729.0,8708.0,8708.0,0
3628,220000.0,1,33,1,2,0,0,-1,0,0,-2,124597.0,105450.0,140659.0,110145.0,107487.0,0.0,33229.0,16424.0,110145.0,62423.0,0.0,0.0,0
3629,140000.0,2,39,3,2,0,0,0,0,-1,0,24821.0,38236.0,19396.0,45356.0,52715.0,16432.0,2753.0,6358.0,12604.0,24336.0,16432.0,3365.0,0
3630,150000.0,2,32,1,2,0,0,0,-1,0,-1,102200.0,101675.0,100967.0,128127.0,87745.0,107477.0,16717.0,22088.0,22634.0,87745.0,7041.0,107477.0,0
3631,70000.0,2,35,2,2,-1,-1,-1,-1,-1,0,-1400.0,-1259.0,2875.0,6554.0,5331.0,7578.0,0.0,2875.0,6554.0,5331.0,7578.0,1661.0,0
3632,150000.0,2,46,2,1,-1,0,-1,0,0,0,27977.0,57640.0,31547.0,15750.0,27908.0,40560.0,57640.0,8185.0,15750.0,10360.0,963.0,4150.0,0
3633,140000.0,2,27,1,2,0,0,0,-1,0,-1,84897.0,83412.0,102078.0,47588.0,68525.0,70998.0,3304.0,3564.0,1783.0,68525.0,30970.0,70998.0,0
3634,150000.0,2,35,3,1,3,2,1,0,-1,0,107449.0,110444.0,120363.0,104186.0,84352.0,86394.0,2139.0,11093.0,1441.0,8291.0,86394.0,338.0,1
3635,90000.0,2,39,1,2,0,0,0,0,0,0,35198.0,21131.0,23327.0,15371.0,26608.0,17055.0,797.0,6402.0,5753.0,3813.0,2027.0,2395.0,0
3636,70000.0,1,28,1,2,1,0,0,0,0,0,39139.0,42603.0,38301.0,38449.0,47604.0,48583.0,2072.0,4251.0,2161.0,3274.0,12244.0,3028.0,0
3637,270000.0,2,36,1,1,0,0,-1,0,0,0,125825.0,115230.0,87561.0,136690.0,103565.0,64817.0,11176.0,12784.0,136690.0,2494.0,2985.0,10053.0,0
3638,100000.0,2,33,3,1,2,1,-1,0,0,1,66928.0,91837.0,70620.0,78965.0,56971.0,84476.0,3907.0,498.0,78965.0,1331.0,2659.0,273.0,0
3639,370000.0,2,36,1,2,1,2,1,0,0,0,140420.0,128889.0,121195.0,142255.0,124441.0,107287.0,5655.0,14566.0,1720.0,46729.0,11981.0,14001.0,1
3640,210000.0,1,31,3,2,-1,0,-1,-1,0,0,25150.0,16651.0,65343.0,9074.0,-2076.0,-1421.0,16651.0,14765.0,9074.0,0.0,0.0,0.0,0
3641,30000.0,1,26,2,2,1,0,-1,0,0,-1,21477.0,20100.0,24262.0,22743.0,26074.0,24523.0,220.0,2843.0,22743.0,410.0,1550.0,24523.0,0
3642,90000.0,2,29,3,2,0,0,0,-1,-1,-1,12124.0,20679.0,21425.0,12475.0,9229.0,16688.0,1834.0,2240.0,8383.0,9229.0,16688.0,16688.0,0
3643,180000.0,2,36,1,2,2,1,0,0,0,0,155788.0,168063.0,153278.0,162642.0,158723.0,143548.0,2949.0,154.0,11768.0,12689.0,7360.0,20346.0,1
3644,90000.0,1,39,3,1,0,0,0,2,0,0,42565.0,36757.0,49357.0,46242.0,42239.0,56658.0,9701.0,8369.0,8436.0,170.0,7670.0,2228.0,0
3645,190000.0,2,25,4,2,0,0,0,-1,0,1,56398.0,54440.0,47683.0,68330.0,28240.0,73181.0,8704.0,15097.0,44337.0,28240.0,10869.0,6822.0,0
3646,490000.0,1,45,2,1,3,2,0,0,0,0,358238.0,333763.0,315282.0,416227.0,323702.0,370375.0,7001.0,1284.0,15009.0,28675.0,9733.0,2477.0,0
3647,160000.0,2,44,1,2,-1,0,0,0,0,0,49449.0,47613.0,44958.0,50858.0,46919.0,63085.0,47613.0,11131.0,16911.0,13306.0,13931.0,40522.0,0
3648,110000.0,1,37,0,1,1,0,1,0,0,0,81177.0,80491.0,67308.0,77965.0,87298.0,82653.0,801.0,4201.0,451.0,5232.0,18189.0,11404.0,1
3649,160000.0,1,26,2,2,0,-1,0,-1,-1,0,28116.0,37532.0,34573.0,41399.0,16737.0,24745.0,2812.0,34573.0,4498.0,16737.0,24745.0,10766.0,0
3650,270000.0,2,33,1,1,0,-1,-1,-1,2,-1,40434.0,80933.0,81209.0,33917.0,22652.0,46195.0,11403.0,81209.0,33917.0,22652.0,656.0,46195.0,1
3651,90000.0,1,43,3,3,1,-1,-1,0,0,-2,-551.0,-790.0,24272.0,14613.0,21075.0,0.0,0.0,24272.0,14613.0,13917.0,0.0,0.0,0
3652,270000.0,2,29,1,2,-1,-1,-1,-1,-1,-1,48359.0,54843.0,-5400.0,37832.0,80775.0,65209.0,54843.0,0.0,37832.0,80775.0,65209.0,65209.0,0
3653,430000.0,1,38,1,1,0,0,-1,-1,-1,0,224000.0,165907.0,193801.0,99945.0,171568.0,216360.0,15366.0,63625.0,99945.0,171568.0,216360.0,59012.0,0
3654,120000.0,1,42,1,2,0,0,-1,-1,-1,-1,4533.0,1921.0,-2400.0,14306.0,-1460.0,8382.0,590.0,0.0,14306.0,0.0,8382.0,8382.0,1
3655,290000.0,1,40,2,1,0,0,0,0,0,0,203602.0,237282.0,208328.0,175888.0,198243.0,217396.0,4123.0,21631.0,9909.0,39984.0,21548.0,18693.0,0
3656,70000.0,1,38,2,1,0,-1,-2,0,0,1,42153.0,36897.0,0.0,37130.0,40564.0,47552.0,2797.0,0.0,3312.0,2838.0,8964.0,780.0,0
3657,380000.0,2,32,1,2,0,0,0,0,-1,0,87907.0,106544.0,109900.0,83587.0,102785.0,104246.0,16484.0,25593.0,2886.0,2580.0,104246.0,4770.0,0
3658,70000.0,1,39,2,1,3,4,3,2,1,2,48658.0,65636.0,48035.0,50824.0,52829.0,52103.0,573.0,808.0,236.0,343.0,120.0,220.0,1
3659,50000.0,2,36,3,1,0,-1,0,-1,-1,-1,7272.0,3221.0,5084.0,6901.0,7698.0,12770.0,1693.0,5084.0,2440.0,7698.0,12770.0,12770.0,0
3660,60000.0,2,26,1,1,0,1,0,0,-1,-2,29857.0,39151.0,34706.0,44675.0,27134.0,0.0,16422.0,171.0,7866.0,2707.0,0.0,0.0,1
3661,120000.0,2,54,2,2,2,0,0,0,-1,-2,44351.0,30134.0,21861.0,38012.0,30466.0,0.0,1385.0,3955.0,3143.0,4655.0,0.0,0.0,1
3662,150000.0,1,29,1,2,1,-2,0,-1,0,-1,64460.0,0.0,51022.0,51030.0,32241.0,36718.0,0.0,5883.0,4756.0,32241.0,5093.0,36718.0,1
3663,90000.0,2,25,2,2,-1,0,0,0,-2,-1,42839.0,51342.0,66561.0,68688.0,0.0,55142.0,51342.0,25075.0,44917.0,0.0,9932.0,55142.0,0
3664,130000.0,1,38,1,1,0,0,0,0,0,0,46134.0,27502.0,48084.0,32077.0,30746.0,40594.0,5314.0,30918.0,11306.0,2150.0,4104.0,5919.0,0
3665,130000.0,1,32,1,2,0,-1,0,-1,0,0,30379.0,43949.0,65129.0,49511.0,66209.0,45574.0,15672.0,65129.0,11003.0,66209.0,2132.0,6420.0,0
3666,110000.0,2,29,1,2,0,0,0,-1,0,-1,55349.0,60341.0,56412.0,74888.0,75232.0,79180.0,12705.0,4238.0,7578.0,75232.0,12091.0,79180.0,0
3667,80000.0,2,31,2,1,0,-1,-1,-1,0,0,23478.0,3480.0,11907.0,8483.0,5623.0,7793.0,2298.0,11907.0,8483.0,5623.0,1377.0,1546.0,0
3668,120000.0,1,32,2,1,-1,0,0,0,0,-2,47993.0,81807.0,73798.0,65071.0,66682.0,0.0,81807.0,5678.0,7108.0,8716.0,0.0,0.0,1
3669,70000.0,2,30,2,2,-1,-1,-1,0,-1,-1,6190.0,-1400.0,2985.0,-1400.0,-35.0,-1400.0,0.0,2985.0,0.0,0.0,0.0,0.0,0
3670,180000.0,2,35,1,2,-2,0,-1,0,0,0,0.0,119943.0,129919.0,108025.0,128970.0,136546.0,2044.0,18352.0,108025.0,17950.0,12630.0,16354.0,0
3671,50000.0,2,23,5,2,3,2,0,0,2,1,25432.0,35244.0,32430.0,27029.0,34147.0,29525.0,211.0,486.0,2817.0,1762.0,77.0,671.0,1
3672,80000.0,1,50,1,2,0,0,0,0,0,0,48712.0,42496.0,49481.0,41402.0,41497.0,38731.0,2667.0,7295.0,10987.0,13957.0,6883.0,6204.0,0
3673,270000.0,2,35,1,2,0,-1,0,-1,0,-2,124085.0,94690.0,103839.0,127583.0,121997.0,0.0,15658.0,103839.0,54255.0,121997.0,0.0,0.0,0
3674,60000.0,1,33,2,2,1,-1,2,1,0,0,49614.0,40249.0,39890.0,41197.0,43278.0,44278.0,1474.0,39890.0,1614.0,988.0,763.0,13932.0,0
3675,180000.0,1,41,1,1,0,0,0,0,0,0,123973.0,131741.0,143102.0,114032.0,127724.0,135590.0,4881.0,7284.0,13444.0,5937.0,18388.0,5379.0,1
3676,100000.0,2,55,1,1,0,0,3,2,1,0,62203.0,55823.0,61188.0,44258.0,63011.0,55091.0,1045.0,1569.0,1040.0,723.0,549.0,1580.0,0
3677,50000.0,2,46,2,2,0,0,-1,-1,0,0,16111.0,11343.0,15255.0,15467.0,13987.0,13096.0,3049.0,4691.0,15467.0,13987.0,2059.0,4215.0,0
3678,50000.0,2,43,2,1,0,0,0,-2,-1,0,24636.0,29432.0,24429.0,0.0,28308.0,23570.0,2164.0,3924.0,0.0,2225.0,23570.0,1671.0,0
3679,60000.0,2,55,3,2,0,0,-2,0,0,0,19041.0,16686.0,0.0,24529.0,20622.0,21841.0,2822.0,0.0,674.0,1393.0,2408.0,966.0,1
3680,340000.0,2,24,1,2,0,0,-1,0,0,-1,97459.0,100878.0,119118.0,84310.0,99560.0,84477.0,30765.0,20134.0,84310.0,31296.0,21747.0,84477.0,0
3681,60000.0,2,28,2,2,0,1,0,0,-1,-1,44789.0,40299.0,34551.0,38847.0,35517.0,40940.0,685.0,524.0,792.0,1689.0,40940.0,40940.0,0
3682,170000.0,1,29,1,2,0,-1,0,0,0,0,28266.0,18579.0,11969.0,32176.0,32356.0,18964.0,7961.0,11969.0,17512.0,13848.0,6975.0,3154.0,0
3683,70000.0,2,42,3,1,0,0,0,0,0,0,21182.0,27206.0,7544.0,10056.0,21360.0,23332.0,5324.0,563.0,1335.0,2314.0,5732.0,3565.0,0
3684,120000.0,1,38,2,2,-2,0,0,0,-2,-1,0.0,23631.0,24397.0,11850.0,0.0,12760.0,2184.0,10273.0,6551.0,0.0,3353.0,12760.0,0
3685,40000.0,2,34,3,1,-2,0,0,-2,-1,0,0.0,1674.0,6230.0,0.0,9319.0,5682.0,694.0,2508.0,0.0,3797.0,5682.0,676.0,0
3686,360000.0,2,43,1,2,0,0,1,0,0,0,147925.0,160247.0,127567.0,91064.0,169537.0,155806.0,2055.0,2747.0,5865.0,8665.0,51477.0,18876.0,0
3687,130000.0,1,38,2,1,0,0,2,1,0,0,92702.0,90685.0,101796.0,103033.0,89233.0,96291.0,16183.0,5104.0,3845.0,3878.0,32099.0,18111.0,0
3688,70000.0,2,27,2,2,0,0,0,0,0,0,32700.0,23094.0,32530.0,28199.0,30886.0,28123.0,1154.0,4195.0,4460.0,6815.0,2401.0,3119.0,0
3689,280000.0,2,36,1,1,-1,-1,0,-2,-1,0,42185.0,58136.0,44508.0,0.0,26671.0,34100.0,58136.0,44508.0,0.0,20391.0,34100.0,21886.0,0
3690,30000.0,2,25,3,2,0,-1,0,0,0,0,13659.0,13785.0,12123.0,17044.0,14954.0,17974.0,794.0,12123.0,1673.0,695.0,1278.0,1808.0,0
3691,70000.0,2,43,2,2,0,-2,0,0,1,0,36105.0,0.0,46635.0,34014.0,47101.0,31964.0,0.0,2637.0,2355.0,10106.0,283.0,1431.0,0
3692,150000.0,1,41,2,1,-1,-1,-1,-1,0,-1,20656.0,6204.0,29050.0,39280.0,22084.0,-219.0,6204.0,29050.0,39280.0,22084.0,0.0,0.0,0
3693,450000.0,2,33,1,1,0,0,0,0,0,0,291781.0,242894.0,256763.0,276918.0,244997.0,285618.0,15390.0,15935.0,23684.0,32601.0,5355.0,26755.0,1
3694,80000.0,2,39,2,1,0,0,0,0,0,0,15725.0,23462.0,11789.0,25129.0,32019.0,26400.0,1634.0,1710.0,6433.0,2657.0,8087.0,1526.0,0
3695,390000.0,1,36,2,2,7,6,5,4,3,2,318647.0,271422.0,265921.0,295608.0,276262.0,367102.0,7217.0,8656.0,4012.0,5681.0,784.0,4889.0,1
3696,350000.0,2,34,1,2,-1,0,-2,-1,0,-1,44753.0,60425.0,0.0,86626.0,64984.0,75077.0,60425.0,0.0,30783.0,64984.0,31419.0,75077.0,0
3697,90000.0,2,43,1,2,0,0,1,2,1,0,78044.0,88807.0,77615.0,78241.0,80255.0,73695.0,8651.0,1656.0,326.0,355.0,639.0,2019.0,1
3698,140000.0,1,48,3,1,0,2,-1,2,0,0,87355.0,102103.0,87489.0,102626.0,89677.0,83595.0,7731.0,1579.0,102626.0,10548.0,3406.0,27320.0,0
3699,210000.0,1,25,2,2,0,-2,0,-1,0,0,66711.0,0.0,60419.0,61025.0,55211.0,69040.0,0.0,8579.0,8579.0,55211.0,2736.0,3629.0,0
3700,80000.0,1,35,1,1,2,0,3,2,0,1,39938.0,55742.0,41219.0,39819.0,34469.0,50173.0,1467.0,4597.0,442.0,1127.0,6540.0,372.0,0
3701,340000.0,1,42,2,1,-1,0,-2,0,2,1,243994.0,228475.0,0.0,201415.0,205373.0,255813.0,228475.0,0.0,13422.0,10043.0,1348.0,1387.0,0
3702,30000.0,1,26,2,2,3,2,0,2,1,0,23872.0,24667.0,25764.0,23942.0,24873.0,18662.0,76.0,184.0,7767.0,69.0,51.0,1356.0,1
3703,420000.0,2,38,1,2,4,3,4,3,2,1,292439.0,212580.0,223867.0,206149.0,292243.0,244174.0,826.0,2409.0,2846.0,715.0,662.0,5649.0,0
3704,300000.0,2,22,1,2,-2,0,1,0,-2,0,0.0,150154.0,139689.0,95431.0,0.0,114632.0,9490.0,32535.0,4372.0,0.0,25802.0,15696.0,1
3705,360000.0,2,36,2,1,0,-2,0,2,0,0,156522.0,0.0,143438.0,189028.0,195976.0,204487.0,0.0,4151.0,47559.0,8024.0,25194.0,50906.0,0
3706,150000.0,2,34,3,2,0,0,0,4,3,2,82442.0,95982.0,88210.0,101782.0,120736.0,101572.0,8385.0,1195.0,17055.0,493.0,1581.0,1657.0,0
3707,160000.0,1,51,2,1,0,-1,-1,-1,-1,0,24075.0,60258.0,26295.0,28509.0,22525.0,64380.0,15562.0,26295.0,28509.0,22525.0,64380.0,31342.0,0
3708,30000.0,1,39,3,1,0,0,2,0,0,0,18819.0,22264.0,21182.0,21681.0,21830.0,18561.0,2294.0,564.0,205.0,10407.0,1847.0,523.0,1
3709,590000.0,2,43,1,2,0,-1,0,0,0,-1,257195.0,252285.0,230867.0,277894.0,232703.0,250243.0,46105.0,230867.0,33907.0,49107.0,16999.0,250243.0,0
3710,180000.0,1,35,2,2,2,-1,0,0,0,0,111275.0,94962.0,100178.0,97496.0,86049.0,91118.0,612.0,100178.0,3843.0,3206.0,6529.0,4239.0,0
3711,190000.0,2,31,2,1,0,0,2,1,0,0,113182.0,120656.0,125325.0,140421.0,115564.0,133303.0,4845.0,3253.0,6426.0,2174.0,8380.0,9712.0,0
3712,80000.0,1,42,2,2,2,1,0,0,1,0,59674.0,66835.0,66305.0,63959.0,65742.0,59953.0,1041.0,2256.0,5159.0,1037.0,302.0,1571.0,0
3713,40000.0,2,39,1,2,0,3,2,1,0,1,20578.0,20999.0,17530.0,23431.0,20083.0,22859.0,1261.0,610.0,890.0,340.0,6763.0,428.0,0
3714,150000.0,2,31,2,2,0,-1,-1,0,2,0,52793.0,57958.0,60094.0,58314.0,49479.0,73143.0,7593.0,60094.0,58314.0,9921.0,3831.0,23543.0,0
3715,90000.0,1,33,1,1,0,0,-1,1,0,2,51271.0,59815.0,65581.0,63743.0,65483.0,55928.0,2594.0,2719.0,63743.0,2405.0,5575.0,2214.0,0
3716,100000.0,1,29,2,2,-1,0,0,-1,-1,0,6307.0,32788.0,27387.0,18596.0,31793.0,20745.0,32788.0,3390.0,11572.0,31793.0,20745.0,6519.0,0
3717,180000.0,2,43,2,2,0,2,1,0,2,1,48100.0,8604.0,44840.0,33964.0,37907.0,27054.0,2253.0,5384.0,1644.0,16247.0,517.0,1726.0,0
3718,50000.0,1,49,0,2,0,0,0,-1,-2,-1,11568.0,9013.0,7723.0,9451.0,0.0,12344.0,2971.0,2548.0,421.0,0.0,7098.0,12344.0,0
3719,260000.0,1,48,1,2,0,-1,0,0,0,0,49077.0,60356.0,61463.0,59925.0,38761.0,39343.0,14078.0,61463.0,21927.0,22199.0,10812.0,13384.0,0
3720,70000.0,1,39,2,2,2,0,0,0,0,0,55039.0,59734.0,50712.0,64794.0,61672.0,64101.0,1075.0,1034.0,3676.0,6054.0,6925.0,3251.0,1
3721,110000.0,1,33,1,2,0,-1,-1,0,-1,-1,20652.0,11826.0,10212.0,19933.0,19042.0,22218.0,4296.0,10212.0,19933.0,2548.0,22218.0,22218.0,0
3722,230000.0,2,52,2,2,0,-1,1,0,-2,-1,60796.0,44585.0,52943.0,33536.0,0.0,52571.0,24979.0,52943.0,5016.0,0.0,12508.0,52571.0,0
3723,40000.0,1,39,2,1,-1,-1,0,0,0,0,11601.0,8876.0,4948.0,11769.0,10139.0,9954.0,8876.0,4948.0,6068.0,2150.0,1821.0,932.0,0
3724,100000.0,1,31,1,2,0,2,0,2,0,0,71801.0,78691.0,84514.0,79683.0,61276.0,86564.0,1586.0,367.0,3796.0,2028.0,5941.0,2772.0,0
3725,90000.0,2,26,2,2,0,3,2,1,0,0,69133.0,60471.0,58524.0,62786.0,78080.0,76935.0,4858.0,356.0,1061.0,358.0,2241.0,3416.0,1
3726,300000.0,2,30,1,1,-1,0,0,0,0,0,114539.0,113435.0,145219.0,139204.0,112641.0,158545.0,113435.0,5614.0,9089.0,16632.0,4011.0,39275.0,0
3727,160000.0,1,40,1,2,-1,-2,0,-1,0,0,80495.0,0.0,77046.0,67399.0,67869.0,83764.0,0.0,7127.0,10562.0,67869.0,11926.0,3659.0,0
3728,250000.0,2,35,1,1,0,0,0,0,-1,0,164278.0,98087.0,142027.0,120071.0,114846.0,127367.0,12042.0,60838.0,58903.0,14282.0,127367.0,24713.0,0
3729,70000.0,2,24,1,2,-1,0,1,0,0,0,27861.0,24178.0,26063.0,17897.0,30818.0,23533.0,24178.0,6172.0,370.0,3684.0,3156.0,2043.0,0
3730,50000.0,2,47,2,2,0,0,0,0,1,2,28999.0,20507.0,17906.0,21564.0,18425.0,25826.0,4197.0,4740.0,379.0,5331.0,272.0,732.0,0
3731,100000.0,1,32,2,2,-1,0,0,-1,0,0,58298.0,42186.0,44100.0,57655.0,51481.0,61864.0,42186.0,4093.0,4434.0,51481.0,9051.0,6295.0,0
3732,300000.0,1,26,2,2,-1,0,-1,-2,0,-1,-6000.0,1716.0,28268.0,0.0,-5157.0,22487.0,1716.0,9713.0,0.0,0.0,6306.0,22487.0,0
3733,170000.0,1,38,2,2,0,-2,0,0,0,-1,24510.0,0.0,35988.0,54943.0,35509.0,64537.0,0.0,12442.0,4427.0,3386.0,6675.0,64537.0,0
3734,70000.0,2,26,2,2,0,0,0,0,-1,0,48000.0,50081.0,41804.0,50483.0,48788.0,59655.0,7250.0,9769.0,8811.0,1779.0,59655.0,10309.0,1
3735,70000.0,2,27,2,2,1,0,0,0,0,2,35201.0,51115.0,41259.0,42987.0,36549.0,50517.0,3745.0,4847.0,4012.0,8253.0,4940.0,933.0,0
3736,270000.0,2,31,2,1,2,0,0,-2,-1,0,49434.0,59446.0,79490.0,0.0,89726.0,30920.0,1202.0,14765.0,0.0,35544.0,30920.0,8509.0,1
3737,120000.0,2,32,3,1,0,-1,0,0,0,0,28527.0,9506.0,11379.0,19531.0,13852.0,21847.0,4156.0,11379.0,7464.0,5092.0,7753.0,14195.0,0
3738,60000.0,1,30,1,1,0,0,-2,0,0,1,43134.0,47146.0,0.0,35422.0,43575.0,50736.0,4441.0,0.0,6037.0,7803.0,2059.0,1835.0,0
3739,40000.0,1,30,1,1,0,0,0,0,-1,0,21049.0,16269.0,16596.0,23166.0,22273.0,17064.0,280.0,2128.0,1990.0,462.0,17064.0,1106.0,0
3740,880000.0,1,66,1,1,0,-1,-1,0,-1,0,5006.0,11430.0,96916.0,33108.0,35580.0,77085.0,10225.0,96916.0,33108.0,18245.0,77085.0,56915.0,0
3741,190000.0,2,42,1,1,-1,-1,-1,-1,0,-1,43060.0,14145.0,17953.0,21435.0,37199.0,34150.0,14145.0,17953.0,21435.0,37199.0,12875.0,34150.0,0
3742,120000.0,2,37,2,1,0,0,0,0,0,0,81466.0,87866.0,95464.0,83004.0,97777.0,105273.0,1552.0,1735.0,2052.0,2971.0,3294.0,623.0,0
3743,140000.0,1,34,2,1,0,-1,0,0,-1,0,18956.0,53377.0,25062.0,35551.0,40954.0,41230.0,6374.0,25062.0,24435.0,14771.0,41230.0,6094.0,0
3744,100000.0,2,26,2,2,2,-2,3,2,-2,-1,69260.0,0.0,82958.0,78973.0,0.0,77720.0,0.0,4468.0,611.0,0.0,2986.0,77720.0,1
3745,110000.0,2,42,2,1,0,5,4,3,2,1,84879.0,86677.0,80276.0,90187.0,87592.0,85920.0,3922.0,2209.0,1012.0,896.0,538.0,1179.0,0
3746,190000.0,1,52,1,1,4,3,2,0,0,0,174758.0,164497.0,186123.0,163364.0,140957.0,163563.0,679.0,1661.0,1608.0,704.0,3696.0,7190.0,0
3747,30000.0,2,34,2,3,0,0,0,0,1,0,17332.0,22888.0,15487.0,19099.0,18352.0,16039.0,3797.0,1485.0,2310.0,1851.0,151.0,4729.0,0
3748,90000.0,1,32,2,2,0,-2,0,-1,0,-1,25151.0,0.0,14897.0,23734.0,22678.0,32232.0,0.0,3536.0,3545.0,22678.0,6367.0,32232.0,0
3749,110000.0,2,29,1,2,0,0,-2,0,0,-1,61132.0,45538.0,0.0,70353.0,76961.0,62981.0,6216.0,0.0,47494.0,43924.0,6366.0,62981.0,0
3750,240000.0,2,38,2,2,0,-1,-1,0,0,0,74027.0,71493.0,52379.0,80927.0,105955.0,97934.0,6003.0,52379.0,80927.0,25425.0,43227.0,13789.0,0
3751,230000.0,2,38,2,2,0,-1,-1,-1,-1,-2,7957.0,8576.0,17285.0,-4600.0,17222.0,0.0,1169.0,17285.0,0.0,17222.0,0.0,0.0,0
3752,130000.0,1,40,1,1,0,-1,0,0,0,-1,38671.0,19831.0,30788.0,13293.0,24878.0,44820.0,3055.0,30788.0,2574.0,3633.0,7769.0,44820.0,0
3753,110000.0,1,40,2,2,0,0,0,-2,-1,0,19328.0,20815.0,11659.0,0.0,15511.0,2763.0,6527.0,4105.0,0.0,3123.0,2763.0,697.0,0
3754,160000.0,2,33,1,1,0,-2,0,0,0,-2,58793.0,0.0,71017.0,60356.0,68210.0,0.0,0.0,6926.0,15332.0,6226.0,0.0,0.0,0
3755,420000.0,2,32,2,1,0,0,0,0,-1,0,192349.0,203958.0,173120.0,220203.0,266932.0,197551.0,17991.0,21877.0,46631.0,67764.0,197551.0,3882.0,0
3756,270000.0,2,48,2,1,1,-1,0,0,0,0,137206.0,190664.0,153613.0,115045.0,124997.0,156019.0,2386.0,153613.0,7644.0,9552.0,25101.0,9156.0,1
3757,100000.0,2,38,1,2,0,0,0,0,1,0,32907.0,33158.0,46229.0,31558.0,30670.0,28926.0,608.0,4893.0,3809.0,24205.0,171.0,4317.0,0
3758,340000.0,2,43,2,1,0,-1,-1,0,-1,-1,42035.0,-6800.0,39107.0,29222.0,32971.0,57997.0,0.0,39107.0,29222.0,8443.0,57997.0,57997.0,0
3759,80000.0,1,27,1,2,2,0,0,0,0,0,55091.0,55081.0,44142.0,54218.0,53872.0,62142.0,516.0,3131.0,10830.0,8874.0,9468.0,3213.0,0
3760,370000.0,2,41,1,0,0,0,0,0,-1,-1,161123.0,138505.0,117077.0,102672.0,103087.0,123044.0,49824.0,8589.0,9989.0,29909.0,123044.0,123044.0,0
3761,130000.0,1,44,2,2,-1,-1,-1,0,-1,-1,15599.0,4096.0,8930.0,-1183.0,6580.0,11933.0,4096.0,8930.0,0.0,3598.0,11933.0,11933.0,0
3762,50000.0,2,33,2,2,0,0,0,2,0,-1,25195.0,26231.0,23983.0,20348.0,26066.0,26405.0,6417.0,5455.0,5882.0,306.0,8181.0,26405.0,0
3763,60000.0,1,29,3,2,0,0,0,0,0,0,12064.0,20926.0,15407.0,11509.0,17945.0,20614.0,4116.0,3148.0,4065.0,1533.0,4816.0,2189.0,0
3764,70000.0,1,35,3,2,-2,0,0,1,0,0,0.0,33131.0,39878.0,37315.0,38686.0,36544.0,1342.0,7615.0,3047.0,3399.0,10666.0,10104.0,0
3765,170000.0,2,32,3,1,0,-2,-2,0,-2,0,93881.0,0.0,0.0,52496.0,0.0,56474.0,0.0,0.0,3383.0,0.0,10751.0,7969.0,1
3766,260000.0,2,29,2,2,0,0,0,4,3,2,152660.0,224009.0,177086.0,181460.0,193579.0,216362.0,6971.0,6368.0,7157.0,1258.0,960.0,4062.0,0
3767,30000.0,2,41,3,2,0,-1,-1,0,0,0,11928.0,11879.0,13361.0,17621.0,10554.0,11117.0,2057.0,13361.0,17621.0,1012.0,3228.0,2087.0,0
3768,110000.0,2,35,1,1,-1,0,0,0,0,2,35930.0,16059.0,11568.0,30386.0,42487.0,12181.0,16059.0,1571.0,3693.0,4511.0,1159.0,518.0,0
3769,220000.0,2,28,2,1,-2,0,1,-1,0,0,0.0,47838.0,42039.0,59556.0,20179.0,34272.0,13473.0,26840.0,12599.0,20179.0,5088.0,21348.0,0
3770,160000.0,1,34,2,2,-1,0,0,0,0,0,43847.0,5877.0,53538.0,10391.0,30886.0,43919.0,5877.0,37916.0,3046.0,3748.0,11411.0,26009.0,0
3771,120000.0,1,34,3,2,-1,-1,-1,-1,0,-2,18577.0,6904.0,3626.0,15708.0,3372.0,0.0,6904.0,3626.0,15708.0,3372.0,0.0,0.0,0
3772,240000.0,2,33,1,1,0,0,-1,0,-1,-2,97244.0,109797.0,92232.0,92194.0,93265.0,0.0,26716.0,14429.0,92194.0,4766.0,0.0,0.0,0
3773,170000.0,2,27,2,2,0,-1,0,0,0,0,74391.0,96193.0,70964.0,64427.0,67686.0,81795.0,3721.0,70964.0,17849.0,2093.0,7924.0,4887.0,0
3774,390000.0,1,35,1,1,0,-1,0,-1,-1,0,102626.0,104375.0,43125.0,166971.0,65814.0,100375.0,29964.0,43125.0,84284.0,65814.0,100375.0,25196.0,0
3775,110000.0,2,28,1,2,0,2,0,-1,0,0,87544.0,92016.0,92012.0,74479.0,89236.0,78478.0,967.0,58.0,7432.0,89236.0,7787.0,5368.0,1
3776,30000.0,2,41,2,1,0,0,0,0,1,0,17598.0,17625.0,20451.0,18225.0,15253.0,15991.0,779.0,975.0,1110.0,967.0,617.0,1462.0,0
3777,260000.0,2,48,1,2,3,2,1,0,0,-2,158557.0,168105.0,162115.0,178720.0,202024.0,0.0,4123.0,1198.0,5495.0,45143.0,0.0,0.0,1
3778,70000.0,2,36,2,1,0,0,0,0,-1,-1,32822.0,37706.0,37241.0,29300.0,38258.0,40697.0,11990.0,4805.0,3533.0,7182.0,40697.0,40697.0,0
3779,40000.0,2,45,2,1,0,-2,4,3,2,0,21140.0,0.0,23731.0,23256.0,22718.0,18738.0,0.0,2277.0,853.0,794.0,308.0,2674.0,0
3780,170000.0,1,35,1,1,6,5,4,3,2,1,150885.0,162569.0,141562.0,120390.0,126703.0,137690.0,4876.0,5036.0,833.0,1205.0,185.0,2594.0,0
3781,70000.0,2,44,2,2,-1,-1,-1,-1,0,0,20008.0,24548.0,20702.0,41729.0,22219.0,26686.0,24548.0,20702.0,41729.0,22219.0,14068.0,3664.0,0
3782,100000.0,2,32,2,2,0,0,0,0,0,1,68886.0,63204.0,61428.0,71612.0,82158.0,53976.0,5659.0,10250.0,4921.0,8910.0,4538.0,221.0,0
3783,40000.0,1,32,1,1,0,0,0,0,-1,-1,6920.0,2438.0,1928.0,3863.0,3594.0,3863.0,355.0,1501.0,2102.0,1783.0,3863.0,3863.0,0
3784,140000.0,2,25,2,2,0,-2,-1,0,0,-1,34564.0,0.0,61435.0,44821.0,27840.0,57840.0,0.0,13266.0,44821.0,4004.0,7747.0,57840.0,0
3785,110000.0,1,38,2,1,0,0,0,0,0,0,86093.0,97869.0,85218.0,74709.0,88599.0,65928.0,2032.0,17001.0,1951.0,5462.0,3967.0,7203.0,0
3786,100000.0,2,39,3,2,4,5,4,3,2,0,72916.0,71944.0,68175.0,59611.0,74548.0,72115.0,727.0,220.0,174.0,391.0,280.0,1839.0,1
3787,60000.0,2,45,3,2,0,0,-2,1,-1,0,36554.0,43245.0,0.0,46474.0,36209.0,37335.0,4655.0,0.0,2932.0,1304.0,37335.0,7169.0,0
3788,70000.0,2,45,2,1,-1,0,0,0,-1,0,17644.0,24704.0,13027.0,23919.0,16349.0,23713.0,24704.0,316.0,2474.0,1198.0,23713.0,1376.0,0
3789,230000.0,2,39,2,1,0,-1,-1,0,-1,1,37392.0,18189.0,35674.0,25612.0,51733.0,37990.0,6842.0,35674.0,25612.0,10381.0,37990.0,2117.0,0
3790,210000.0,2,53,2,1,0,-1,0,0,-1,0,104709.0,88047.0,102715.0,64732.0,99113.0,98529.0,27594.0,102715.0,11071.0,12616.0,98529.0,22291.0,0
3791,130000.0,1,33,1,1,-2,-1,0,0,-1,0,0.0,62451.0,59675.0,68078.0,73983.0,49289.0,16935.0,59675.0,1844.0,10488.0,49289.0,15295.0,0
3792,50000.0,1,39,2,2,0,0,-2,0,0,-2,32789.0,31111.0,0.0,22405.0,31889.0,0.0,8148.0,0.0,1996.0,5790.0,0.0,0.0,0
3793,220000.0,1,35,1,1,0,-2,0,3,2,-1,114148.0,0.0,87329.0,135688.0,131357.0,144210.0,0.0,9982.0,4124.0,1711.0,1607.0,144210.0,0
3794,80000.0,2,31,2,2,-2,0,0,2,-1,-1,0.0,25462.0,26611.0,22350.0,24706.0,27574.0,2681.0,3412.0,7071.0,1470.0,27574.0,27574.0,0
3795,230000.0,2,47,2,1,-1,-1,0,0,0,0,21375.0,39859.0,41809.0,41981.0,59524.0,32082.0,39859.0,41809.0,21100.0,15959.0,5874.0,6040.0,0
3796,80000.0,1,46,2,2,3,2,0,0,0,0,58685.0,62229.0,57006.0,57429.0,65604.0,77171.0,641.0,529.0,3108.0,969.0,2452.0,987.0,0
3797,170000.0,1,32,1,1,0,0,0,3,2,0,106665.0,96904.0,105314.0,113183.0,102738.0,97376.0,13513.0,2726.0,5113.0,2018.0,2332.0,10770.0,0
3798,130000.0,2,51,3,1,0,0,0,0,-1,0,49148.0,39076.0,42969.0,49176.0,43049.0,42201.0,6400.0,15309.0,12415.0,19676.0,42201.0,1453.0,0
3799,120000.0,2,46,1,2,0,0,0,0,0,0,45559.0,32739.0,40419.0,36318.0,46800.0,29333.0,9043.0,5409.0,1714.0,21459.0,1825.0,4154.0,0
3800,160000.0,2,33,2,1,0,-1,-2,0,0,0,110316.0,91640.0,0.0,82928.0,87029.0,96441.0,14692.0,0.0,7686.0,10661.0,3825.0,16764.0,0
3801,60000.0,2,39,1,1,-2,0,0,-1,1,-1,0.0,18647.0,25382.0,27124.0,17218.0,15245.0,1383.0,2893.0,8428.0,17218.0,447.0,15245.0,0
3802,180000.0,2,25,3,2,-1,0,-1,-1,0,-2,56152.0,32265.0,26438.0,20662.0,39478.0,0.0,32265.0,13075.0,20662.0,39478.0,0.0,0.0,0
3803,60000.0,2,26,3,1,0,0,-1,0,0,-1,38754.0,23818.0,25846.0,37642.0,34988.0,40991.0,1510.0,3210.0,37642.0,3258.0,6402.0,40991.0,0
3804,80000.0,2,36,2,2,0,0,-1,0,2,1,32164.0,33708.0,30645.0,27217.0,42518.0,34766.0,1709.0,1650.0,27217.0,4872.0,644.0,3474.0,0
3805,70000.0,1,36,3,1,0,0,0,0,-2,-1,468.0,6529.0,2737.0,12238.0,0.0,9077.0,382.0,325.0,2616.0,0.0,617.0,9077.0,0
3806,80000.0,1,30,2,2,0,0,0,-2,0,0,30792.0,33043.0,42365.0,0.0,35921.0,32280.0,4234.0,2759.0,0.0,4661.0,4955.0,5325.0,0
3807,70000.0,1,40,2,1,0,0,-1,-2,0,0,40221.0,56807.0,48157.0,0.0,42521.0,37450.0,36875.0,1419.0,0.0,1129.0,2748.0,1775.0,0
3808,120000.0,1,28,2,0,0,-1,-1,-2,-1,-2,30078.0,4397.0,21280.0,0.0,16789.0,0.0,2444.0,21280.0,0.0,10307.0,0.0,0.0,0
3809,50000.0,1,35,3,2,-2,1,2,1,0,0,0.0,28780.0,36738.0,24086.0,36513.0,32658.0,5808.0,581.0,1454.0,603.0,12802.0,6881.0,0
3810,140000.0,1,45,1,2,0,0,0,2,1,0,80422.0,91477.0,55643.0,75741.0,69345.0,89077.0,4828.0,1049.0,2643.0,316.0,356.0,1689.0,1
3811,160000.0,2,57,2,1,-1,0,-1,-1,0,-1,105007.0,97299.0,74043.0,61339.0,77735.0,72075.0,97299.0,20995.0,61339.0,77735.0,15934.0,72075.0,0
3812,140000.0,1,36,1,1,0,0,2,0,2,-1,111945.0,105152.0,78379.0,79245.0,77298.0,90956.0,7330.0,1919.0,2671.0,10424.0,2748.0,90956.0,0
3813,60000.0,2,28,2,2,3,2,0,3,2,1,62429.0,49645.0,58839.0,52850.0,46698.0,54498.0,116.0,320.0,597.0,143.0,77.0,234.0,0
3814,270000.0,2,35,1,1,0,-1,0,0,0,0,65773.0,79952.0,114391.0,138411.0,114298.0,126993.0,9499.0,114391.0,7479.0,2390.0,8497.0,14518.0,0
3815,420000.0,1,34,2,2,-1,-2,-1,-1,0,-2,121734.0,0.0,120407.0,109046.0,106876.0,0.0,0.0,38515.0,109046.0,106876.0,0.0,0.0,0
3816,70000.0,1,36,2,2,5,4,3,2,3,2,63236.0,77280.0,68730.0,73212.0,71998.0,65435.0,686.0,427.0,134.0,443.0,109.0,47.0,1
3817,140000.0,1,30,3,1,-1,0,0,0,0,0,72645.0,81796.0,63531.0,88292.0,75411.0,79765.0,81796.0,17476.0,1099.0,4255.0,5144.0,10879.0,0
3818,60000.0,1,50,3,1,2,0,-1,1,-1,0,44364.0,60987.0,53420.0,53063.0,47963.0,53380.0,4987.0,4671.0,53063.0,617.0,53380.0,9328.0,1
3819,150000.0,2,48,1,2,1,0,-1,0,0,-2,35932.0,52417.0,48500.0,32468.0,21770.0,0.0,1772.0,3112.0,32468.0,2984.0,0.0,0.0,0
3820,80000.0,1,35,1,2,0,0,0,0,-1,0,23454.0,18992.0,17060.0,18004.0,14183.0,21254.0,3417.0,9926.0,9499.0,2320.0,21254.0,3702.0,0
3821,100000.0,1,34,1,1,1,0,0,0,0,0,58276.0,41800.0,53386.0,50596.0,47647.0,43976.0,273.0,14479.0,32088.0,15942.0,1572.0,7898.0,0
3822,70000.0,2,37,2,1,0,0,0,-1,0,1,30419.0,27088.0,25681.0,27881.0,32827.0,34765.0,1028.0,5053.0,5580.0,32827.0,8887.0,2063.0,0
3823,170000.0,2,47,1,2,0,1,2,1,2,1,139306.0,111514.0,156190.0,132936.0,152228.0,149530.0,1680.0,975.0,2537.0,2489.0,810.0,586.0,1
3824,90000.0,2,40,4,2,0,2,1,0,3,2,55003.0,59433.0,66893.0,67938.0,55646.0,57491.0,3954.0,237.0,681.0,6462.0,481.0,834.0,1
3825,720000.0,2,38,1,2,0,0,-1,0,0,0,232896.0,314674.0,297356.0,245845.0,163008.0,161444.0,33183.0,90941.0,245845.0,55154.0,39715.0,61259.0,0
3826,40000.0,2,29,3,1,-1,2,0,1,0,0,19787.0,20497.0,25557.0,16658.0,18494.0,23024.0,20497.0,1707.0,4216.0,380.0,5243.0,3411.0,1
3827,160000.0,1,29,2,2,0,0,0,2,1,0,51995.0,58227.0,36108.0,62672.0,68945.0,87845.0,3045.0,1331.0,13174.0,605.0,3647.0,6688.0,1
3828,180000.0,2,30,2,2,0,1,0,0,0,0,150846.0,108403.0,138754.0,135010.0,143110.0,164890.0,2123.0,2683.0,24592.0,1673.0,5579.0,11992.0,1
3829,30000.0,2,25,2,2,2,0,-1,-2,0,0,21352.0,22722.0,24353.0,0.0,22748.0,25415.0,134.0,1766.0,0.0,2124.0,195.0,1001.0,1
3830,30000.0,1,56,3,2,0,-1,0,-1,0,0,5326.0,6474.0,6331.0,6797.0,6376.0,5386.0,2353.0,6331.0,1071.0,6376.0,1762.0,2280.0,0
3831,290000.0,2,35,1,1,0,-1,-2,0,-2,0,177197.0,227412.0,0.0,201198.0,0.0,195584.0,6574.0,0.0,35808.0,0.0,9971.0,42814.0,1
3832,40000.0,1,42,3,1,-2,0,0,-1,-1,0,0.0,7481.0,9092.0,15801.0,394.0,6257.0,234.0,955.0,2557.0,394.0,6257.0,192.0,0
3833,70000.0,1,36,3,2,-1,0,0,0,0,0,25524.0,36157.0,37693.0,42082.0,28327.0,38619.0,36157.0,9518.0,1094.0,13983.0,20375.0,5807.0,0
3834,20000.0,1,33,2,1,0,-1,0,0,0,0,8445.0,10806.0,7365.0,8553.0,7389.0,10510.0,2172.0,7365.0,1776.0,3836.0,5038.0,3147.0,0
3835,50000.0,2,32,2,2,-1,1,0,1,0,0,17900.0,16500.0,15800.0,14683.0,10987.0,17020.0,16500.0,322.0,2021.0,720.0,888.0,4370.0,0
3836,120000.0,2,27,1,2,0,0,0,0,0,-1,39383.0,38456.0,47945.0,46734.0,35981.0,43884.0,6134.0,2817.0,1477.0,3820.0,3665.0,43884.0,0
3837,250000.0,2,38,2,2,0,2,-1,0,0,0,59361.0,67841.0,33849.0,65639.0,57751.0,87874.0,8690.0,4609.0,65639.0,27454.0,3976.0,26260.0,0
3838,400000.0,1,24,2,2,-1,-1,2,1,0,0,237398.0,158459.0,237019.0,235903.0,182021.0,152830.0,158459.0,237019.0,12601.0,1567.0,1234.0,1710.0,0
3839,100000.0,2,29,1,1,0,2,1,0,0,0,86519.0,71578.0,59878.0,77472.0,62898.0,71544.0,8348.0,566.0,698.0,3408.0,17166.0,5403.0,0
3840,380000.0,2,23,1,2,0,0,1,0,0,1,199799.0,150490.0,141820.0,190670.0,156431.0,214485.0,42658.0,5989.0,3676.0,42996.0,32907.0,16512.0,0
3841,80000.0,1,31,3,1,-1,0,0,-1,-1,2,17069.0,25190.0,25541.0,23563.0,31393.0,25056.0,25190.0,12528.0,204.0,31393.0,25056.0,704.0,0
3842,110000.0,2,43,2,2,2,1,0,0,0,1,87442.0,78559.0,84094.0,93469.0,69903.0,83886.0,3480.0,274.0,7065.0,3313.0,4393.0,857.0,1
3843,100000.0,2,37,2,1,0,2,1,2,-1,0,-681.0,19242.0,27370.0,40779.0,26536.0,20158.0,563.0,89.0,2833.0,526.0,20158.0,901.0,0
3844,100000.0,1,36,2,1,1,0,1,-2,0,0,68552.0,69582.0,88054.0,0.0,72716.0,86933.0,931.0,2915.0,0.0,2460.0,7250.0,3257.0,1
3845,40000.0,1,36,2,2,1,0,0,3,2,0,21300.0,29567.0,27613.0,32786.0,27139.0,24842.0,49.0,1112.0,2047.0,688.0,123.0,2520.0,0
3846,70000.0,2,29,3,2,0,0,1,0,0,-2,43427.0,36933.0,26305.0,38537.0,36007.0,0.0,3278.0,941.0,1354.0,5386.0,0.0,0.0,0
3847,50000.0,1,27,2,2,2,0,-2,-1,0,0,14718.0,11924.0,0.0,17520.0,7815.0,13205.0,565.0,0.0,6330.0,7815.0,2192.0,4664.0,1
3848,160000.0,1,42,2,2,0,0,0,0,2,1,43733.0,52628.0,70039.0,44488.0,50287.0,38877.0,6083.0,9545.0,4005.0,10449.0,635.0,635.0,0
3849,650000.0,2,25,2,2,0,0,-2,-1,0,-1,139039.0,158738.0,0.0,121470.0,196200.0,277957.0,45564.0,0.0,24131.0,196200.0,75209.0,277957.0,0
3850,60000.0,2,28,1,2,0,0,-1,0,-1,0,20180.0,15218.0,12633.0,16728.0,14786.0,27167.0,973.0,4403.0,16728.0,2395.0,27167.0,6538.0,0
3851,420000.0,1,50,2,1,-1,0,-1,-1,-1,-1,156876.0,131308.0,126873.0,121128.0,64661.0,148297.0,131308.0,70120.0,121128.0,64661.0,148297.0,148297.0,0
3852,40000.0,1,44,3,1,0,0,-1,0,0,0,8533.0,14658.0,10306.0,10728.0,4324.0,4542.0,1756.0,2554.0,10728.0,420.0,751.0,646.0,0
3853,70000.0,2,34,3,2,0,0,0,0,0,0,31499.0,21821.0,30967.0,24075.0,18197.0,29383.0,6159.0,8411.0,6492.0,3013.0,6336.0,5455.0,0
3854,150000.0,2,24,3,2,0,0,0,0,0,0,32479.0,69451.0,65488.0,62076.0,66101.0,65245.0,10609.0,5014.0,13892.0,18391.0,18096.0,11397.0,0
3855,260000.0,1,46,1,1,1,0,0,0,-1,0,163503.0,107868.0,148873.0,165751.0,156084.0,148803.0,7056.0,32795.0,23770.0,30285.0,148803.0,35532.0,0
3856,260000.0,2,36,2,1,0,3,2,1,0,1,191687.0,220019.0,217885.0,177877.0,220292.0,197908.0,4037.0,3719.0,5354.0,4508.0,3101.0,10435.0,0
3857,410000.0,1,35,1,2,0,-1,0,1,-2,-1,96132.0,127474.0,136574.0,155404.0,0.0,162026.0,15693.0,136574.0,13429.0,0.0,10848.0,162026.0,0
3858,70000.0,2,34,3,1,0,0,0,0,0,2,50783.0,37270.0,43248.0,45341.0,56184.0,42670.0,15463.0,642.0,4300.0,9560.0,393.0,1897.0,0
3859,80000.0,1,40,2,1,0,2,1,0,0,0,31641.0,39905.0,25838.0,41810.0,25520.0,41205.0,3590.0,355.0,1603.0,1463.0,9290.0,2203.0,0
3860,160000.0,2,28,2,2,0,0,0,2,-2,0,91184.0,91161.0,80262.0,87118.0,0.0,105761.0,25217.0,10056.0,11221.0,0.0,26538.0,9139.0,0
3861,170000.0,1,39,2,2,2,1,0,2,0,0,138183.0,145972.0,151616.0,145751.0,129681.0,131809.0,5280.0,9379.0,18284.0,804.0,14177.0,16914.0,1
3862,500000.0,2,61,2,2,-1,0,-1,-1,-1,0,-10000.0,116189.0,71121.0,75011.0,29902.0,73302.0,116189.0,12997.0,75011.0,29902.0,73302.0,23652.0,0
3863,20000.0,1,31,3,2,0,0,0,0,0,0,13567.0,15440.0,14179.0,11198.0,13021.0,13192.0,1311.0,678.0,960.0,978.0,1016.0,543.0,1
3864,200000.0,1,24,2,2,-1,0,2,-2,-1,1,41253.0,48881.0,74099.0,0.0,52927.0,54433.0,48881.0,19545.0,0.0,16829.0,54433.0,1757.0,0
3865,230000.0,1,34,1,1,0,-2,-2,-2,0,0,138937.0,0.0,0.0,0.0,154435.0,125637.0,0.0,0.0,0.0,5970.0,8674.0,3916.0,0
3866,90000.0,1,32,2,1,2,1,0,0,1,2,52142.0,49511.0,63160.0,61080.0,66945.0,57311.0,3370.0,1122.0,9101.0,4529.0,335.0,1199.0,1
3867,100000.0,1,38,1,2,-2,0,4,3,2,-2,0.0,58223.0,58971.0,44332.0,65582.0,0.0,17977.0,10684.0,673.0,613.0,0.0,0.0,1
3868,100000.0,1,36,1,1,-1,0,-1,-1,0,-1,5074.0,5712.0,5533.0,13915.0,10770.0,20422.0,5712.0,1366.0,13915.0,10770.0,4744.0,20422.0,0
3869,70000.0,2,40,2,1,0,1,-1,-1,0,-1,32838.0,31988.0,25692.0,39240.0,36366.0,37697.0,16974.0,3150.0,39240.0,36366.0,12980.0,37697.0,0
3870,330000.0,2,31,2,2,0,-1,0,2,1,0,99997.0,39894.0,75512.0,80226.0,71749.0,67016.0,4321.0,75512.0,51350.0,5228.0,5613.0,25664.0,0
3871,160000.0,2,29,1,2,-1,-1,0,-1,-1,-1,19571.0,32949.0,-3200.0,11028.0,25751.0,674.0,32949.0,0.0,8297.0,25751.0,674.0,674.0,0
3872,130000.0,2,33,1,2,1,0,-1,0,1,0,55181.0,77364.0,66217.0,55157.0,58478.0,69922.0,1132.0,2087.0,55157.0,5596.0,3559.0,3431.0,0
3873,190000.0,2,43,1,1,-1,2,1,0,0,-2,143325.0,127083.0,113656.0,127984.0,76827.0,0.0,127083.0,5790.0,1218.0,12247.0,0.0,0.0,0
3874,220000.0,2,28,1,1,-1,0,0,0,-1,0,107740.0,116232.0,115051.0,98694.0,127209.0,98990.0,116232.0,21595.0,16646.0,21664.0,98990.0,13994.0,0
3875,220000.0,2,46,2,2,0,-2,0,0,1,-1,121128.0,0.0,127080.0,107541.0,156272.0,156108.0,0.0,815.0,1975.0,6728.0,1981.0,156108.0,0
3876,150000.0,2,28,1,2,-1,0,-2,-1,0,-1,11748.0,-3000.0,0.0,-2308.0,42506.0,17945.0,0.0,0.0,0.0,42506.0,10483.0,17945.0,0
3877,130000.0,1,28,1,1,-1,-1,-1,0,0,0,47506.0,19933.0,34757.0,32791.0,23367.0,39718.0,19933.0,34757.0,32791.0,8567.0,3239.0,13391.0,0
3878,110000.0,2,47,1,2,1,-1,0,1,0,0,80987.0,57115.0,59111.0,31512.0,52666.0,51492.0,532.0,59111.0,1163.0,777.0,825.0,5099.0,0
3879,150000.0,1,61,2,1,2,1,2,1,2,1,113568.0,82190.0,78360.0,90381.0,126704.0,95559.0,2065.0,2735.0,1033.0,745.0,1264.0,1581.0,1
3880,90000.0,2,47,3,1,0,0,0,0,-1,0,39007.0,52778.0,50449.0,46391.0,38959.0,44357.0,6451.0,10905.0,7242.0,2257.0,44357.0,15670.0,0
3881,80000.0,1,39,2,1,1,0,0,-2,-2,0,30581.0,31946.0,36570.0,0.0,0.0,40031.0,60.0,8670.0,0.0,0.0,3586.0,3930.0,0
3882,140000.0,2,39,1,2,-2,0,0,0,0,0,0.0,28139.0,23075.0,37964.0,23580.0,40014.0,1984.0,1671.0,5169.0,2392.0,12414.0,13722.0,0
3883,200000.0,1,33,3,2,0,0,0,0,-1,0,21311.0,56783.0,48034.0,55292.0,32492.0,39375.0,4305.0,7761.0,13291.0,3392.0,39375.0,10850.0,1
3884,140000.0,2,32,3,2,0,0,0,-2,-1,-2,17240.0,19315.0,35408.0,0.0,18397.0,0.0,579.0,4151.0,0.0,5836.0,0.0,0.0,0
3885,90000.0,1,27,3,2,-2,-1,-1,-2,-1,-1,0.0,18660.0,8037.0,0.0,14620.0,8397.0,2807.0,8037.0,0.0,2528.0,8397.0,8397.0,0
3886,280000.0,2,39,2,3,0,0,0,-2,1,0,118076.0,133258.0,135215.0,0.0,131989.0,137734.0,12865.0,41253.0,0.0,11046.0,12537.0,16595.0,0
3887,170000.0,2,32,1,2,0,0,0,0,0,0,84162.0,114754.0,84884.0,86370.0,99472.0,95812.0,11719.0,19639.0,22761.0,15159.0,3944.0,12052.0,1
3888,240000.0,1,31,2,1,0,-1,0,0,1,0,108370.0,107890.0,106030.0,118714.0,124040.0,145015.0,20393.0,106030.0,7957.0,15206.0,4391.0,3426.0,0
3889,110000.0,2,28,2,2,-1,-1,-2,-1,0,-1,-840.0,22951.0,0.0,3400.0,6178.0,8186.0,22951.0,0.0,351.0,6178.0,4420.0,8186.0,0
3890,470000.0,1,40,1,1,2,-1,-1,-1,-1,0,174615.0,157483.0,203144.0,133347.0,250694.0,175096.0,17800.0,203144.0,133347.0,250694.0,175096.0,71360.0,0
3891,160000.0,1,31,2,1,-1,0,0,-1,-2,-1,47741.0,58300.0,50420.0,18579.0,0.0,53555.0,58300.0,29270.0,3910.0,0.0,15004.0,53555.0,0
3892,170000.0,1,54,1,1,-1,-1,0,-1,0,0,46400.0,24935.0,50691.0,49891.0,55999.0,64530.0,24935.0,50691.0,11291.0,55999.0,28368.0,42083.0,0
3893,50000.0,1,61,3,1,0,-1,-1,-1,0,0,26527.0,29005.0,29376.0,30975.0,31820.0,23463.0,4068.0,29376.0,30975.0,31820.0,5719.0,2446.0,0
3894,130000.0,2,36,2,2,0,0,5,4,3,2,62677.0,64703.0,68473.0,51111.0,52365.0,85624.0,5369.0,3118.0,212.0,1292.0,1507.0,2009.0,0
3895,180000.0,1,62,2,1,0,0,0,0,2,0,104750.0,121418.0,92619.0,109506.0,113334.0,137104.0,13842.0,3981.0,9195.0,7130.0,151.0,11028.0,0
3896,80000.0,1,36,1,2,-1,0,-1,0,-1,-1,-1600.0,4466.0,6227.0,9994.0,3266.0,-1600.0,4466.0,4057.0,9994.0,2691.0,0.0,0.0,0
3897,90000.0,1,28,2,2,0,1,0,0,0,0,60744.0,64268.0,51896.0,55740.0,69411.0,63380.0,5364.0,564.0,848.0,8378.0,2038.0,3812.0,0
3898,70000.0,2,26,2,1,-1,0,-1,0,-1,-1,6456.0,6531.0,2203.0,17611.0,10704.0,12183.0,6531.0,802.0,17611.0,4054.0,12183.0,12183.0,0
3899,130000.0,2,27,2,2,-1,-1,-1,0,-1,0,25144.0,11223.0,18626.0,38317.0,38872.0,32327.0,11223.0,18626.0,38317.0,9247.0,32327.0,4597.0,0
3900,80000.0,2,46,1,2,1,0,0,0,-1,1,53463.0,44036.0,34876.0,44219.0,42423.0,43774.0,7305.0,11670.0,4860.0,14123.0,43774.0,2845.0,0
3901,100000.0,2,27,2,2,0,0,-1,2,-1,-2,6655.0,-2000.0,15202.0,1766.0,-702.0,0.0,0.0,3543.0,1766.0,0.0,0.0,0.0,0
3902,410000.0,2,31,2,3,1,-2,1,2,-2,0,196750.0,0.0,157776.0,150890.0,0.0,223519.0,0.0,13666.0,1448.0,0.0,13369.0,5261.0,0
3903,250000.0,2,44,2,1,0,1,0,0,0,-1,189736.0,213957.0,192382.0,142037.0,175832.0,197240.0,10833.0,4878.0,2741.0,11328.0,21320.0,197240.0,0
3904,160000.0,2,35,1,1,0,0,0,-1,-1,-1,8698.0,8799.0,15464.0,7387.0,625.0,-3200.0,3679.0,9113.0,2179.0,625.0,0.0,0.0,0
3905,350000.0,1,39,2,1,-2,0,0,1,-1,0,0.0,218145.0,107528.0,174680.0,98122.0,149185.0,10214.0,9699.0,11584.0,1088.0,149185.0,14934.0,0
3906,70000.0,2,44,3,1,4,3,2,1,0,0,22318.0,36294.0,29165.0,28528.0,26315.0,36243.0,508.0,2399.0,868.0,171.0,827.0,6074.0,1
3907,300000.0,2,37,1,1,2,0,0,0,0,-1,75712.0,12843.0,62654.0,65270.0,84970.0,39209.0,312.0,33122.0,6715.0,34235.0,8172.0,39209.0,1
3908,110000.0,2,35,3,2,0,-1,0,0,0,0,13485.0,35978.0,635.0,15953.0,26150.0,7750.0,22189.0,635.0,1487.0,2807.0,955.0,860.0,0
3909,120000.0,2,30,1,2,0,0,0,0,-1,0,42560.0,55444.0,56048.0,46626.0,50330.0,44423.0,14799.0,22032.0,6140.0,12506.0,44423.0,5140.0,0
3910,150000.0,2,26,2,2,0,0,-1,-1,0,-1,55525.0,60704.0,36713.0,38939.0,19654.0,38007.0,6488.0,5995.0,38939.0,19654.0,4419.0,38007.0,1
3911,890000.0,1,40,1,1,-1,-1,-1,-2,0,0,145248.0,170494.0,121094.0,0.0,68866.0,134072.0,170494.0,121094.0,0.0,8170.0,81566.0,25226.0,0
3912,70000.0,1,39,2,1,2,-1,0,0,0,0,34547.0,44283.0,45380.0,32093.0,50589.0,36604.0,1316.0,45380.0,2574.0,9226.0,1760.0,5530.0,1
3913,60000.0,2,33,2,1,0,0,0,0,0,0,31622.0,35019.0,29257.0,39588.0,32523.0,35396.0,4507.0,1361.0,1291.0,1578.0,4400.0,1542.0,0
3914,520000.0,2,33,1,2,0,1,0,-1,-1,0,30394.0,125804.0,83794.0,69637.0,31561.0,154813.0,24220.0,2761.0,10524.0,31561.0,154813.0,86642.0,0
3915,110000.0,1,35,1,1,-1,0,-1,0,0,0,13658.0,13115.0,12091.0,10265.0,9320.0,6201.0,13115.0,3923.0,10265.0,2904.0,4012.0,1158.0,0
3916,110000.0,1,39,5,2,0,2,3,2,1,0,65224.0,81661.0,74580.0,70024.0,70207.0,64270.0,3883.0,4423.0,1666.0,453.0,1297.0,2856.0,0
3917,110000.0,1,59,2,1,-2,-1,-1,-1,0,0,0.0,31948.0,38393.0,25952.0,27217.0,33232.0,21626.0,38393.0,25952.0,27217.0,17961.0,9432.0,0
3918,60000.0,2,41,3,2,1,0,-1,-1,0,-2,13732.0,27783.0,17318.0,9580.0,20644.0,0.0,2939.0,1728.0,9580.0,20644.0,0.0,0.0,0
3919,160000.0,1,33,2,3,-1,-1,-1,-2,-1,0,30080.0,15289.0,30076.0,0.0,17545.0,27639.0,15289.0,30076.0,0.0,1099.0,27639.0,15640.0,0
3920,60000.0,2,65,3,2,-1,-2,-1,-1,0,-1,5195.0,0.0,8240.0,17001.0,18064.0,8181.0,0.0,3804.0,17001.0,18064.0,6572.0,8181.0,1
3921,50000.0,2,30,2,1,0,3,2,3,2,0,11740.0,14743.0,17539.0,14919.0,13367.0,10732.0,610.0,754.0,670.0,817.0,152.0,536.0,1
3922,100000.0,1,34,6,2,0,0,-2,-1,-1,0,52998.0,49484.0,0.0,52642.0,54474.0,56353.0,8650.0,0.0,9015.0,54474.0,56353.0,2682.0,1
3923,160000.0,2,30,2,1,0,4,3,2,0,0,134194.0,130953.0,137393.0,131050.0,144958.0,141524.0,22446.0,3345.0,1236.0,2101.0,6869.0,34735.0,0
3924,420000.0,1,31,1,2,0,0,0,-2,-1,0,164004.0,120459.0,125357.0,0.0,138766.0,122722.0,18335.0,19201.0,0.0,19705.0,122722.0,29601.0,1
3925,180000.0,2,44,1,2,1,0,4,3,2,0,108770.0,99081.0,85114.0,122012.0,114968.0,99082.0,3529.0,6718.0,9010.0,855.0,373.0,11215.0,1
3926,360000.0,1,47,1,1,0,-1,-1,1,0,0,222762.0,94022.0,198230.0,152718.0,130969.0,166213.0,25825.0,198230.0,152718.0,4750.0,14092.0,53448.0,0
3927,440000.0,1,38,1,1,-1,0,0,0,-1,-1,112441.0,50004.0,29454.0,-8800.0,47527.0,73201.0,50004.0,7222.0,0.0,14676.0,73201.0,73201.0,0
3928,150000.0,2,31,2,1,-1,0,0,0,0,0,48124.0,55038.0,52317.0,61725.0,55500.0,55106.0,55038.0,6667.0,5932.0,6324.0,1022.0,3904.0,0
3929,220000.0,1,41,2,1,-1,-1,-1,0,0,-2,35859.0,24599.0,64173.0,52173.0,92494.0,0.0,24599.0,64173.0,52173.0,41958.0,0.0,0.0,0
3930,70000.0,2,26,3,2,-1,0,0,0,-1,-2,11104.0,12834.0,16055.0,12612.0,8500.0,0.0,12834.0,1349.0,8205.0,5042.0,0.0,0.0,0
3931,50000.0,1,32,1,2,-1,0,0,0,0,0,17390.0,21218.0,23527.0,13275.0,21352.0,21206.0,21218.0,3190.0,3639.0,412.0,1081.0,959.0,0
3932,140000.0,1,29,3,2,0,0,0,0,0,-1,104394.0,105143.0,96756.0,105199.0,91057.0,82963.0,10646.0,1688.0,26220.0,7667.0,10597.0,82963.0,0
3933,90000.0,1,49,1,1,0,0,-2,0,0,0,53557.0,48272.0,0.0,48218.0,46040.0,44348.0,7002.0,0.0,3498.0,3648.0,14758.0,7973.0,0
3934,280000.0,1,46,1,1,-1,-1,0,0,-1,1,199372.0,198674.0,188901.0,194398.0,184059.0,195739.0,198674.0,188901.0,40895.0,24468.0,195739.0,11127.0,0
3935,90000.0,2,35,1,1,2,3,2,3,2,1,73811.0,93735.0,78607.0,81755.0,69847.0,73435.0,66.0,941.0,871.0,568.0,47.0,1298.0,1
3936,70000.0,2,27,1,2,0,0,1,0,0,0,35148.0,42867.0,28420.0,28672.0,32284.0,32810.0,4043.0,2118.0,114.0,2222.0,1845.0,2667.0,1
3937,100000.0,1,29,2,1,0,-1,-1,0,-1,0,49696.0,55840.0,48136.0,60408.0,54201.0,50189.0,12995.0,48136.0,60408.0,16059.0,50189.0,9860.0,0
3938,40000.0,2,27,2,1,0,0,0,0,-2,0,20964.0,21316.0,20378.0,16061.0,0.0,20710.0,2490.0,1713.0,467.0,0.0,6322.0,5055.0,0
3939,170000.0,2,33,1,2,-1,0,0,0,-1,2,37914.0,47730.0,18757.0,54563.0,26027.0,39888.0,47730.0,3519.0,24316.0,12650.0,39888.0,1704.0,0
3940,190000.0,1,59,1,1,-1,-2,0,0,0,0,34015.0,0.0,43807.0,56787.0,42769.0,52894.0,0.0,10565.0,6399.0,7795.0,17260.0,6712.0,0
3941,140000.0,1,33,1,2,4,3,2,0,3,2,101401.0,108559.0,104880.0,115628.0,101022.0,106414.0,1130.0,408.0,353.0,2524.0,935.0,1279.0,1
3942,330000.0,2,34,2,1,0,0,0,0,1,0,109422.0,139809.0,79582.0,104876.0,109233.0,134577.0,9798.0,8357.0,39789.0,21126.0,5369.0,25002.0,1
3943,300000.0,1,37,1,1,-1,1,0,-1,0,-1,39172.0,31390.0,62961.0,104640.0,51721.0,55801.0,31390.0,2552.0,62106.0,51721.0,9051.0,55801.0,0
3944,110000.0,1,41,2,1,0,-1,0,-1,0,0,22329.0,25504.0,20441.0,30088.0,29012.0,28644.0,7564.0,20441.0,1937.0,29012.0,3266.0,7532.0,0
3945,150000.0,2,32,3,1,0,0,0,-1,0,0,25497.0,9322.0,37037.0,-2056.0,24531.0,11064.0,1459.0,20011.0,0.0,24531.0,4581.0,5490.0,0
3946,210000.0,2,30,1,1,4,3,2,1,0,1,171339.0,150819.0,199549.0,146125.0,142569.0,155677.0,883.0,881.0,636.0,2031.0,4257.0,643.0,0
3947,120000.0,2,26,1,1,0,-1,0,-1,-1,-1,30679.0,43078.0,26324.0,28792.0,38128.0,19065.0,9928.0,26324.0,12840.0,38128.0,19065.0,19065.0,0
3948,60000.0,2,33,1,2,-1,0,-2,0,-1,0,27825.0,19215.0,0.0,22228.0,18941.0,18337.0,19215.0,0.0,4876.0,6179.0,18337.0,6760.0,0
3949,50000.0,1,34,3,1,2,1,0,0,0,2,33961.0,38487.0,25482.0,27623.0,31268.0,32487.0,143.0,1469.0,1381.0,353.0,637.0,357.0,1
3950,610000.0,1,32,1,1,0,-1,3,2,1,0,195765.0,271035.0,228436.0,241898.0,199883.0,255063.0,86893.0,228436.0,12754.0,13209.0,19947.0,83608.0,0
3951,90000.0,1,38,3,1,-1,0,-1,0,-1,0,14158.0,8404.0,13199.0,16637.0,9829.0,16657.0,8404.0,1366.0,16637.0,5154.0,16657.0,9847.0,0
3952,230000.0,2,30,1,2,0,0,0,0,-1,-1,66602.0,48705.0,72503.0,40181.0,97047.0,85241.0,24097.0,33403.0,4221.0,40429.0,85241.0,85241.0,0
3953,540000.0,2,35,1,2,0,-1,-1,-1,-1,-1,105627.0,70092.0,32374.0,58348.0,176091.0,72094.0,30646.0,32374.0,58348.0,176091.0,72094.0,72094.0,0
3954,80000.0,1,46,2,1,-1,1,2,0,-1,1,47057.0,31099.0,44498.0,46452.0,36691.0,41270.0,31099.0,4133.0,2362.0,7619.0,41270.0,420.0,1
3955,260000.0,1,40,2,1,0,0,2,1,-1,0,-5200.0,50821.0,51225.0,13107.0,24329.0,31831.0,7965.0,23526.0,374.0,1601.0,31831.0,5745.0,0
3956,30000.0,1,34,1,2,1,0,1,0,3,2,15830.0,16461.0,16017.0,13638.0,15208.0,18398.0,601.0,268.0,145.0,157.0,568.0,159.0,0
3957,60000.0,1,45,2,2,0,-1,-1,0,0,-2,18170.0,15345.0,19047.0,21800.0,17920.0,0.0,11519.0,19047.0,21800.0,4848.0,0.0,0.0,0
3958,40000.0,2,39,1,1,0,0,0,0,0,0,15130.0,13665.0,13177.0,12383.0,12381.0,9610.0,3296.0,1945.0,1146.0,2255.0,1374.0,1752.0,0
3959,80000.0,2,34,3,1,0,0,0,0,1,0,26733.0,28035.0,16117.0,28305.0,22641.0,24324.0,1854.0,3477.0,598.0,1655.0,689.0,2558.0,0
3960,120000.0,1,37,2,2,0,1,0,0,0,0,84630.0,104744.0,84948.0,110570.0,109152.0,94463.0,13841.0,624.0,1014.0,5523.0,10927.0,7081.0,0
3961,50000.0,2,27,3,2,0,0,1,0,-2,1,45936.0,44560.0,49614.0,47291.0,0.0,43921.0,484.0,335.0,62.0,0.0,491.0,484.0,0
3962,70000.0,2,26,2,2,2,0,0,0,0,0,57366.0,56492.0,47157.0,43888.0,39051.0,50179.0,2137.0,1815.0,1770.0,18205.0,2488.0,2888.0,1
3963,770000.0,1,24,2,2,-1,-1,-1,-2,0,-1,122430.0,275398.0,119474.0,0.0,192129.0,149920.0,275398.0,119474.0,0.0,119392.0,103731.0,149920.0,0
3964,110000.0,2,33,3,2,0,1,0,0,0,-1,37573.0,37702.0,49663.0,26981.0,33128.0,37690.0,7823.0,3562.0,3640.0,6243.0,9071.0,37690.0,0
3965,150000.0,2,26,2,2,1,0,3,2,0,0,101556.0,103605.0,114985.0,110831.0,95408.0,90627.0,462.0,29745.0,280.0,3498.0,20419.0,7054.0,0
3966,90000.0,2,34,1,1,-1,-1,0,0,0,0,28614.0,27570.0,25245.0,24241.0,18907.0,26383.0,27570.0,25245.0,11996.0,1820.0,4164.0,12815.0,0
3967,60000.0,1,31,2,2,-1,0,0,0,0,0,7037.0,8885.0,14960.0,-1200.0,5766.0,8360.0,8885.0,2193.0,0.0,1179.0,3898.0,1419.0,1
3968,190000.0,1,34,1,1,0,0,-1,-1,-1,-1,1739.0,47460.0,40484.0,25283.0,-3800.0,1806.0,29422.0,19491.0,25283.0,0.0,1806.0,1806.0,0
3969,100000.0,1,43,2,1,0,0,0,0,0,0,28552.0,3463.0,33161.0,31478.0,19596.0,27794.0,134.0,1503.0,1824.0,2169.0,1088.0,3071.0,0
3970,110000.0,2,39,0,2,0,0,-1,0,0,0,82675.0,80979.0,86888.0,65579.0,78538.0,65467.0,33365.0,9533.0,65579.0,10340.0,10898.0,31496.0,0
3971,90000.0,2,29,2,2,1,0,0,-1,0,-2,33073.0,6117.0,22419.0,17890.0,29223.0,0.0,50.0,8615.0,2122.0,29223.0,0.0,0.0,0
3972,30000.0,1,47,3,1,-1,-1,-1,-1,0,0,4852.0,6197.0,2948.0,4632.0,8468.0,4338.0,6197.0,2948.0,4632.0,8468.0,2832.0,775.0,0
3973,130000.0,2,23,2,2,-1,0,0,-1,0,1,20932.0,38473.0,37942.0,70843.0,47393.0,40855.0,38473.0,3044.0,6126.0,47393.0,3500.0,1615.0,0
3974,220000.0,1,45,1,1,0,0,-2,0,-2,0,21104.0,-4400.0,0.0,21025.0,0.0,7414.0,0.0,0.0,2827.0,0.0,2662.0,2425.0,0
3975,230000.0,2,32,1,2,0,-1,0,0,-1,1,55091.0,100355.0,83036.0,47141.0,59124.0,92533.0,51817.0,83036.0,11015.0,10685.0,92533.0,8441.0,0
3976,280000.0,2,39,1,2,-1,-1,-2,-1,-1,0,31034.0,93105.0,0.0,72436.0,65295.0,87357.0,93105.0,0.0,15890.0,65295.0,87357.0,21306.0,0
3977,670000.0,2,47,1,2,-1,-1,-1,0,-1,-1,110572.0,58955.0,127940.0,69685.0,45383.0,-13400.0,58955.0,127940.0,69685.0,27956.0,0.0,0.0,0
3978,140000.0,2,41,1,2,-1,0,0,0,-2,-1,78439.0,73062.0,90331.0,86691.0,0.0,83240.0,73062.0,37248.0,3011.0,0.0,4815.0,83240.0,0
3979,170000.0,1,26,1,1,0,0,0,-1,1,0,60891.0,78391.0,102606.0,80499.0,86094.0,58959.0,1282.0,2072.0,7683.0,86094.0,699.0,1318.0,0
3980,310000.0,1,38,2,2,1,-2,0,0,-2,0,44822.0,0.0,48845.0,55691.0,0.0,9220.0,0.0,13285.0,20474.0,0.0,2658.0,2525.0,1
3981,80000.0,2,27,2,1,-1,0,0,0,2,0,16682.0,24122.0,12929.0,23056.0,14723.0,16128.0,24122.0,5095.0,6773.0,974.0,1722.0,8098.0,0
3982,270000.0,2,38,2,1,2,3,2,1,0,-2,152765.0,162861.0,156832.0,137016.0,118888.0,0.0,3165.0,3003.0,722.0,3079.0,0.0,0.0,1
3983,80000.0,1,34,2,2,0,1,0,0,0,0,50821.0,44904.0,41523.0,63003.0,58506.0,55927.0,388.0,343.0,17909.0,5349.0,3161.0,16692.0,0
3984,70000.0,1,41,3,2,2,1,0,0,0,0,48293.0,49876.0,57831.0,42915.0,59104.0,63031.0,189.0,217.0,3601.0,5577.0,1823.0,800.0,0
3985,50000.0,1,29,2,1,0,0,-1,-1,0,0,33639.0,15033.0,25632.0,32327.0,22329.0,29359.0,3411.0,1238.0,32327.0,22329.0,5708.0,3540.0,0
3986,110000.0,1,37,2,1,0,1,0,1,0,-2,56876.0,39359.0,41863.0,54187.0,48323.0,0.0,2677.0,557.0,4506.0,4593.0,0.0,0.0,0
3987,510000.0,1,38,2,1,-1,-1,2,0,0,0,240325.0,247819.0,231950.0,207833.0,165948.0,204159.0,247819.0,231950.0,7518.0,57305.0,79202.0,22400.0,0
3988,570000.0,1,32,1,2,0,0,0,-2,0,0,275381.0,238415.0,317961.0,0.0,193212.0,219759.0,7443.0,11919.0,0.0,9430.0,23211.0,24554.0,1
3989,160000.0,1,27,1,1,0,0,3,2,0,0,123850.0,118458.0,113535.0,122593.0,119861.0,113711.0,1782.0,318.0,628.0,349.0,2813.0,5683.0,0
3990,120000.0,2,30,3,1,0,0,1,0,3,2,38472.0,41950.0,54470.0,35007.0,35815.0,43921.0,3445.0,3108.0,956.0,3315.0,3949.0,1064.0,1
3991,360000.0,2,32,1,1,3,2,1,0,-1,0,162254.0,205689.0,164091.0,197889.0,198125.0,165831.0,3049.0,494.0,7180.0,39059.0,165831.0,22551.0,1
3992,40000.0,2,41,3,2,0,0,0,0,0,0,31729.0,26001.0,28078.0,31637.0,29171.0,27793.0,825.0,1009.0,2143.0,3452.0,1208.0,1009.0,1
3993,90000.0,1,32,2,1,0,0,0,0,0,-2,76880.0,68669.0,83886.0,59468.0,69497.0,0.0,18960.0,10849.0,3985.0,4062.0,0.0,0.0,1
3994,140000.0,2,32,1,1,2,0,2,1,0,-2,52522.0,63448.0,46405.0,39395.0,65582.0,0.0,9333.0,3611.0,1199.0,8291.0,0.0,0.0,0
3995,20000.0,2,23,3,2,0,0,-1,0,0,-2,13163.0,14381.0,9553.0,12078.0,11663.0,0.0,1686.0,666.0,12078.0,533.0,0.0,0.0,0
3996,70000.0,1,38,2,2,-1,0,2,0,0,0,10972.0,15942.0,17556.0,14090.0,17080.0,14850.0,15942.0,5135.0,377.0,8807.0,4387.0,5037.0,0
3997,70000.0,2,33,0,2,3,2,1,0,1,-1,73933.0,61832.0,66212.0,67783.0,57457.0,62957.0,545.0,187.0,678.0,1292.0,364.0,62957.0,1
3998,90000.0,1,30,2,2,0,0,-1,0,0,-1,43674.0,43842.0,44185.0,41922.0,50534.0,46498.0,4364.0,10436.0,41922.0,4511.0,2626.0,46498.0,0
3999,70000.0,1,33,3,2,0,0,-2,0,-1,0,19177.0,14313.0,0.0,14619.0,15461.0,15295.0,1900.0,0.0,2812.0,907.0,15295.0,4420.0,0
4000,20000.0,1,29,2,1,0,0,-2,0,0,0,3589.0,5715.0,0.0,5147.0,5540.0,4575.0,857.0,0.0,266.0,741.0,1194.0,686.0,0
4001,240000.0,2,42,1,2,0,-1,-1,0,-1,-2,56339.0,37732.0,49051.0,13001.0,58305.0,0.0,28872.0,49051.0,13001.0,42549.0,0.0,0.0,0
4002,80000.0,1,31,2,2,1,0,1,-1,0,0,30830.0,43053.0,45466.0,44691.0,38057.0,42994.0,356.0,4355.0,3571.0,38057.0,4127.0,10474.0,1
4003,190000.0,2,49,2,2,2,0,0,2,-1,0,71260.0,52663.0,52955.0,28143.0,65409.0,49095.0,2638.0,8624.0,9046.0,2667.0,49095.0,16705.0,0
4004,150000.0,2,46,3,1,-1,2,1,0,0,0,43316.0,45084.0,52298.0,57428.0,67553.0,24907.0,45084.0,192.0,4496.0,5069.0,3243.0,2345.0,1
4005,80000.0,1,44,3,1,2,1,0,0,2,1,70300.0,74820.0,73881.0,85831.0,71672.0,70430.0,613.0,397.0,3091.0,1861.0,664.0,1000.0,1
4006,250000.0,2,22,3,2,0,0,-1,0,0,0,87978.0,-1298.0,55200.0,46855.0,65222.0,42949.0,0.0,8823.0,46855.0,5296.0,4442.0,14341.0,0
4007,30000.0,1,32,2,2,0,2,1,-1,0,0,17394.0,19376.0,18410.0,16737.0,20087.0,20422.0,1261.0,714.0,1138.0,20087.0,1462.0,2944.0,0
4008,120000.0,1,39,2,1,-1,0,-2,0,-1,0,28722.0,3178.0,0.0,34438.0,49251.0,41752.0,3178.0,0.0,6739.0,2437.0,41752.0,5974.0,0
4009,120000.0,2,36,2,2,3,2,1,0,0,0,78075.0,75500.0,76929.0,86951.0,81194.0,94242.0,645.0,307.0,4832.0,645.0,11653.0,2474.0,1
4010,210000.0,2,27,3,2,0,0,0,0,-1,0,139528.0,147077.0,133983.0,154289.0,170866.0,151414.0,19859.0,13047.0,23783.0,9421.0,151414.0,26669.0,1
4011,100000.0,2,33,2,2,0,0,-1,0,0,-2,71592.0,57871.0,53701.0,57270.0,56151.0,0.0,647.0,1268.0,57270.0,1393.0,0.0,0.0,0
4012,210000.0,1,26,1,2,4,5,4,3,2,1,143829.0,164697.0,160823.0,159906.0,175550.0,127805.0,2253.0,4832.0,1843.0,1907.0,1430.0,1184.0,0
4013,130000.0,1,33,2,1,-1,0,-1,0,-1,-1,19651.0,24915.0,9095.0,15717.0,26502.0,-747.0,24915.0,1807.0,15717.0,3561.0,0.0,0.0,0
4014,500000.0,2,39,2,2,1,2,1,0,0,1,450165.0,317460.0,398283.0,274168.0,378622.0,367374.0,4701.0,4156.0,11375.0,16003.0,3043.0,12191.0,1
4015,60000.0,1,23,3,2,0,-1,0,0,1,-1,21343.0,31987.0,30723.0,31765.0,15355.0,23813.0,11621.0,30723.0,4768.0,7905.0,963.0,23813.0,0
4016,50000.0,2,38,3,2,-1,0,-1,0,0,-1,21981.0,31901.0,23160.0,29289.0,21697.0,21050.0,31901.0,4293.0,29289.0,3008.0,3921.0,21050.0,0
4017,90000.0,1,39,2,1,0,-1,0,-1,-1,0,2809.0,6918.0,17023.0,15134.0,15130.0,10028.0,1332.0,17023.0,6146.0,15130.0,10028.0,3362.0,0
4018,140000.0,1,28,2,2,0,0,5,4,3,2,116973.0,77878.0,100752.0,79430.0,103063.0,109382.0,2012.0,3354.0,827.0,600.0,2073.0,689.0,0
4019,490000.0,2,74,2,2,-1,0,0,0,0,-1,68537.0,80327.0,40942.0,180295.0,95550.0,50523.0,80327.0,4825.0,37218.0,19862.0,9844.0,50523.0,0
4020,20000.0,1,29,2,1,0,0,0,3,2,1,14637.0,14909.0,13764.0,13916.0,14419.0,12655.0,808.0,382.0,972.0,96.0,140.0,87.0,0
4021,50000.0,1,36,2,2,1,0,0,-2,0,0,-1000.0,2703.0,9383.0,0.0,4248.0,13554.0,215.0,2412.0,0.0,391.0,569.0,6220.0,0
4022,210000.0,1,30,3,2,2,1,0,0,0,-2,169090.0,167386.0,151789.0,167605.0,146300.0,0.0,147.0,4492.0,3897.0,16050.0,0.0,0.0,1
4023,80000.0,2,49,3,2,0,0,0,0,0,0,42281.0,50693.0,32593.0,24451.0,44389.0,37932.0,4456.0,4359.0,6596.0,17743.0,4904.0,5977.0,0
4024,90000.0,1,30,1,2,-1,0,1,0,-2,0,32858.0,40961.0,42057.0,28992.0,0.0,35436.0,40961.0,3262.0,1423.0,0.0,3043.0,2545.0,0
4025,110000.0,2,29,1,2,0,-1,-1,0,0,-1,1817.0,18602.0,13719.0,20840.0,30054.0,27277.0,1817.0,13719.0,20840.0,5984.0,9816.0,27277.0,0
4026,70000.0,2,44,6,1,0,0,2,0,-1,0,22027.0,37905.0,50350.0,41262.0,44041.0,36505.0,4048.0,6375.0,835.0,5284.0,36505.0,7587.0,0
4027,50000.0,2,31,2,2,0,1,2,0,0,0,42529.0,46106.0,44648.0,44676.0,37031.0,34840.0,2013.0,44.0,358.0,595.0,811.0,624.0,0
4028,160000.0,2,27,1,2,-2,0,1,0,0,0,0.0,28002.0,35075.0,47790.0,32827.0,57713.0,395.0,4089.0,3868.0,12860.0,26991.0,28690.0,0
4029,60000.0,2,51,3,0,0,0,0,0,2,0,19774.0,23967.0,16999.0,17403.0,12252.0,21355.0,4878.0,981.0,3487.0,1352.0,310.0,1330.0,0
4030,610000.0,1,46,1,2,-1,0,0,-1,0,0,268825.0,328851.0,340515.0,358338.0,304850.0,423424.0,328851.0,43220.0,30326.0,304850.0,120578.0,37095.0,0
4031,20000.0,2,35,2,2,0,0,0,0,0,1,5597.0,5750.0,6542.0,5943.0,7130.0,5907.0,771.0,2955.0,365.0,813.0,3899.0,397.0,1
4032,170000.0,2,35,2,3,-1,-1,-1,0,-1,0,35753.0,21647.0,-724.0,-489.0,6037.0,18384.0,21647.0,0.0,0.0,2187.0,18384.0,7846.0,0
4033,110000.0,1,41,1,1,0,-1,-1,-1,-1,0,37521.0,8263.0,21073.0,21086.0,28889.0,17135.0,1971.0,21073.0,21086.0,28889.0,17135.0,4568.0,0
4034,520000.0,1,34,1,1,0,-1,-1,-1,0,-1,100861.0,116004.0,113239.0,147856.0,88636.0,62208.0,43325.0,113239.0,147856.0,88636.0,26317.0,62208.0,0
4035,80000.0,1,36,1,2,0,4,3,2,1,0,42146.0,42132.0,34284.0,37994.0,33113.0,40853.0,467.0,1408.0,339.0,2176.0,1316.0,2260.0,0
4036,160000.0,1,32,2,2,0,-2,0,0,0,0,32184.0,0.0,7189.0,31891.0,15059.0,18449.0,0.0,2024.0,5135.0,1576.0,1333.0,2345.0,0
4037,490000.0,2,32,1,2,0,-1,0,0,-1,0,111531.0,216430.0,187122.0,153482.0,117460.0,206448.0,72492.0,187122.0,21999.0,9050.0,206448.0,22441.0,0
4038,170000.0,2,33,2,2,0,0,0,0,-1,0,107687.0,106642.0,105714.0,87909.0,105873.0,103840.0,2049.0,24869.0,23967.0,7503.0,103840.0,9499.0,0
4039,100000.0,1,31,1,2,-1,-1,-2,0,-1,0,28008.0,19357.0,0.0,18679.0,17260.0,13495.0,19357.0,0.0,7108.0,13437.0,13495.0,850.0,0
4040,110000.0,2,43,2,2,0,4,5,4,3,2,78879.0,75368.0,68551.0,73039.0,83531.0,77880.0,24086.0,1583.0,1061.0,655.0,368.0,2238.0,1
4041,100000.0,2,38,3,2,-2,-2,2,0,0,0,0.0,0.0,70430.0,53915.0,41544.0,37986.0,0.0,6040.0,709.0,4019.0,3732.0,12060.0,0
4042,250000.0,2,39,3,2,-1,-1,0,0,0,0,88199.0,114554.0,71397.0,140940.0,84783.0,52697.0,114554.0,71397.0,51615.0,45781.0,41165.0,5782.0,0
4043,120000.0,1,30,2,2,0,3,2,1,0,0,80356.0,97246.0,73076.0,93442.0,85415.0,94396.0,4660.0,343.0,1313.0,333.0,1194.0,6148.0,1
4044,160000.0,2,27,2,2,-2,0,-1,0,0,-1,0.0,14255.0,12949.0,27714.0,7466.0,7376.0,3747.0,4877.0,27714.0,5822.0,610.0,7376.0,0
4045,90000.0,2,53,1,2,0,0,0,0,1,2,47417.0,55318.0,42598.0,39327.0,45447.0,42734.0,1331.0,10198.0,672.0,6185.0,1679.0,270.0,0
4046,90000.0,2,35,3,1,0,0,0,-1,0,0,31607.0,31765.0,31212.0,24566.0,29689.0,25420.0,17036.0,2856.0,4211.0,29689.0,7596.0,5146.0,0
4047,270000.0,2,35,2,1,0,0,0,3,2,0,122656.0,99514.0,113466.0,119495.0,88624.0,105980.0,3823.0,34450.0,26960.0,1263.0,460.0,28205.0,0
4048,100000.0,2,39,2,1,0,1,0,0,0,0,37001.0,52096.0,50535.0,53822.0,59785.0,51883.0,5056.0,830.0,4174.0,5376.0,1315.0,6980.0,0
4049,90000.0,2,41,2,2,0,0,0,0,1,0,20143.0,21117.0,30119.0,26600.0,24532.0,21201.0,3386.0,4369.0,2423.0,3188.0,967.0,962.0,0
4050,120000.0,2,34,1,1,0,3,2,-1,-2,0,57498.0,59711.0,74128.0,74851.0,0.0,54826.0,15803.0,1980.0,2020.0,0.0,2361.0,6095.0,0
4051,260000.0,1,36,2,2,0,-1,-2,-1,-1,-1,18057.0,-5200.0,0.0,14171.0,43647.0,14495.0,0.0,0.0,7691.0,43647.0,14495.0,14495.0,0
4052,230000.0,1,34,1,1,0,0,-1,0,-1,-1,26813.0,14198.0,-3555.0,4274.0,22156.0,-4600.0,6556.0,0.0,4274.0,5465.0,0.0,0.0,0
4053,100000.0,1,28,3,2,-1,0,0,1,-1,-1,38677.0,41840.0,22345.0,32781.0,26790.0,26713.0,41840.0,2861.0,871.0,670.0,26713.0,26713.0,1
4054,80000.0,2,44,2,1,0,0,-2,-1,0,-2,62804.0,44953.0,0.0,47694.0,50064.0,0.0,1237.0,0.0,6028.0,50064.0,0.0,0.0,1
4055,60000.0,1,48,1,2,-1,0,0,-2,-1,-2,21032.0,17702.0,23911.0,0.0,24138.0,0.0,17702.0,5375.0,0.0,3179.0,0.0,0.0,0
4056,160000.0,1,25,3,2,3,2,1,0,0,0,97426.0,79690.0,101168.0,80878.0,81169.0,86930.0,741.0,2821.0,4979.0,3559.0,13448.0,736.0,0
4057,80000.0,2,28,2,1,0,0,0,1,0,0,37776.0,44143.0,50454.0,51823.0,41784.0,41379.0,1051.0,1567.0,8603.0,790.0,10816.0,1428.0,1
4058,200000.0,2,31,2,2,-1,-1,-1,0,0,-1,26300.0,47795.0,11168.0,-1048.0,28122.0,38359.0,47795.0,11168.0,0.0,15995.0,24652.0,38359.0,0
4059,170000.0,2,37,2,1,-2,0,0,0,0,1,0.0,90985.0,108334.0,94207.0,116499.0,146934.0,5823.0,15316.0,47757.0,4211.0,7659.0,5382.0,0
4060,70000.0,1,32,2,2,6,5,4,3,2,0,65620.0,50325.0,56656.0,55540.0,63202.0,63097.0,205.0,118.0,224.0,290.0,1355.0,707.0,0
4061,50000.0,1,23,2,2,0,-2,0,-2,0,-1,30049.0,0.0,20105.0,0.0,30072.0,25620.0,0.0,3458.0,0.0,1933.0,4960.0,25620.0,0
4062,340000.0,1,42,1,2,0,-1,0,0,0,0,143533.0,85445.0,98507.0,106883.0,131573.0,96093.0,23359.0,98507.0,41270.0,30768.0,18739.0,20861.0,0
4063,40000.0,2,30,1,1,0,0,0,0,-2,0,24537.0,22193.0,19137.0,20747.0,0.0,22156.0,2912.0,5592.0,1364.0,0.0,1447.0,850.0,1
4064,20000.0,1,33,2,2,0,0,0,0,0,0,14277.0,13806.0,12939.0,12595.0,13769.0,13456.0,1632.0,4017.0,983.0,1807.0,410.0,254.0,0
4065,450000.0,2,29,1,2,-1,0,-1,-1,0,-1,-9000.0,79065.0,80016.0,2445.0,-685.0,62503.0,79065.0,76044.0,2445.0,0.0,41600.0,62503.0,0
4066,70000.0,2,39,2,1,0,0,-1,0,0,0,22011.0,20122.0,31505.0,25287.0,33398.0,30056.0,1715.0,2149.0,25287.0,973.0,4269.0,942.0,0
4067,90000.0,1,32,3,2,0,0,-1,-1,0,-1,23461.0,24728.0,10446.0,-1800.0,20008.0,3428.0,9713.0,2204.0,0.0,20008.0,703.0,3428.0,0
4068,180000.0,2,35,3,2,1,0,-2,0,1,0,84110.0,87448.0,0.0,65208.0,61703.0,66316.0,3547.0,0.0,1994.0,3373.0,4632.0,5558.0,0
4069,380000.0,1,39,3,1,-1,-1,0,0,-1,0,69395.0,79470.0,42723.0,55435.0,106968.0,86115.0,79470.0,42723.0,5536.0,27927.0,86115.0,22748.0,0
4070,80000.0,2,30,1,2,-2,0,0,0,0,0,0.0,51600.0,53499.0,43784.0,61154.0,49669.0,4341.0,9725.0,5567.0,3528.0,2844.0,2443.0,1
4071,70000.0,2,27,3,2,1,0,0,0,0,0,42391.0,42101.0,34308.0,50569.0,39222.0,37842.0,3653.0,2412.0,11812.0,14231.0,2716.0,9079.0,0
4072,270000.0,2,24,1,2,0,-1,0,-1,0,0,178810.0,159442.0,159358.0,105873.0,117322.0,119856.0,25386.0,159358.0,5411.0,117322.0,15410.0,1985.0,1
4073,70000.0,2,25,3,2,-2,1,0,0,0,0,0.0,20998.0,21461.0,25781.0,20661.0,28394.0,4912.0,1051.0,3337.0,2755.0,2742.0,1535.0,0
4074,70000.0,2,35,2,1,0,-1,0,0,0,-1,29026.0,35571.0,27116.0,22577.0,35321.0,32383.0,2378.0,27116.0,1239.0,9869.0,2949.0,32383.0,0
4075,170000.0,1,36,3,2,0,0,-1,0,-1,0,9406.0,22839.0,6442.0,30402.0,31469.0,35033.0,9370.0,1922.0,30402.0,6091.0,35033.0,8247.0,0
4076,40000.0,1,38,5,1,0,0,0,0,-2,0,18686.0,20224.0,18654.0,15038.0,0.0,19321.0,1926.0,1253.0,569.0,0.0,5046.0,1254.0,1
4077,230000.0,2,35,2,2,0,0,0,-1,1,0,154359.0,131317.0,125461.0,106005.0,130154.0,134440.0,2956.0,22897.0,6814.0,130154.0,1655.0,15744.0,0
4078,150000.0,2,34,1,1,2,-2,-1,4,3,2,100212.0,0.0,89287.0,80165.0,88458.0,82880.0,0.0,3455.0,80165.0,969.0,516.0,303.0,1
4079,80000.0,2,28,3,2,0,-2,0,0,0,-1,-1600.0,0.0,577.0,23430.0,13681.0,14127.0,0.0,72.0,3881.0,2354.0,2950.0,14127.0,0
4080,110000.0,2,45,1,2,2,0,0,-1,0,0,90008.0,70318.0,67570.0,55734.0,70932.0,74933.0,1939.0,3649.0,1082.0,70932.0,4446.0,11453.0,1
4081,160000.0,1,49,1,3,0,-1,-1,0,0,-2,69668.0,52729.0,72205.0,60845.0,78038.0,0.0,18660.0,72205.0,60845.0,28696.0,0.0,0.0,0
4082,240000.0,2,37,2,2,-2,0,0,0,0,1,0.0,88381.0,123028.0,91376.0,46973.0,63584.0,5241.0,13241.0,9982.0,11419.0,4916.0,189.0,0
4083,190000.0,1,35,1,1,2,0,0,0,-1,-1,62012.0,70195.0,39117.0,68661.0,82768.0,75295.0,3596.0,10280.0,20134.0,13006.0,75295.0,75295.0,0
4084,310000.0,2,54,2,1,0,0,0,-1,0,0,176993.0,202537.0,189504.0,195880.0,207727.0,216089.0,5735.0,57127.0,13268.0,207727.0,20670.0,25777.0,0
4085,230000.0,1,32,1,2,-1,-1,-1,-2,0,-1,77490.0,64400.0,65555.0,0.0,68001.0,67204.0,64400.0,65555.0,0.0,5530.0,5312.0,67204.0,0
4086,100000.0,1,43,2,2,0,0,0,0,1,0,102779.0,93152.0,91964.0,84462.0,90099.0,81002.0,7123.0,4435.0,2165.0,5448.0,187.0,1024.0,1
4087,60000.0,1,23,3,2,3,2,0,0,0,0,38514.0,41983.0,37853.0,41972.0,47555.0,48394.0,2669.0,247.0,6940.0,2556.0,2152.0,2480.0,0
4088,80000.0,1,24,3,2,-1,0,0,0,1,0,31016.0,43607.0,31776.0,33849.0,31595.0,38420.0,43607.0,4642.0,3354.0,5548.0,626.0,19037.0,0
4089,70000.0,2,41,3,2,-2,0,2,1,0,0,0.0,31828.0,32822.0,38810.0,34629.0,45696.0,9458.0,6885.0,1694.0,724.0,14215.0,2785.0,1
4090,290000.0,1,32,2,1,2,0,0,0,0,0,170504.0,155849.0,131586.0,137499.0,176552.0,199598.0,6344.0,44562.0,47997.0,41114.0,17860.0,40791.0,0
4091,50000.0,1,38,2,2,-2,0,0,-2,0,0,0.0,29344.0,29797.0,0.0,20467.0,24298.0,3474.0,3039.0,0.0,1153.0,4664.0,519.0,1
4092,370000.0,2,33,2,1,0,3,2,0,0,0,137638.0,178672.0,157029.0,180978.0,129054.0,145267.0,19688.0,4920.0,5999.0,16856.0,3912.0,3369.0,0
4093,50000.0,2,28,3,1,1,0,0,0,0,0,34304.0,31736.0,28929.0,30653.0,27441.0,24239.0,1306.0,8745.0,1959.0,11890.0,3280.0,3062.0,0
4094,90000.0,1,34,1,2,1,-1,0,0,0,0,31482.0,43968.0,23865.0,23958.0,13351.0,35191.0,2480.0,23865.0,1781.0,4050.0,13063.0,12654.0,0
4095,160000.0,2,36,1,1,0,-1,-1,-1,-1,-1,21773.0,42995.0,39947.0,34175.0,13693.0,11894.0,28426.0,39947.0,34175.0,13693.0,11894.0,11894.0,0
4096,60000.0,1,33,1,1,-2,0,-2,0,-1,0,0.0,30013.0,0.0,14628.0,27246.0,27164.0,9561.0,0.0,1493.0,13881.0,27164.0,12872.0,0
4097,330000.0,1,28,2,2,0,-2,-1,0,-1,-1,42090.0,0.0,65154.0,53401.0,8382.0,47115.0,0.0,27821.0,53401.0,4638.0,47115.0,47115.0,0
4098,510000.0,1,36,1,2,0,0,0,0,0,0,235489.0,332989.0,179483.0,294318.0,247457.0,274709.0,48238.0,9718.0,49515.0,15504.0,18967.0,44893.0,0
4099,300000.0,1,33,2,2,-1,-1,-1,0,0,-2,42691.0,48885.0,29434.0,37755.0,53831.0,0.0,48885.0,29434.0,37755.0,17394.0,0.0,0.0,0
4100,510000.0,2,29,1,2,0,-1,-1,0,-1,0,77690.0,11720.0,106642.0,80026.0,48611.0,38827.0,3389.0,106642.0,80026.0,18193.0,38827.0,9878.0,0
4101,280000.0,1,38,2,2,-1,0,-2,0,-2,-1,-1737.0,11434.0,0.0,65121.0,0.0,73912.0,11434.0,0.0,14581.0,0.0,6397.0,73912.0,1
4102,30000.0,2,29,2,2,0,0,0,3,2,0,18412.0,25132.0,25950.0,26251.0,25461.0,25612.0,2222.0,1853.0,3689.0,64.0,70.0,1543.0,1
4103,170000.0,2,31,2,2,-1,-1,-1,-1,-1,-1,30396.0,54986.0,41897.0,49291.0,29707.0,30931.0,54986.0,41897.0,49291.0,29707.0,30931.0,30931.0,0
4104,70000.0,2,32,2,1,0,0,0,0,0,0,30114.0,27713.0,30294.0,26443.0,24806.0,30265.0,7489.0,11154.0,2162.0,4279.0,2507.0,5177.0,0
4105,200000.0,2,32,2,2,0,0,0,0,0,1,174551.0,165923.0,135621.0,134333.0,130368.0,135309.0,4928.0,16926.0,17151.0,3405.0,5735.0,7616.0,0
4106,140000.0,1,66,2,2,-1,-1,-1,-1,-1,0,16179.0,29910.0,3025.0,28068.0,19686.0,2129.0,29910.0,3025.0,28068.0,19686.0,2129.0,1270.0,0
4107,90000.0,1,38,2,2,2,0,0,0,1,2,43517.0,54364.0,60884.0,56729.0,55225.0,51887.0,1858.0,10289.0,12070.0,2551.0,1364.0,6002.0,0
4108,120000.0,1,66,1,2,-1,-1,0,-1,0,-1,12309.0,17296.0,13102.0,-2400.0,7535.0,23505.0,17296.0,13102.0,0.0,7535.0,9647.0,23505.0,0
4109,160000.0,2,30,2,2,0,-2,-2,0,0,0,46616.0,0.0,0.0,48221.0,71015.0,70383.0,0.0,0.0,12678.0,9521.0,4439.0,6190.0,0
4110,380000.0,1,43,1,2,0,-1,-1,-1,0,-1,775.0,53733.0,21630.0,23707.0,68204.0,54092.0,8179.0,21630.0,23707.0,68204.0,30396.0,54092.0,0
4111,40000.0,1,30,3,1,0,-1,0,0,0,0,20053.0,13573.0,18741.0,20529.0,18859.0,18098.0,2981.0,18741.0,3073.0,406.0,3315.0,3010.0,1
4112,120000.0,2,42,3,1,0,-2,-2,0,0,0,57599.0,0.0,0.0,42653.0,45255.0,39731.0,0.0,0.0,11428.0,1583.0,3690.0,7236.0,0
4113,220000.0,2,35,1,1,7,6,5,4,3,2,171556.0,164444.0,145195.0,165016.0,159484.0,179978.0,1844.0,4765.0,469.0,1151.0,4450.0,3693.0,0
4114,150000.0,2,33,1,2,0,-1,0,-1,0,0,58229.0,65295.0,44291.0,42405.0,64122.0,41883.0,7844.0,44291.0,21733.0,64122.0,8944.0,5585.0,0
4115,100000.0,1,37,2,1,0,0,0,0,-2,0,87275.0,78353.0,74838.0,80900.0,0.0,83509.0,3517.0,1861.0,2624.0,0.0,2818.0,1659.0,0
4116,270000.0,1,40,2,1,0,0,1,0,0,0,219478.0,176639.0,239669.0,262051.0,219895.0,230076.0,13832.0,8740.0,2775.0,25900.0,12739.0,9175.0,0
4117,270000.0,2,30,2,1,0,-2,0,0,-1,0,46099.0,0.0,18896.0,59357.0,37080.0,6540.0,0.0,8992.0,28232.0,5845.0,6540.0,3890.0,0
4118,300000.0,1,43,1,1,0,0,-1,0,-2,-1,87469.0,61098.0,102807.0,108792.0,0.0,93708.0,5537.0,25388.0,108792.0,0.0,25044.0,93708.0,0
4119,170000.0,1,26,2,2,-1,0,1,0,0,0,76358.0,92800.0,74438.0,69678.0,80664.0,76929.0,92800.0,4327.0,2136.0,14242.0,1086.0,26493.0,0
4120,190000.0,2,35,2,2,0,3,4,3,2,1,169947.0,136248.0,156491.0,149660.0,160960.0,140405.0,1792.0,933.0,11302.0,1944.0,915.0,739.0,0
4121,70000.0,1,27,2,2,0,3,2,1,-1,0,47892.0,43385.0,45427.0,52469.0,39655.0,50933.0,2130.0,435.0,1700.0,47.0,50933.0,900.0,0
4122,160000.0,2,36,1,2,0,0,0,0,0,-1,16193.0,20212.0,31801.0,25820.0,26080.0,21903.0,2210.0,5547.0,4481.0,9375.0,3134.0,21903.0,0
4123,120000.0,1,36,2,1,-1,0,-1,0,0,0,48612.0,29497.0,35660.0,27650.0,47181.0,34380.0,29497.0,4733.0,27650.0,12964.0,2506.0,3958.0,1
4124,80000.0,2,34,1,1,0,0,0,3,2,1,65032.0,52691.0,51387.0,62134.0,52815.0,59503.0,5850.0,3558.0,2054.0,3491.0,1594.0,486.0,1
4125,160000.0,2,41,3,2,-1,-1,-1,0,-1,0,29155.0,20207.0,46357.0,38945.0,35207.0,13094.0,20207.0,46357.0,38945.0,14228.0,13094.0,3448.0,0
4126,490000.0,2,48,2,1,2,1,0,-1,-2,0,279313.0,224018.0,235193.0,181802.0,0.0,182050.0,5915.0,13908.0,12229.0,0.0,37634.0,21434.0,0
4127,470000.0,2,36,2,2,0,0,0,0,0,0,171974.0,119491.0,250975.0,145893.0,173977.0,117146.0,13757.0,57831.0,16001.0,63807.0,5840.0,30396.0,0
4128,90000.0,1,29,2,2,0,0,0,0,0,2,13878.0,20606.0,15772.0,24623.0,17826.0,22315.0,4151.0,5084.0,7218.0,2541.0,1907.0,1437.0,0
4129,60000.0,2,34,3,2,2,1,2,1,2,0,55073.0,56051.0,60301.0,49582.0,49595.0,58861.0,253.0,78.0,198.0,40.0,105.0,1359.0,1
4130,90000.0,2,31,1,1,2,1,0,-1,0,0,39296.0,29362.0,33540.0,34741.0,42167.0,46810.0,424.0,972.0,2935.0,42167.0,2629.0,3064.0,1
4131,170000.0,1,29,2,2,3,2,1,2,1,0,134574.0,137994.0,123578.0,139818.0,134685.0,128162.0,413.0,558.0,226.0,260.0,86.0,2289.0,1
4132,80000.0,2,32,3,2,0,0,0,0,0,-1,40199.0,28047.0,29087.0,41751.0,38112.0,31006.0,661.0,2896.0,4465.0,1593.0,682.0,31006.0,1
4133,180000.0,2,31,3,2,0,0,0,0,3,2,117511.0,148945.0,123114.0,160763.0,125818.0,111560.0,36659.0,8999.0,4539.0,4004.0,406.0,992.0,0
4134,50000.0,2,30,2,1,-1,2,0,0,0,0,14445.0,17654.0,11478.0,13672.0,12571.0,16092.0,17654.0,296.0,1214.0,1601.0,2164.0,6431.0,0
4135,140000.0,2,43,2,2,0,0,-1,0,0,0,38318.0,27855.0,52455.0,37549.0,35831.0,40351.0,18925.0,23463.0,37549.0,6716.0,7866.0,6455.0,0
4136,50000.0,2,34,3,2,0,0,0,0,0,0,25595.0,19131.0,25917.0,27559.0,30580.0,22084.0,865.0,763.0,2277.0,725.0,2654.0,3659.0,0
4137,200000.0,2,37,1,2,1,-2,0,-1,0,0,73414.0,0.0,55293.0,93617.0,70213.0,63201.0,0.0,10753.0,17218.0,70213.0,40183.0,16198.0,0
4138,130000.0,2,28,1,2,-1,0,-1,0,0,0,26191.0,27896.0,33293.0,29851.0,37042.0,28382.0,27896.0,21524.0,29851.0,12722.0,13021.0,4595.0,0
4139,30000.0,2,40,2,1,4,5,4,3,2,1,24646.0,23032.0,29397.0,25754.0,31663.0,23867.0,14.0,74.0,46.0,619.0,55.0,91.0,1
4140,180000.0,2,27,2,1,3,2,1,2,1,2,163692.0,167569.0,145769.0,155064.0,162746.0,157502.0,714.0,1646.0,1260.0,610.0,6571.0,1819.0,1
4141,120000.0,2,34,2,2,-1,0,0,0,-1,0,53938.0,56666.0,55529.0,57359.0,65298.0,45929.0,56666.0,1618.0,4708.0,3403.0,45929.0,2292.0,0
4142,120000.0,1,29,2,2,0,-1,0,1,-1,-1,43140.0,47916.0,44230.0,47233.0,37914.0,32907.0,18334.0,44230.0,1286.0,1397.0,32907.0,32907.0,0
4143,70000.0,1,23,3,2,-2,2,0,0,0,0,0.0,33921.0,23423.0,37456.0,36316.0,34378.0,1978.0,613.0,3792.0,9454.0,1117.0,2736.0,0
4144,60000.0,1,33,2,2,0,0,-1,0,0,0,36628.0,25373.0,28791.0,23790.0,25036.0,30386.0,4402.0,2185.0,23790.0,6958.0,705.0,20106.0,0
4145,170000.0,1,35,1,1,1,0,-1,-1,0,0,44305.0,44587.0,44247.0,69787.0,81616.0,39479.0,697.0,1401.0,69787.0,81616.0,1181.0,4463.0,0
4146,130000.0,1,27,3,2,-1,0,0,0,0,0,82356.0,65417.0,72969.0,88661.0,48509.0,59758.0,65417.0,15545.0,15895.0,2565.0,3201.0,5814.0,0
4147,470000.0,2,28,1,1,0,-1,0,-1,1,0,15373.0,92342.0,139247.0,44703.0,115281.0,60393.0,30528.0,139247.0,4581.0,115281.0,869.0,1631.0,0
4148,110000.0,2,47,3,1,2,1,0,-1,1,0,81494.0,69581.0,61370.0,83309.0,82090.0,71399.0,962.0,740.0,2159.0,82090.0,560.0,8298.0,0
4149,70000.0,2,29,2,2,2,1,0,2,3,2,52764.0,50343.0,61770.0,52435.0,68755.0,52840.0,139.0,344.0,115.0,101.0,72.0,224.0,0
4150,180000.0,1,29,3,1,0,0,0,0,-1,0,80139.0,78275.0,84858.0,88232.0,76636.0,86254.0,25683.0,17941.0,8767.0,25643.0,86254.0,13945.0,1
4151,90000.0,2,25,2,2,0,0,0,0,0,-2,28289.0,20980.0,10235.0,13586.0,14530.0,0.0,1112.0,2734.0,1055.0,736.0,0.0,0.0,0
4152,130000.0,1,29,1,2,0,0,0,0,0,-1,53318.0,39974.0,32837.0,38923.0,33933.0,46151.0,3462.0,6448.0,1029.0,1071.0,13951.0,46151.0,0
4153,110000.0,2,32,2,2,2,3,2,1,2,1,67849.0,60430.0,56151.0,69271.0,76110.0,60595.0,1480.0,2131.0,566.0,2609.0,3036.0,7654.0,1
4154,180000.0,1,38,2,2,1,0,0,-1,-1,0,40713.0,34648.0,19579.0,48986.0,11349.0,24744.0,3021.0,5904.0,17824.0,11349.0,24744.0,15130.0,0
4155,70000.0,1,32,1,2,2,0,4,3,2,1,55725.0,55737.0,56195.0,52245.0,50645.0,45288.0,525.0,619.0,265.0,148.0,554.0,919.0,1
4156,170000.0,2,34,1,1,0,0,2,0,0,0,75106.0,92285.0,101969.0,75867.0,81908.0,110592.0,13356.0,2724.0,3356.0,15173.0,14993.0,5224.0,0
4157,170000.0,1,42,1,1,-1,0,0,0,-1,-1,18978.0,42879.0,20002.0,-1949.0,52080.0,38501.0,42879.0,9040.0,0.0,29445.0,38501.0,38501.0,1
4158,110000.0,2,28,1,1,0,-1,0,0,1,0,59092.0,45126.0,52147.0,59487.0,48717.0,51725.0,10744.0,52147.0,3880.0,11162.0,1102.0,5390.0,0
4159,540000.0,2,39,1,1,2,1,0,0,-2,0,294578.0,252869.0,273093.0,293323.0,0.0,292543.0,3890.0,16062.0,22776.0,0.0,39660.0,18935.0,1
4160,30000.0,1,36,3,1,0,3,2,0,3,2,24926.0,29660.0,24159.0,24131.0,30172.0,25864.0,1352.0,455.0,504.0,1444.0,265.0,322.0,1
4161,80000.0,1,32,3,3,0,-2,0,-1,-2,0,26721.0,0.0,12664.0,14635.0,0.0,18254.0,0.0,979.0,928.0,0.0,1184.0,6729.0,0
4162,130000.0,1,34,6,2,-1,0,2,0,0,2,98429.0,127408.0,109613.0,111078.0,108371.0,103778.0,127408.0,14328.0,476.0,38121.0,17527.0,3454.0,0
4163,130000.0,2,36,2,1,1,0,-2,-1,-1,0,78598.0,63009.0,0.0,64632.0,77593.0,70493.0,3316.0,0.0,16982.0,77593.0,70493.0,10485.0,1
4164,330000.0,1,38,2,2,0,-1,0,0,0,-1,92358.0,111438.0,128352.0,66812.0,93018.0,105563.0,45103.0,128352.0,5659.0,33613.0,7138.0,105563.0,0
4165,40000.0,1,40,1,2,0,0,0,-1,0,0,37777.0,28957.0,30513.0,30185.0,29392.0,27953.0,2436.0,4483.0,2424.0,29392.0,6378.0,5911.0,0
4166,150000.0,2,46,1,1,-1,0,0,-1,-1,0,26604.0,24834.0,13637.0,19140.0,26132.0,15306.0,24834.0,938.0,6782.0,26132.0,15306.0,7387.0,0
4167,60000.0,1,32,2,2,1,0,0,0,0,0,20032.0,21040.0,30758.0,16283.0,26214.0,18471.0,567.0,5828.0,564.0,3704.0,1195.0,2767.0,1
4168,40000.0,2,25,2,2,-1,0,0,0,1,0,15856.0,15725.0,16570.0,12225.0,9190.0,12685.0,15725.0,6081.0,4251.0,2254.0,691.0,1250.0,0
4169,70000.0,2,26,2,2,1,2,1,2,0,0,57037.0,51466.0,64125.0,43425.0,58019.0,50009.0,773.0,2349.0,380.0,902.0,4332.0,6278.0,1
4170,180000.0,2,49,2,1,0,0,0,1,0,0,135095.0,124595.0,119599.0,92188.0,107942.0,138025.0,8770.0,3867.0,4975.0,3130.0,8136.0,4032.0,0
4171,80000.0,2,24,2,2,2,0,0,-2,-2,0,15440.0,16882.0,15241.0,0.0,0.0,27898.0,279.0,619.0,0.0,0.0,2194.0,8209.0,1
4172,420000.0,2,33,2,1,0,4,3,2,-1,-1,92562.0,66821.0,82350.0,115684.0,105282.0,78536.0,12681.0,2091.0,3494.0,3985.0,78536.0,78536.0,0
4173,60000.0,1,36,1,1,3,2,1,2,1,0,57495.0,50019.0,54927.0,51598.0,45231.0,55640.0,267.0,693.0,822.0,847.0,65.0,1052.0,1
4174,160000.0,2,41,2,1,0,0,-1,-1,-1,-2,78941.0,37619.0,53632.0,46125.0,57040.0,0.0,7692.0,29810.0,46125.0,57040.0,0.0,0.0,0
4175,100000.0,1,28,3,2,1,-2,0,-1,-1,0,62247.0,0.0,52241.0,51738.0,72990.0,62520.0,0.0,2980.0,754.0,72990.0,62520.0,6853.0,1
4176,90000.0,1,30,3,1,0,0,0,0,-1,0,40910.0,37754.0,47693.0,55759.0,38386.0,46450.0,2083.0,13435.0,2648.0,1757.0,46450.0,2147.0,0
4177,120000.0,1,28,3,1,1,0,0,0,0,0,62422.0,75986.0,73001.0,71906.0,70794.0,79530.0,570.0,6800.0,5984.0,6377.0,9786.0,13282.0,0
4178,120000.0,1,51,2,2,0,-1,0,0,-2,0,15548.0,16271.0,20138.0,20455.0,0.0,23530.0,5285.0,20138.0,4690.0,0.0,1808.0,5870.0,0
4179,160000.0,1,32,2,1,0,-1,-1,0,-1,-1,28445.0,-746.0,32531.0,20655.0,14982.0,15323.0,0.0,32531.0,20655.0,5301.0,15323.0,15323.0,0
4180,120000.0,1,26,1,2,-1,-1,-1,0,0,0,22823.0,15890.0,25812.0,17907.0,17595.0,35437.0,15890.0,25812.0,17907.0,9170.0,16517.0,13251.0,1
4181,90000.0,2,45,2,1,4,3,2,1,-2,0,53151.0,63952.0,72419.0,85077.0,0.0,76337.0,619.0,542.0,425.0,0.0,3122.0,3186.0,1
4182,60000.0,1,36,2,1,-1,0,0,1,-1,1,35113.0,26229.0,23226.0,21975.0,21492.0,27915.0,26229.0,7592.0,1571.0,247.0,27915.0,1112.0,0
4183,60000.0,1,34,3,2,0,-1,0,0,0,0,24512.0,28291.0,28199.0,42727.0,33859.0,34367.0,1100.0,28199.0,4490.0,1243.0,1391.0,9515.0,0
4184,140000.0,2,34,3,1,0,0,-1,0,0,-1,66733.0,63537.0,51645.0,59210.0,55131.0,74598.0,3360.0,5686.0,59210.0,3185.0,22981.0,74598.0,0
4185,120000.0,1,33,1,2,0,0,0,0,0,1,70988.0,64830.0,91016.0,72888.0,64724.0,59283.0,2282.0,6459.0,17610.0,1339.0,2098.0,3337.0,1
4186,310000.0,2,46,1,2,-1,-1,-1,-1,-2,0,28190.0,108624.0,36169.0,68279.0,0.0,26578.0,108624.0,36169.0,68279.0,0.0,8763.0,10435.0,0
4187,90000.0,1,24,2,2,0,0,0,0,0,-1,79456.0,55048.0,59861.0,71211.0,74409.0,62565.0,2848.0,5117.0,6778.0,17708.0,507.0,62565.0,0
4188,120000.0,2,40,2,1,-1,-2,0,0,-1,0,80034.0,0.0,102385.0,80255.0,84992.0,86935.0,0.0,17981.0,7387.0,18718.0,86935.0,10222.0,0
4189,380000.0,1,30,1,2,0,-1,0,-1,-1,0,58017.0,56901.0,49652.0,53229.0,74259.0,86406.0,15640.0,49652.0,30722.0,74259.0,86406.0,22865.0,0
4190,60000.0,2,41,2,2,-2,0,0,0,0,0,0.0,21024.0,16069.0,27376.0,13598.0,19409.0,2833.0,2441.0,1411.0,1170.0,924.0,189.0,0
4191,110000.0,2,32,2,2,0,2,1,2,1,-1,72007.0,92570.0,77048.0,62443.0,92112.0,83331.0,31381.0,2150.0,588.0,2623.0,706.0,83331.0,0
4192,190000.0,1,46,3,2,0,2,1,-1,0,0,128436.0,73836.0,80487.0,73890.0,124616.0,92956.0,8668.0,688.0,3047.0,124616.0,3964.0,9710.0,0
4193,230000.0,2,29,1,2,0,-1,-1,0,0,0,112189.0,83766.0,57837.0,93842.0,82747.0,87138.0,10129.0,57837.0,93842.0,41840.0,25994.0,27902.0,0
4194,150000.0,2,32,2,2,-1,0,-1,-1,-2,0,60438.0,34230.0,40357.0,35364.0,0.0,18019.0,34230.0,6680.0,35364.0,0.0,12528.0,1879.0,0
4195,580000.0,1,58,1,2,-1,-1,-1,-1,-2,-1,36461.0,27486.0,-11600.0,31550.0,0.0,28444.0,27486.0,0.0,31550.0,0.0,7311.0,28444.0,0
4196,80000.0,1,30,2,2,-1,0,-1,0,-1,0,21733.0,8626.0,17283.0,26004.0,21208.0,19310.0,8626.0,2441.0,26004.0,1429.0,19310.0,8515.0,0
4197,120000.0,2,26,2,2,-1,-1,-1,-1,0,-1,43353.0,48232.0,31510.0,40626.0,58530.0,35509.0,48232.0,31510.0,40626.0,58530.0,21741.0,35509.0,0
4198,380000.0,1,31,2,1,0,0,0,-1,0,0,55195.0,116979.0,74770.0,110682.0,55320.0,63838.0,21852.0,4572.0,6728.0,55320.0,7097.0,4220.0,0
4199,60000.0,2,39,2,1,0,0,-2,0,-1,1,28326.0,38523.0,0.0,34477.0,27087.0,33462.0,987.0,0.0,1759.0,1562.0,33462.0,409.0,0
4200,120000.0,2,30,3,1,2,0,-2,0,0,0,22223.0,19564.0,0.0,22119.0,31243.0,25667.0,1714.0,0.0,3441.0,1789.0,7786.0,2208.0,1
4201,180000.0,2,35,2,1,4,3,4,3,2,1,147282.0,169078.0,165364.0,135649.0,155235.0,185575.0,1599.0,1598.0,89.0,1064.0,772.0,658.0,1
4202,210000.0,1,32,1,2,0,0,-2,-1,-2,0,85993.0,90477.0,0.0,82639.0,0.0,102739.0,18534.0,0.0,17063.0,0.0,50995.0,17321.0,0
4203,120000.0,2,33,3,2,0,0,-1,-1,2,0,35353.0,38308.0,32729.0,33693.0,21325.0,33473.0,13688.0,4833.0,33693.0,21325.0,393.0,2476.0,0
4204,80000.0,2,43,2,2,0,-1,0,0,0,0,21404.0,18491.0,23302.0,20603.0,28059.0,15607.0,6825.0,23302.0,8194.0,11539.0,6233.0,5330.0,0
4205,180000.0,2,32,1,2,0,-1,0,0,0,1,53285.0,34157.0,36557.0,61257.0,53635.0,58378.0,5181.0,36557.0,10011.0,1699.0,6350.0,3523.0,0
4206,140000.0,1,22,1,2,0,-1,-1,0,0,0,26523.0,29616.0,18487.0,-142.0,28781.0,22709.0,13997.0,18487.0,0.0,11709.0,1995.0,1809.0,0
4207,150000.0,1,32,2,2,0,-1,2,0,0,0,79428.0,110254.0,114502.0,83735.0,110204.0,128732.0,3234.0,114502.0,5559.0,5104.0,9804.0,29275.0,0
4208,140000.0,2,35,2,1,0,-1,0,-1,-1,0,16640.0,9300.0,19207.0,40333.0,26196.0,25358.0,1199.0,19207.0,5710.0,26196.0,25358.0,12792.0,0
4209,460000.0,2,41,2,1,-1,0,0,0,0,-1,112598.0,56914.0,135416.0,121560.0,160475.0,123232.0,56914.0,47066.0,24742.0,89507.0,34861.0,123232.0,0
4210,320000.0,1,29,1,2,-1,0,-1,-1,0,-1,103112.0,68160.0,110360.0,95337.0,108017.0,99448.0,68160.0,47615.0,95337.0,108017.0,6432.0,99448.0,0
4211,530000.0,2,37,2,2,0,0,0,-1,0,0,201649.0,159019.0,231530.0,260003.0,208546.0,165173.0,35469.0,25006.0,26545.0,208546.0,3319.0,43991.0,0
4212,170000.0,2,31,3,2,0,-1,0,-1,-1,0,16155.0,17350.0,35631.0,44206.0,45217.0,12078.0,2923.0,35631.0,22206.0,45217.0,12078.0,6456.0,0
4213,170000.0,2,39,2,1,0,1,0,0,0,0,130659.0,110272.0,122430.0,117620.0,109596.0,92939.0,20747.0,9553.0,1951.0,11902.0,4603.0,9471.0,0
4214,250000.0,1,23,1,2,-1,-2,-1,0,0,0,160549.0,0.0,150140.0,143350.0,149159.0,179051.0,0.0,15034.0,143350.0,51330.0,11514.0,37392.0,0
4215,210000.0,2,30,3,2,0,0,-2,0,-2,0,51031.0,57260.0,0.0,85015.0,0.0,44606.0,21607.0,0.0,13319.0,0.0,6671.0,2759.0,0
4216,50000.0,1,29,3,2,4,3,2,1,2,0,36502.0,29686.0,36511.0,40038.0,41744.0,30077.0,395.0,444.0,777.0,180.0,526.0,671.0,0
4217,60000.0,1,31,1,2,2,0,0,0,0,0,28068.0,39172.0,41303.0,26564.0,35451.0,33008.0,856.0,1092.0,3784.0,6247.0,7289.0,1606.0,1
4218,40000.0,1,31,2,1,-1,0,4,3,2,1,13941.0,21231.0,18943.0,20637.0,16165.0,12421.0,21231.0,1112.0,548.0,85.0,532.0,1091.0,0
4219,210000.0,2,35,2,1,0,-1,0,0,-2,0,79513.0,38165.0,54655.0,52316.0,0.0,56136.0,2063.0,54655.0,4348.0,0.0,13925.0,28809.0,0
4220,150000.0,1,41,1,1,2,0,0,0,1,0,99752.0,113301.0,100179.0,145293.0,120349.0,114665.0,1304.0,8757.0,43554.0,7066.0,2434.0,1852.0,1
4221,110000.0,2,40,2,1,0,0,0,0,0,0,73000.0,58703.0,56573.0,69120.0,75184.0,65551.0,2041.0,3927.0,2560.0,8480.0,4212.0,16002.0,0
4222,130000.0,1,35,2,1,0,0,-1,0,0,0,51081.0,65076.0,52997.0,71086.0,62493.0,49646.0,9083.0,9589.0,71086.0,11763.0,4489.0,4039.0,0
4223,330000.0,1,72,2,1,0,0,0,0,1,-1,72809.0,111266.0,59068.0,76106.0,124001.0,39280.0,27909.0,18734.0,9351.0,12347.0,3370.0,39280.0,0
4224,110000.0,1,22,1,2,0,0,-1,0,-1,0,29556.0,2514.0,30696.0,1552.0,12407.0,14125.0,511.0,8509.0,1552.0,7435.0,14125.0,6168.0,0
4225,50000.0,1,36,3,2,2,0,1,2,1,0,34040.0,46232.0,30278.0,35946.0,39948.0,42026.0,693.0,844.0,487.0,2706.0,1198.0,2084.0,1
4226,80000.0,2,28,2,2,0,0,-1,-1,0,0,6413.0,7469.0,10544.0,10276.0,8454.0,16996.0,1713.0,2334.0,10276.0,8454.0,4087.0,3598.0,0
4227,370000.0,2,54,1,1,1,0,3,4,3,2,168481.0,179271.0,120608.0,175055.0,205436.0,125900.0,727.0,10666.0,2365.0,3118.0,1768.0,1896.0,0
4228,140000.0,2,28,1,2,-1,0,0,-1,0,-1,16414.0,31468.0,34872.0,22558.0,28654.0,37620.0,31468.0,7421.0,2724.0,28654.0,10540.0,37620.0,0
4229,170000.0,1,28,2,2,0,2,-2,0,0,2,60092.0,14593.0,0.0,71587.0,45390.0,35677.0,4420.0,0.0,7779.0,7812.0,13757.0,1130.0,0
4230,170000.0,1,31,3,2,1,0,0,-1,-1,0,37945.0,20856.0,23848.0,31153.0,35436.0,50078.0,1602.0,2791.0,1363.0,35436.0,50078.0,2219.0,1
4231,80000.0,2,37,3,1,0,-2,-1,-2,0,0,37270.0,0.0,32962.0,0.0,28940.0,31324.0,0.0,4608.0,0.0,742.0,9573.0,5616.0,0
4232,110000.0,2,46,1,2,-1,-1,-1,-1,-1,-1,30142.0,15678.0,25346.0,31356.0,48167.0,18228.0,15678.0,25346.0,31356.0,48167.0,18228.0,18228.0,0
4233,50000.0,1,28,2,1,0,2,0,0,0,-1,29388.0,31588.0,27371.0,22092.0,33600.0,28371.0,9056.0,928.0,1832.0,4127.0,5525.0,28371.0,0
4234,110000.0,2,27,1,2,0,3,2,1,0,-1,54690.0,58654.0,63154.0,49882.0,67683.0,55512.0,4864.0,1066.0,1128.0,584.0,1166.0,55512.0,1
4235,50000.0,1,38,3,1,0,0,0,0,2,0,32039.0,33836.0,33403.0,30585.0,25000.0,33989.0,2995.0,11545.0,3455.0,643.0,360.0,2107.0,0
4236,110000.0,2,37,3,1,0,2,-1,0,-1,-1,16782.0,4674.0,33038.0,26523.0,12458.0,19580.0,1021.0,1076.0,26523.0,347.0,19580.0,19580.0,0
4237,60000.0,2,25,1,2,0,0,0,-2,2,0,50099.0,57242.0,38817.0,0.0,53096.0,50957.0,8019.0,2379.0,0.0,1602.0,810.0,3626.0,1
4238,190000.0,2,35,1,2,0,0,0,0,0,0,154178.0,186637.0,149039.0,178357.0,156278.0,199043.0,1975.0,5277.0,25382.0,5402.0,3238.0,1995.0,0
4239,130000.0,2,34,1,2,0,0,2,0,0,-1,49606.0,19712.0,22183.0,31619.0,31582.0,28590.0,5107.0,13645.0,2521.0,11336.0,12899.0,28590.0,0
4240,300000.0,1,37,1,2,0,0,0,0,0,0,153135.0,137580.0,103466.0,125622.0,110925.0,125039.0,34614.0,29958.0,34976.0,21400.0,44793.0,60661.0,0
4241,50000.0,2,25,2,2,-1,0,0,0,0,-1,14607.0,23910.0,25148.0,26244.0,23881.0,17863.0,23910.0,17156.0,6537.0,11399.0,3989.0,17863.0,0
4242,140000.0,1,39,2,2,0,0,0,0,-2,0,3000.0,5836.0,20539.0,30342.0,0.0,22860.0,1343.0,3295.0,9405.0,0.0,5123.0,1438.0,0
4243,300000.0,2,42,1,1,0,0,0,-2,0,0,71436.0,75157.0,64791.0,0.0,86673.0,109716.0,10566.0,7080.0,0.0,7968.0,14871.0,46403.0,0
4244,60000.0,1,41,1,1,0,-2,1,2,0,0,59230.0,0.0,60119.0,57656.0,48072.0,56010.0,0.0,1265.0,1447.0,131.0,1014.0,670.0,0
4245,150000.0,1,34,2,1,0,-1,0,-1,0,-1,4454.0,15265.0,32289.0,8881.0,24887.0,38591.0,8105.0,32289.0,6103.0,24887.0,11212.0,38591.0,0
4246,90000.0,2,44,2,2,3,4,3,4,3,2,76190.0,73556.0,89045.0,67975.0,84506.0,74055.0,204.0,372.0,534.0,2351.0,160.0,1275.0,1
4247,90000.0,1,30,1,1,0,0,0,0,-1,-1,29638.0,14773.0,22169.0,16361.0,26248.0,39645.0,1266.0,1435.0,2272.0,1708.0,39645.0,39645.0,0
4248,50000.0,2,49,2,1,-1,0,-1,0,0,-2,18348.0,11934.0,12488.0,21043.0,21619.0,0.0,11934.0,324.0,21043.0,2310.0,0.0,0.0,0
4249,160000.0,2,56,2,1,-1,0,0,-1,0,0,93434.0,57174.0,78487.0,57834.0,68121.0,88005.0,57174.0,24346.0,3784.0,68121.0,14342.0,8273.0,1
4250,80000.0,1,34,2,2,0,0,0,0,1,0,35929.0,38397.0,47404.0,51086.0,29477.0,32223.0,4610.0,788.0,924.0,1601.0,1229.0,3344.0,0
4251,80000.0,2,28,2,2,0,0,-1,0,-1,0,42424.0,47249.0,59877.0,54506.0,47733.0,56146.0,9671.0,33216.0,54506.0,7738.0,56146.0,5164.0,0
4252,200000.0,2,36,2,1,-1,-1,-1,0,-1,0,100960.0,106028.0,82667.0,101033.0,94394.0,98806.0,106028.0,82667.0,101033.0,28688.0,98806.0,13672.0,0
4253,20000.0,1,40,1,1,-2,0,-1,2,0,0,0.0,9599.0,9556.0,11258.0,11711.0,9356.0,877.0,2618.0,11258.0,660.0,873.0,783.0,0
4254,140000.0,2,26,3,2,-1,-2,-1,0,0,0,77994.0,0.0,85923.0,112144.0,93214.0,84433.0,0.0,22337.0,112144.0,26859.0,4437.0,5846.0,0
4255,570000.0,2,37,2,2,0,0,-1,1,0,0,171626.0,92747.0,131113.0,173266.0,53820.0,112193.0,15795.0,10588.0,173266.0,3288.0,15012.0,5464.0,1
4256,160000.0,2,37,1,1,-1,0,-1,0,-1,-1,45871.0,29465.0,46594.0,29436.0,64842.0,40983.0,29465.0,7368.0,29436.0,7091.0,40983.0,40983.0,0
4257,80000.0,1,27,2,2,0,-1,0,-1,0,0,24238.0,26477.0,25976.0,19160.0,26773.0,16009.0,5133.0,25976.0,5130.0,26773.0,2060.0,2088.0,0
4258,180000.0,2,49,1,2,2,1,0,0,0,0,40916.0,33604.0,52830.0,38007.0,19276.0,51149.0,1384.0,1372.0,1759.0,4728.0,2480.0,4592.0,0
4259,260000.0,1,49,2,1,0,1,2,1,0,0,62185.0,100418.0,66615.0,68699.0,105695.0,91749.0,16940.0,2346.0,692.0,4560.0,12237.0,26935.0,0
4260,640000.0,1,37,2,2,0,0,0,0,-1,0,194838.0,267474.0,94528.0,179910.0,162350.0,226484.0,26465.0,18321.0,14013.0,17554.0,226484.0,53377.0,0
4261,60000.0,1,31,2,2,0,0,0,0,0,-1,-1200.0,153.0,-553.0,5079.0,-282.0,-553.0,90.0,0.0,1640.0,0.0,0.0,0.0,0
4262,20000.0,1,41,2,2,2,0,0,0,0,-1,12235.0,12892.0,11634.0,10702.0,11561.0,13835.0,509.0,1441.0,538.0,1137.0,605.0,13835.0,1
4263,140000.0,2,31,2,1,0,-1,-2,0,-1,0,86173.0,66013.0,0.0,73465.0,87239.0,79927.0,24051.0,0.0,51566.0,7878.0,79927.0,19702.0,0
4264,150000.0,2,30,1,2,0,0,0,-1,0,0,3111.0,17222.0,22066.0,29228.0,43264.0,-162.0,4268.0,5376.0,10149.0,43264.0,0.0,0.0,0
4265,110000.0,2,35,2,1,0,0,0,0,-1,0,55963.0,47781.0,37636.0,41142.0,39127.0,53000.0,1758.0,10847.0,8775.0,2799.0,53000.0,23890.0,0
4266,130000.0,2,28,1,1,0,-2,-1,0,0,0,24569.0,0.0,32463.0,56526.0,21631.0,44900.0,0.0,5018.0,56526.0,3234.0,19044.0,3759.0,1
4267,30000.0,2,33,2,1,-2,-1,-1,-1,-1,-1,0.0,6024.0,7665.0,7161.0,7999.0,9976.0,1383.0,7665.0,7161.0,7999.0,9976.0,9976.0,0
4268,190000.0,1,29,1,2,-2,0,0,0,0,-1,0.0,62146.0,3120.0,29695.0,30187.0,4722.0,36466.0,2102.0,13249.0,7051.0,2315.0,4722.0,0
4269,120000.0,2,50,1,2,1,0,3,2,1,0,59790.0,70640.0,66119.0,73051.0,60727.0,85735.0,747.0,4957.0,1006.0,1833.0,552.0,12449.0,1
4270,240000.0,2,49,1,1,-1,0,-2,-1,0,0,55905.0,124398.0,0.0,87443.0,159511.0,78246.0,124398.0,0.0,33777.0,159511.0,16038.0,11675.0,0
4271,90000.0,1,36,2,2,-1,-2,-1,0,1,-1,13433.0,0.0,36247.0,14817.0,23508.0,24640.0,0.0,4447.0,14817.0,4225.0,2626.0,24640.0,0
4272,100000.0,1,43,1,1,1,0,0,0,2,0,52820.0,35192.0,50228.0,50271.0,43888.0,52257.0,1317.0,1359.0,6748.0,20337.0,2773.0,8097.0,1
4273,30000.0,1,34,2,1,0,-1,-1,0,-1,0,3699.0,3170.0,8107.0,3420.0,2323.0,936.0,1124.0,8107.0,3420.0,1949.0,936.0,539.0,0
4274,460000.0,2,41,1,2,4,5,4,3,2,1,233513.0,204234.0,306325.0,249209.0,247354.0,210136.0,1040.0,8293.0,953.0,4226.0,5191.0,8851.0,1
4275,100000.0,1,29,2,2,0,0,0,0,0,-1,79369.0,81816.0,81836.0,70605.0,79964.0,74337.0,2778.0,1768.0,2991.0,3732.0,11127.0,74337.0,0
4276,110000.0,2,38,3,1,0,0,0,0,-1,0,23719.0,25395.0,20620.0,21589.0,26430.0,39267.0,3875.0,3924.0,3219.0,1078.0,39267.0,4662.0,1
4277,240000.0,1,33,3,2,1,-1,0,2,0,0,76260.0,73264.0,68619.0,104280.0,53251.0,84857.0,344.0,68619.0,17908.0,766.0,5333.0,20679.0,0
4278,220000.0,1,30,1,3,-2,0,0,0,-1,0,0.0,1089.0,18530.0,-4400.0,27468.0,44139.0,72.0,2551.0,0.0,3549.0,44139.0,17177.0,0
4279,100000.0,1,31,3,2,0,0,0,-1,0,-1,39421.0,27042.0,36401.0,35968.0,30754.0,28021.0,3229.0,8710.0,1907.0,30754.0,1275.0,28021.0,0
4280,30000.0,1,40,2,1,0,0,0,0,-2,0,15114.0,14081.0,12975.0,10121.0,0.0,7988.0,1130.0,4394.0,1872.0,0.0,451.0,2447.0,1
4281,260000.0,1,35,2,2,0,0,0,0,0,-1,66484.0,13930.0,13697.0,29412.0,22036.0,46331.0,4733.0,4784.0,1458.0,7784.0,16695.0,46331.0,0
4282,200000.0,2,56,3,1,0,0,0,0,0,0,126117.0,88520.0,76347.0,109712.0,91955.0,108682.0,11083.0,6665.0,19721.0,19284.0,11570.0,14264.0,0
4283,80000.0,2,37,1,1,1,-1,-1,0,0,0,12342.0,14905.0,27158.0,13255.0,5990.0,15685.0,407.0,27158.0,13255.0,1508.0,1720.0,3352.0,0
4284,50000.0,1,47,2,1,0,0,-1,0,2,1,18382.0,26449.0,20468.0,21359.0,22750.0,21056.0,543.0,2904.0,21359.0,2930.0,285.0,228.0,0
4285,120000.0,2,43,3,1,0,0,-2,-1,0,-1,18497.0,19630.0,0.0,11342.0,6337.0,30013.0,9304.0,0.0,1128.0,6337.0,15252.0,30013.0,0
4286,110000.0,1,40,2,2,0,0,0,-2,-1,0,51821.0,46044.0,47917.0,0.0,48736.0,42359.0,14412.0,28453.0,0.0,5825.0,42359.0,861.0,0
4287,230000.0,2,34,3,2,1,0,0,0,1,0,124619.0,153277.0,127642.0,159229.0,166722.0,150249.0,324.0,6874.0,5382.0,3124.0,351.0,16027.0,0
4288,50000.0,1,58,3,1,1,0,3,2,1,0,36044.0,33824.0,40042.0,39244.0,42744.0,32948.0,126.0,982.0,78.0,131.0,729.0,263.0,1
4289,100000.0,2,23,0,2,-1,-2,-1,0,-1,0,18347.0,0.0,29534.0,28049.0,32111.0,33299.0,0.0,13861.0,28049.0,6000.0,33299.0,15275.0,0
4290,190000.0,1,41,2,2,0,0,0,0,0,0,113919.0,87538.0,107928.0,80850.0,110284.0,97458.0,1912.0,4575.0,6327.0,9692.0,10214.0,7401.0,0
4291,210000.0,2,30,1,1,0,-1,0,0,0,0,78475.0,62255.0,85970.0,105824.0,83230.0,99274.0,2827.0,85970.0,7172.0,8706.0,4700.0,9645.0,0
4292,40000.0,1,45,3,2,0,0,-1,0,0,0,19763.0,18949.0,19933.0,21271.0,22895.0,16781.0,5526.0,2443.0,21271.0,2574.0,781.0,1907.0,0
4293,60000.0,2,36,1,2,0,0,0,1,-2,1,38919.0,45854.0,53042.0,46240.0,0.0,38071.0,918.0,3211.0,1593.0,0.0,161.0,76.0,1
4294,110000.0,1,31,1,2,0,-1,0,0,0,-1,11844.0,9053.0,15923.0,33096.0,6909.0,18990.0,2427.0,15923.0,7193.0,746.0,3379.0,18990.0,0
4295,460000.0,2,28,2,2,0,1,0,0,-1,-1,206336.0,240730.0,183925.0,230968.0,152499.0,230493.0,50372.0,7227.0,120847.0,43126.0,230493.0,230493.0,1
4296,100000.0,2,38,1,2,5,4,3,2,1,0,64986.0,76544.0,82029.0,75715.0,51236.0,58379.0,169.0,177.0,147.0,69.0,1861.0,1057.0,1
4297,130000.0,1,40,1,0,0,0,-2,0,0,0,90062.0,87570.0,0.0,69759.0,89521.0,79927.0,11718.0,0.0,6127.0,6227.0,1936.0,2684.0,1
4298,230000.0,2,43,2,2,1,0,0,-2,2,0,78287.0,119991.0,138920.0,0.0,110283.0,104300.0,1651.0,10218.0,0.0,2836.0,1874.0,17264.0,0
4299,110000.0,2,31,3,3,0,-1,0,0,3,2,26814.0,48219.0,33797.0,29046.0,12867.0,26812.0,1252.0,33797.0,2444.0,3824.0,987.0,287.0,0
4300,430000.0,1,37,1,3,-2,0,-1,0,0,-1,0.0,134789.0,198369.0,126218.0,218069.0,140064.0,45828.0,76743.0,126218.0,24078.0,12722.0,140064.0,0
4301,70000.0,2,34,2,1,1,-2,0,0,0,1,50154.0,0.0,56852.0,52017.0,43673.0,52202.0,0.0,2213.0,1161.0,984.0,2936.0,151.0,0
4302,100000.0,1,59,2,1,-1,-2,-1,0,0,0,33199.0,0.0,53307.0,30204.0,46213.0,49788.0,0.0,2329.0,30204.0,5084.0,18752.0,7124.0,0
4303,270000.0,1,29,1,2,1,0,1,0,0,0,203729.0,201658.0,209177.0,202459.0,134992.0,223016.0,705.0,3757.0,964.0,18145.0,8288.0,23560.0,1
4304,90000.0,2,26,2,2,-1,0,0,0,0,-2,16099.0,7554.0,17688.0,6387.0,11866.0,0.0,7554.0,3370.0,529.0,3862.0,0.0,0.0,0
4305,80000.0,2,34,3,1,-1,-1,-1,0,-1,0,27762.0,19094.0,21798.0,33080.0,30488.0,33526.0,19094.0,21798.0,33080.0,5859.0,33526.0,4024.0,0
4306,80000.0,2,33,1,1,0,-1,0,-1,-1,0,27736.0,39545.0,26012.0,38520.0,34643.0,28560.0,631.0,26012.0,1425.0,34643.0,28560.0,764.0,0
4307,70000.0,2,32,2,2,-1,-2,-2,0,-1,-1,27416.0,0.0,0.0,17417.0,17473.0,15443.0,0.0,0.0,2483.0,1346.0,15443.0,15443.0,0
4308,140000.0,2,65,1,2,0,-1,0,2,0,-2,49701.0,25550.0,81451.0,58635.0,61222.0,0.0,2027.0,81451.0,7248.0,1595.0,0.0,0.0,0
4309,70000.0,1,33,2,2,0,0,3,2,1,0,64239.0,66237.0,60197.0,62448.0,66073.0,64644.0,1349.0,464.0,1402.0,228.0,530.0,3120.0,1
4310,90000.0,2,29,1,2,2,0,0,0,0,1,83643.0,81632.0,93506.0,87447.0,72435.0,73602.0,317.0,6629.0,4616.0,11682.0,2499.0,580.0,1
4311,80000.0,2,27,2,2,0,0,0,0,0,-1,16116.0,9669.0,21265.0,24369.0,8693.0,8794.0,757.0,8291.0,18345.0,3003.0,1356.0,8794.0,0
4312,90000.0,2,33,2,1,-1,0,0,0,0,-1,19974.0,24767.0,39201.0,38378.0,38243.0,14506.0,24767.0,1635.0,9804.0,6965.0,6727.0,14506.0,0
4313,170000.0,2,32,3,1,0,1,0,0,-1,1,30620.0,58388.0,35753.0,14494.0,20283.0,2820.0,7639.0,400.0,1251.0,925.0,2820.0,186.0,0
4314,390000.0,2,36,2,2,-1,0,-1,0,-1,0,294381.0,316952.0,243918.0,270915.0,209860.0,247463.0,316952.0,144746.0,270915.0,53547.0,247463.0,44689.0,0
4315,80000.0,1,27,2,1,-1,0,0,0,2,1,49681.0,48592.0,57592.0,45249.0,46679.0,38486.0,48592.0,11314.0,459.0,10998.0,1312.0,543.0,1
4316,500000.0,2,39,1,2,0,-1,-1,-2,0,0,7360.0,57664.0,-10000.0,0.0,27125.0,-8284.0,45964.0,0.0,0.0,19616.0,0.0,0.0,0
4317,210000.0,1,26,1,2,0,2,0,0,0,0,50686.0,17046.0,70403.0,21238.0,33205.0,48351.0,2616.0,3326.0,1173.0,3648.0,14046.0,1342.0,0
4318,30000.0,2,37,2,2,-1,2,1,-2,0,-2,17540.0,18577.0,22482.0,0.0,18009.0,0.0,18577.0,137.0,0.0,876.0,0.0,0.0,0
4319,100000.0,2,30,3,3,-2,-2,-1,0,-1,0,0.0,0.0,22431.0,11432.0,10828.0,20162.0,0.0,4496.0,11432.0,4070.0,20162.0,2707.0,0
4320,40000.0,1,34,2,1,0,0,0,1,0,0,22807.0,24814.0,22144.0,19960.0,21714.0,22556.0,4394.0,745.0,3714.0,235.0,2419.0,1804.0,1
4321,260000.0,2,41,2,2,0,-1,0,0,0,0,169908.0,194856.0,185290.0,190145.0,150954.0,155913.0,16605.0,185290.0,10159.0,29303.0,21109.0,43336.0,0
4322,60000.0,1,36,3,2,0,0,0,0,0,0,23388.0,32159.0,23835.0,28460.0,29387.0,14823.0,4537.0,7812.0,2887.0,3367.0,966.0,7685.0,0
4323,460000.0,1,31,1,1,-1,-1,0,-2,0,0,134227.0,39787.0,72451.0,0.0,116029.0,101568.0,39787.0,72451.0,0.0,56483.0,32095.0,57255.0,0
4324,440000.0,2,35,1,2,0,0,-1,0,0,-1,114833.0,141448.0,165442.0,154840.0,189165.0,105073.0,22401.0,77916.0,154840.0,27591.0,62150.0,105073.0,0
4325,70000.0,2,51,3,1,1,0,0,0,1,0,41434.0,46271.0,49855.0,41680.0,49653.0,41800.0,652.0,6268.0,17774.0,1889.0,653.0,1916.0,1
4326,60000.0,2,34,2,1,0,-1,0,0,0,0,16014.0,15910.0,9114.0,10347.0,21835.0,25396.0,2056.0,9114.0,1317.0,4897.0,781.0,6705.0,0
4327,250000.0,2,38,2,1,1,0,0,1,0,0,157131.0,142566.0,112529.0,120999.0,77243.0,106837.0,6411.0,2879.0,15517.0,1281.0,12705.0,7400.0,0
4328,70000.0,1,40,2,2,0,0,0,-2,1,0,52574.0,45185.0,38972.0,0.0,48629.0,43976.0,1681.0,5791.0,0.0,837.0,490.0,1104.0,0
4329,130000.0,2,47,2,2,-1,-1,-1,0,0,0,42621.0,26702.0,32283.0,39677.0,12328.0,344.0,26702.0,32283.0,39677.0,507.0,64.0,98.0,0
4330,300000.0,1,29,1,1,0,1,-1,0,0,0,28275.0,68623.0,57865.0,24236.0,31758.0,75258.0,12771.0,1014.0,24236.0,3950.0,12579.0,11417.0,0
4331,160000.0,1,37,1,1,0,0,0,0,1,-2,58847.0,77847.0,68379.0,65797.0,49279.0,0.0,5908.0,4373.0,4244.0,856.0,0.0,0.0,0
4332,170000.0,1,26,2,2,0,0,-2,-2,-1,-2,118391.0,108453.0,0.0,0.0,106721.0,0.0,35969.0,0.0,0.0,12133.0,0.0,0.0,0
4333,600000.0,2,32,1,2,2,-1,0,-1,0,0,88170.0,91302.0,104592.0,127643.0,112912.0,200284.0,11993.0,104592.0,27526.0,112912.0,20735.0,57347.0,0
4334,180000.0,2,24,1,2,-1,-1,-1,0,-1,-1,72484.0,64859.0,59479.0,16283.0,63979.0,42237.0,64859.0,59479.0,16283.0,25605.0,42237.0,42237.0,0
4335,180000.0,2,32,2,2,0,0,0,-1,0,0,20773.0,47780.0,10208.0,65687.0,45342.0,31403.0,2500.0,1369.0,14949.0,45342.0,4209.0,6635.0,1
4336,90000.0,1,50,2,2,0,1,-2,0,-1,0,46198.0,45965.0,0.0,34837.0,36626.0,36386.0,3476.0,0.0,8385.0,1844.0,36386.0,6136.0,0
4337,20000.0,2,32,2,1,3,2,3,4,3,2,16639.0,17454.0,20549.0,17187.0,18075.0,15582.0,83.0,95.0,33.0,96.0,286.0,118.0,1
4338,150000.0,2,49,2,1,0,0,1,-1,0,2,55693.0,48482.0,75360.0,66423.0,64040.0,60654.0,22601.0,33712.0,1525.0,64040.0,6635.0,1207.0,0
4339,100000.0,1,42,3,2,0,-1,0,0,-1,0,62730.0,43151.0,46793.0,47281.0,49776.0,64770.0,6009.0,46793.0,2536.0,6732.0,64770.0,2323.0,0
4340,270000.0,1,43,1,1,3,2,1,2,-2,1,89366.0,85373.0,91168.0,93298.0,0.0,105738.0,1554.0,2954.0,2014.0,0.0,21266.0,6075.0,0
4341,120000.0,2,32,2,2,2,-2,0,0,0,0,82050.0,0.0,89397.0,98700.0,108523.0,95239.0,0.0,5397.0,3001.0,27627.0,1701.0,6863.0,1
4342,70000.0,2,23,2,2,-2,4,5,4,3,2,0.0,39528.0,31818.0,40783.0,39962.0,37810.0,6597.0,925.0,2376.0,518.0,766.0,1087.0,0
4343,60000.0,2,39,3,2,5,4,3,2,1,0,56667.0,49206.0,46617.0,39036.0,42764.0,45934.0,75.0,110.0,703.0,97.0,516.0,587.0,1
4344,160000.0,1,29,1,2,0,-2,0,-1,-1,0,38163.0,0.0,44925.0,47650.0,46980.0,37492.0,0.0,20543.0,4239.0,46980.0,37492.0,21988.0,0
4345,100000.0,2,43,1,1,0,0,0,0,0,-1,40581.0,31573.0,39595.0,50249.0,44176.0,51787.0,2666.0,4899.0,3197.0,1045.0,1755.0,51787.0,1
4346,50000.0,1,34,2,1,-2,0,0,2,-1,0,0.0,28506.0,25841.0,32625.0,31343.0,26839.0,2207.0,2050.0,1202.0,799.0,26839.0,10824.0,0
4347,140000.0,2,34,2,2,0,0,1,2,1,0,134631.0,128683.0,117364.0,117798.0,116525.0,118941.0,5657.0,2705.0,1253.0,385.0,446.0,12834.0,1
4348,110000.0,2,30,2,2,0,0,0,0,-1,0,44832.0,25942.0,33354.0,28435.0,44212.0,36307.0,1818.0,14390.0,1650.0,6504.0,36307.0,3466.0,0
4349,190000.0,1,42,2,1,2,0,0,2,-2,0,60853.0,79021.0,62401.0,92486.0,0.0,71956.0,648.0,19133.0,11101.0,0.0,4249.0,10037.0,0
4350,110000.0,2,28,1,2,0,0,0,0,0,0,56779.0,82649.0,55244.0,66237.0,61767.0,56348.0,3918.0,2643.0,4141.0,5624.0,541.0,8588.0,0
4351,100000.0,1,33,2,2,0,0,-1,-1,0,0,23292.0,24918.0,44330.0,29825.0,36379.0,44334.0,5041.0,8321.0,29825.0,36379.0,8234.0,35034.0,1
4352,60000.0,1,35,2,1,0,-1,0,0,0,0,21073.0,20330.0,24403.0,26614.0,22407.0,23386.0,637.0,24403.0,2442.0,2573.0,2400.0,804.0,0
4353,70000.0,1,41,3,1,0,0,0,0,0,0,16596.0,18027.0,14728.0,15198.0,25103.0,13405.0,5880.0,3708.0,2167.0,1640.0,1269.0,2175.0,1
4354,220000.0,2,39,2,2,-1,-1,0,-1,-1,0,85349.0,83824.0,88394.0,43158.0,67958.0,38535.0,83824.0,88394.0,4311.0,67958.0,38535.0,11369.0,0
4355,640000.0,1,50,1,2,0,0,-1,0,0,-1,11747.0,142962.0,178692.0,139936.0,-12800.0,58986.0,16370.0,134776.0,139936.0,0.0,18959.0,58986.0,0
4356,130000.0,2,31,1,1,-1,0,-1,0,-1,-1,2503.0,9798.0,2858.0,1835.0,4939.0,12675.0,9798.0,838.0,1835.0,1352.0,12675.0,12675.0,0
4357,190000.0,2,51,2,1,0,0,0,-1,0,0,99312.0,91448.0,115925.0,84828.0,94093.0,135851.0,3084.0,6247.0,12896.0,94093.0,3759.0,60362.0,0
4358,80000.0,2,48,5,1,2,3,2,0,2,0,42472.0,39514.0,41289.0,38415.0,45005.0,34708.0,219.0,1602.0,428.0,3070.0,621.0,5611.0,0
4359,50000.0,2,42,2,1,0,0,0,0,0,0,16117.0,23423.0,12624.0,12779.0,20720.0,20922.0,9175.0,1978.0,547.0,3547.0,1066.0,4187.0,0
4360,80000.0,1,37,2,1,0,0,1,0,3,2,37567.0,29891.0,34952.0,37495.0,25984.0,51215.0,5523.0,11219.0,400.0,8136.0,548.0,746.0,0
4361,110000.0,1,45,2,1,0,-1,0,0,-1,1,52185.0,55857.0,49891.0,59647.0,52396.0,61751.0,3360.0,49891.0,4661.0,1566.0,61751.0,1516.0,0
4362,90000.0,1,31,2,1,0,0,0,0,-1,0,21911.0,991.0,10984.0,25544.0,31174.0,32848.0,95.0,1485.0,5143.0,12615.0,32848.0,10659.0,0
4363,50000.0,1,33,3,1,0,-1,0,0,-1,0,16939.0,18541.0,11100.0,21028.0,13885.0,13245.0,3064.0,11100.0,1818.0,2988.0,13245.0,2021.0,0
4364,140000.0,1,42,2,1,0,2,1,0,0,-2,101993.0,81384.0,94259.0,86367.0,92904.0,0.0,12797.0,2707.0,1378.0,35781.0,0.0,0.0,1
4365,390000.0,2,41,1,1,0,0,0,0,1,0,229785.0,266328.0,250043.0,207639.0,223114.0,206682.0,46340.0,16515.0,18338.0,19887.0,11663.0,35973.0,1
4366,80000.0,2,36,2,1,2,1,0,0,2,0,31882.0,42495.0,40140.0,44262.0,40641.0,39781.0,206.0,853.0,6954.0,6285.0,361.0,584.0,1
4367,220000.0,2,34,1,1,0,2,1,0,0,0,62782.0,91705.0,68492.0,93207.0,86586.0,71171.0,8427.0,3767.0,1240.0,12792.0,1798.0,27068.0,0
4368,150000.0,1,22,2,2,0,-1,2,1,-1,0,29577.0,28018.0,34498.0,33721.0,32519.0,34591.0,5091.0,34498.0,3211.0,2417.0,34591.0,20527.0,0
4369,210000.0,2,27,2,2,-1,0,-1,0,0,-1,36133.0,47858.0,28221.0,56161.0,17826.0,16632.0,47858.0,6810.0,56161.0,7091.0,1818.0,16632.0,0
4370,130000.0,2,30,3,1,0,0,0,-1,-1,0,24030.0,24529.0,40288.0,16793.0,35452.0,1190.0,12912.0,8113.0,14900.0,35452.0,1190.0,245.0,0
4371,320000.0,1,34,1,1,0,0,3,2,0,2,271597.0,261336.0,299746.0,252297.0,286290.0,293135.0,6496.0,13766.0,4262.0,9442.0,8521.0,12259.0,0
4372,110000.0,1,27,2,2,1,-1,0,0,0,0,66958.0,46015.0,50979.0,44396.0,59719.0,57125.0,318.0,50979.0,1877.0,4732.0,3638.0,1999.0,1
4373,70000.0,1,37,1,1,0,-1,0,-1,0,-1,16340.0,22679.0,15445.0,20826.0,16806.0,17595.0,5170.0,15445.0,6124.0,16806.0,2786.0,17595.0,0
4374,50000.0,2,27,2,2,4,3,2,1,0,0,37991.0,40292.0,43331.0,34962.0,27343.0,39742.0,1468.0,99.0,833.0,708.0,2528.0,516.0,1
4375,90000.0,2,37,2,1,2,3,2,1,0,-2,72629.0,68320.0,69513.0,52708.0,55816.0,0.0,1834.0,1774.0,925.0,2886.0,0.0,0.0,1
4376,50000.0,1,24,2,3,-1,0,1,0,-1,0,24734.0,26385.0,27809.0,30124.0,28039.0,25175.0,26385.0,2368.0,1811.0,4729.0,25175.0,6662.0,0
4377,70000.0,2,35,2,1,0,0,4,3,2,1,40215.0,56980.0,44535.0,37467.0,51355.0,45056.0,6260.0,4302.0,205.0,703.0,199.0,1229.0,0
4378,90000.0,1,23,2,2,-1,1,-2,0,-2,-1,36815.0,47804.0,0.0,41636.0,0.0,25998.0,47804.0,0.0,4376.0,0.0,2220.0,25998.0,0
4379,80000.0,2,32,3,1,0,-1,0,0,0,0,18556.0,25311.0,19896.0,20126.0,23136.0,22567.0,1119.0,19896.0,2438.0,10059.0,2752.0,1680.0,0
4380,80000.0,1,27,2,1,0,2,1,2,0,0,31810.0,32434.0,28715.0,26899.0,34560.0,21389.0,4860.0,358.0,984.0,1208.0,2044.0,1854.0,0
4381,180000.0,2,49,2,1,2,0,0,0,-2,0,108250.0,108164.0,111586.0,115250.0,0.0,103302.0,1832.0,1615.0,11424.0,0.0,3099.0,17551.0,1
4382,610000.0,1,33,1,2,-1,0,-1,-1,0,0,276972.0,249698.0,271788.0,256206.0,341747.0,98638.0,249698.0,5585.0,256206.0,341747.0,2582.0,3601.0,0
4383,70000.0,2,46,2,3,-2,-2,0,0,0,-1,0.0,0.0,3104.0,6412.0,9042.0,-1359.0,0.0,715.0,1928.0,2914.0,0.0,0.0,0
4384,100000.0,2,25,1,2,0,0,0,0,1,0,19043.0,12195.0,14967.0,13390.0,11240.0,15116.0,1800.0,3415.0,2224.0,1516.0,796.0,1217.0,0
4385,40000.0,2,28,3,2,2,1,0,0,0,0,33141.0,31556.0,26788.0,33256.0,31904.0,27479.0,369.0,159.0,501.0,273.0,1833.0,1229.0,1
4386,380000.0,2,40,1,2,0,0,0,1,0,0,309302.0,256461.0,344433.0,270841.0,276827.0,289969.0,8675.0,22143.0,7482.0,3573.0,26371.0,5415.0,1
4387,150000.0,1,31,3,1,0,0,-1,0,-1,-1,53221.0,43336.0,69121.0,48843.0,31561.0,42452.0,9767.0,21725.0,48843.0,8272.0,42452.0,42452.0,0
4388,70000.0,1,42,1,2,-2,0,0,0,-1,0,0.0,56282.0,47380.0,48011.0,43965.0,51668.0,4689.0,978.0,679.0,2176.0,51668.0,3887.0,0
4389,180000.0,1,43,2,1,-2,0,0,-1,0,-1,0.0,44471.0,34726.0,18461.0,22792.0,25210.0,11432.0,22876.0,4590.0,22792.0,7498.0,25210.0,1
4390,40000.0,1,29,2,2,3,2,3,2,1,0,36045.0,32748.0,31481.0,39044.0,34609.0,42083.0,253.0,382.0,365.0,352.0,380.0,4852.0,0
4391,150000.0,1,31,2,1,0,1,-1,0,-1,0,74111.0,64714.0,78965.0,71665.0,65151.0,74690.0,14104.0,1115.0,71665.0,10742.0,74690.0,28947.0,0
4392,110000.0,2,25,2,2,2,1,0,1,0,0,75027.0,53343.0,68749.0,81786.0,81565.0,63677.0,798.0,559.0,9230.0,246.0,2667.0,6678.0,1
4393,180000.0,1,35,1,2,0,0,0,0,2,1,88245.0,99694.0,94930.0,90515.0,103112.0,114771.0,6515.0,5707.0,5820.0,31111.0,1197.0,2966.0,0
4394,40000.0,1,40,2,2,0,-2,0,-2,0,1,9832.0,0.0,15472.0,0.0,15394.0,19224.0,0.0,5358.0,0.0,2797.0,6136.0,1388.0,1
4395,190000.0,2,36,1,1,0,-1,-2,-1,-1,0,6921.0,40516.0,0.0,53546.0,47155.0,88299.0,6863.0,0.0,8651.0,47155.0,88299.0,7807.0,0
4396,180000.0,2,31,1,1,-1,0,-1,-1,0,0,68562.0,77655.0,73737.0,58089.0,40211.0,70566.0,77655.0,39759.0,58089.0,40211.0,26070.0,19239.0,0
4397,210000.0,2,31,3,2,-1,-1,-1,-2,-1,-1,3309.0,71.0,-2502.0,0.0,-4200.0,8205.0,71.0,0.0,0.0,0.0,8205.0,8205.0,0
4398,140000.0,1,42,2,1,-1,0,0,-1,-1,-1,4926.0,-2800.0,8571.0,987.0,-2114.0,-66.0,0.0,6789.0,670.0,0.0,0.0,0.0,0
4399,80000.0,1,32,3,1,-1,0,-1,-1,0,-1,27117.0,13016.0,25121.0,24207.0,4284.0,25074.0,13016.0,8246.0,24207.0,4284.0,8081.0,25074.0,0
4400,60000.0,2,45,3,2,0,2,1,0,0,0,35619.0,25426.0,30941.0,31889.0,29928.0,36029.0,1013.0,223.0,261.0,3578.0,9735.0,4232.0,0
4401,170000.0,1,35,2,3,0,-1,0,0,0,-1,36539.0,34399.0,33643.0,63010.0,44190.0,47283.0,15579.0,33643.0,5452.0,8364.0,14151.0,47283.0,0
4402,270000.0,2,28,1,1,0,0,0,0,0,0,118942.0,98889.0,114663.0,133955.0,127010.0,121553.0,6244.0,5946.0,20409.0,25576.0,8083.0,8716.0,0
4403,290000.0,1,36,1,1,0,0,0,-1,-1,-1,83626.0,50326.0,21331.0,65499.0,67807.0,61577.0,7796.0,4555.0,21719.0,67807.0,61577.0,61577.0,0
4404,340000.0,1,42,1,1,1,0,0,0,1,0,216964.0,244880.0,239314.0,211824.0,235247.0,212888.0,31766.0,33982.0,49123.0,49902.0,3015.0,22024.0,0
4405,100000.0,2,27,2,3,0,1,0,-2,0,0,27611.0,24274.0,31582.0,0.0,34528.0,30199.0,5717.0,1040.0,0.0,4353.0,3973.0,2034.0,0
4406,40000.0,2,29,2,1,0,0,0,0,-1,0,13841.0,12840.0,7782.0,11391.0,9258.0,3324.0,1171.0,814.0,789.0,813.0,3324.0,2127.0,1
4407,160000.0,2,27,1,2,-1,0,0,0,0,-1,30195.0,-3200.0,16695.0,26477.0,48630.0,26237.0,0.0,5189.0,6751.0,8122.0,5576.0,26237.0,0
4408,290000.0,2,27,2,1,-1,-1,0,-1,0,0,24025.0,49250.0,9907.0,74666.0,22695.0,46538.0,49250.0,9907.0,25943.0,22695.0,28474.0,11986.0,0
4409,190000.0,2,28,3,1,0,0,0,0,0,0,152738.0,142747.0,128110.0,139231.0,157026.0,145560.0,25382.0,23846.0,15816.0,14668.0,24908.0,15954.0,1
4410,80000.0,1,38,2,2,0,-1,-1,0,0,0,30974.0,21650.0,29955.0,38585.0,30352.0,27398.0,4199.0,29955.0,38585.0,4118.0,4849.0,4277.0,0
4411,440000.0,1,27,2,2,0,-2,0,0,-1,-1,86559.0,0.0,86085.0,104048.0,158413.0,140579.0,0.0,29617.0,56448.0,102410.0,140579.0,140579.0,0
4412,220000.0,1,33,3,2,0,-1,0,-1,-1,0,14271.0,25310.0,9263.0,69194.0,40417.0,39589.0,14397.0,9263.0,17922.0,40417.0,39589.0,8402.0,0
4413,250000.0,2,49,2,1,0,-1,0,-1,-1,0,91251.0,48924.0,70708.0,86358.0,77357.0,57390.0,3497.0,70708.0,3830.0,77357.0,57390.0,18046.0,0
4414,120000.0,1,58,1,1,3,4,3,2,1,0,82959.0,78542.0,73809.0,90283.0,87093.0,66964.0,249.0,1962.0,3305.0,880.0,1913.0,395.0,1
4415,180000.0,1,28,2,1,1,0,0,3,2,1,126310.0,135568.0,135059.0,130832.0,153345.0,155902.0,5677.0,13058.0,15604.0,13734.0,2090.0,1365.0,1
4416,320000.0,2,34,1,2,0,-1,-2,0,0,1,90524.0,160669.0,0.0,107998.0,102740.0,131576.0,23928.0,0.0,18798.0,34051.0,60910.0,3412.0,0
4417,510000.0,2,30,2,1,0,0,-1,0,0,-1,219418.0,271533.0,339009.0,328874.0,302874.0,323588.0,10697.0,32013.0,328874.0,78334.0,70345.0,323588.0,0
4418,90000.0,1,33,2,1,0,0,-1,-1,-1,0,11477.0,19104.0,16384.0,14393.0,13088.0,7922.0,4187.0,3766.0,14393.0,13088.0,7922.0,1847.0,0
4419,160000.0,2,42,1,2,0,1,-1,-1,-2,-1,47646.0,36027.0,46131.0,46940.0,0.0,40475.0,8060.0,5456.0,46940.0,0.0,6406.0,40475.0,0
4420,250000.0,2,27,2,1,-1,-1,0,-1,-1,0,61406.0,23825.0,63682.0,50127.0,61018.0,17698.0,23825.0,63682.0,37575.0,61018.0,17698.0,5303.0,0
4421,330000.0,1,54,2,1,0,-1,-1,-2,0,-1,16357.0,10742.0,29670.0,0.0,22011.0,19141.0,2347.0,29670.0,0.0,12535.0,13502.0,19141.0,0
4422,250000.0,2,44,2,2,-1,3,2,1,2,1,171859.0,167801.0,173349.0,152811.0,160184.0,152993.0,167801.0,1163.0,1206.0,5083.0,4702.0,1049.0,0
4423,120000.0,1,32,1,1,5,4,3,2,-1,0,17992.0,32768.0,39201.0,25566.0,33919.0,33878.0,1325.0,771.0,562.0,1381.0,33878.0,5643.0,0
4424,140000.0,1,52,1,2,0,0,0,0,2,1,95108.0,104642.0,101527.0,92137.0,93843.0,114016.0,5788.0,7012.0,3611.0,6667.0,625.0,827.0,1
4425,160000.0,1,41,2,1,-1,-1,0,-2,-1,0,59742.0,56965.0,83115.0,0.0,73211.0,67957.0,56965.0,83115.0,0.0,25939.0,67957.0,34175.0,0
4426,170000.0,1,34,2,2,0,-2,0,0,-1,0,98674.0,0.0,111366.0,96729.0,71431.0,94430.0,0.0,8889.0,18170.0,9835.0,94430.0,8576.0,0
4427,240000.0,1,40,2,1,-1,0,0,0,0,0,71109.0,81530.0,89108.0,122599.0,99754.0,96710.0,81530.0,8372.0,19465.0,10393.0,5382.0,7681.0,1
4428,100000.0,1,28,1,1,-1,0,-1,-1,0,0,23476.0,19641.0,18897.0,15026.0,18137.0,29842.0,19641.0,1127.0,15026.0,18137.0,12495.0,11211.0,0
4429,60000.0,2,36,1,2,0,0,-1,0,0,0,30758.0,45873.0,32183.0,33052.0,26256.0,25699.0,6218.0,3019.0,33052.0,1245.0,1070.0,2563.0,0
4430,420000.0,1,47,1,2,-1,0,0,0,0,-2,225373.0,254982.0,222962.0,278496.0,246124.0,0.0,254982.0,56551.0,115618.0,26590.0,0.0,0.0,0
4431,130000.0,2,45,2,2,0,-1,0,0,0,0,50522.0,59386.0,59470.0,45586.0,51694.0,61230.0,3862.0,59470.0,2270.0,15510.0,7752.0,2301.0,0
4432,120000.0,2,42,2,2,-1,-2,-1,-2,0,0,45547.0,0.0,36677.0,0.0,40941.0,33438.0,0.0,16213.0,0.0,18902.0,7924.0,5048.0,1
4433,310000.0,1,28,1,2,0,-1,-2,-2,0,0,-6200.0,43177.0,0.0,0.0,11759.0,44892.0,8532.0,0.0,0.0,4813.0,8013.0,27474.0,0
4434,60000.0,2,34,1,2,0,-2,0,0,0,0,27995.0,0.0,27742.0,24161.0,25328.0,17571.0,0.0,5135.0,4629.0,3414.0,4045.0,3389.0,0
4435,130000.0,2,41,2,2,0,0,0,0,-2,0,78213.0,89246.0,70507.0,65032.0,0.0,55658.0,3625.0,9403.0,20314.0,0.0,13504.0,7480.0,0
4436,100000.0,1,39,2,2,-1,0,0,2,-1,0,26015.0,31455.0,22027.0,3486.0,25689.0,20209.0,31455.0,2381.0,840.0,1153.0,20209.0,12736.0,0
4437,180000.0,2,41,2,2,0,0,0,-1,0,0,58071.0,55315.0,89007.0,47042.0,73977.0,68479.0,4550.0,16208.0,12026.0,73977.0,20814.0,21763.0,0
4438,150000.0,2,27,1,2,-1,-1,0,-1,2,0,-3000.0,19484.0,22420.0,193.0,21116.0,-3000.0,19484.0,22420.0,24.0,21116.0,0.0,0.0,0
4439,180000.0,1,30,2,2,0,-2,-1,0,0,0,82871.0,0.0,106988.0,74602.0,66399.0,63773.0,0.0,18762.0,74602.0,9777.0,14574.0,26811.0,0
4440,50000.0,1,28,2,1,0,-2,-1,-1,0,-1,2829.0,0.0,6589.0,8179.0,8722.0,9753.0,0.0,3215.0,8179.0,8722.0,1167.0,9753.0,0
4441,80000.0,1,26,0,2,3,2,0,2,0,0,26764.0,23365.0,21560.0,21980.0,38889.0,32546.0,131.0,745.0,1201.0,456.0,5633.0,1548.0,1
4442,60000.0,2,28,2,2,0,1,2,3,2,1,48744.0,55828.0,49777.0,53376.0,50666.0,58380.0,8615.0,111.0,220.0,766.0,86.0,520.0,0
4443,330000.0,1,27,1,2,-2,0,0,0,-1,0,0.0,174225.0,155888.0,167815.0,123096.0,202308.0,55936.0,2694.0,17558.0,36547.0,202308.0,5266.0,0
4444,330000.0,2,47,2,2,0,1,-2,-2,-1,-2,149413.0,137408.0,0.0,0.0,96714.0,0.0,10094.0,0.0,0.0,19126.0,0.0,0.0,0
4445,200000.0,2,43,1,1,2,1,2,1,0,0,81904.0,96816.0,89489.0,97381.0,88818.0,82657.0,2150.0,3543.0,6709.0,4270.0,18708.0,1896.0,0
4446,190000.0,1,34,2,1,-1,-1,-1,-1,-1,0,43959.0,40652.0,6524.0,21411.0,14285.0,10346.0,40652.0,6524.0,21411.0,14285.0,10346.0,3800.0,0
4447,140000.0,1,30,1,2,0,-2,-1,-1,0,-1,31983.0,0.0,43350.0,53638.0,48413.0,32252.0,0.0,30353.0,53638.0,48413.0,14095.0,32252.0,0
4448,80000.0,2,34,2,1,0,5,4,3,2,1,65297.0,75818.0,82676.0,70029.0,68922.0,62156.0,13998.0,901.0,596.0,178.0,432.0,319.0,0
4449,470000.0,2,41,1,1,0,-1,0,0,0,-1,116581.0,83418.0,140122.0,157301.0,151424.0,128656.0,14205.0,140122.0,21908.0,81117.0,3584.0,128656.0,0
4450,90000.0,2,41,3,1,0,-1,0,-2,0,-2,5249.0,11551.0,19096.0,0.0,7326.0,0.0,5064.0,19096.0,0.0,2484.0,0.0,0.0,0
4451,410000.0,1,29,1,0,0,0,-1,0,0,-2,62755.0,172138.0,93965.0,104624.0,106102.0,0.0,25968.0,46402.0,104624.0,35983.0,0.0,0.0,0
4452,450000.0,2,32,3,1,2,1,-1,0,0,-2,253069.0,245711.0,304733.0,273379.0,320203.0,0.0,2613.0,13482.0,273379.0,23598.0,0.0,0.0,1
4453,40000.0,1,32,3,3,3,2,3,2,0,0,26057.0,25568.0,19664.0,19595.0,23687.0,22599.0,2144.0,93.0,641.0,1059.0,348.0,3260.0,1
4454,170000.0,2,27,2,1,1,0,0,0,0,0,69112.0,81482.0,73483.0,56785.0,31425.0,61277.0,2434.0,2624.0,6534.0,8525.0,9413.0,8471.0,0
4455,100000.0,1,37,2,1,2,-1,1,0,0,0,57870.0,60812.0,90099.0,68549.0,78970.0,87213.0,595.0,90099.0,477.0,4810.0,4145.0,2096.0,0
4456,160000.0,1,34,2,3,0,0,-1,0,-1,2,72588.0,64565.0,97124.0,68550.0,70154.0,87423.0,24206.0,13542.0,68550.0,7881.0,87423.0,1418.0,0
4457,20000.0,2,32,2,1,-1,0,-1,3,2,1,11126.0,13570.0,12504.0,16154.0,11238.0,11827.0,13570.0,4325.0,16154.0,407.0,259.0,552.0,0
4458,230000.0,2,25,1,2,2,1,0,0,-1,0,147593.0,99530.0,128526.0,145655.0,155285.0,143158.0,1211.0,1463.0,27158.0,34151.0,143158.0,34937.0,0
4459,70000.0,2,37,2,1,-1,-1,-1,0,0,0,827.0,5261.0,9870.0,7048.0,11350.0,6957.0,5261.0,9870.0,7048.0,5443.0,3246.0,1860.0,0
4460,280000.0,1,58,1,1,4,3,2,1,0,-2,189080.0,224563.0,174132.0,204676.0,212602.0,0.0,292.0,769.0,1106.0,2311.0,0.0,0.0,1
4461,160000.0,1,34,2,3,1,0,0,0,0,0,77532.0,78364.0,74322.0,71093.0,69201.0,46923.0,2721.0,2235.0,11934.0,11949.0,7771.0,3667.0,0
4462,320000.0,1,39,1,1,2,3,2,3,2,0,223486.0,163821.0,212762.0,168294.0,219087.0,204312.0,925.0,711.0,1156.0,1226.0,1190.0,6384.0,0
4463,80000.0,1,27,3,2,0,0,0,0,0,0,30849.0,42585.0,51727.0,50707.0,41625.0,40164.0,3891.0,18230.0,5580.0,4908.0,2092.0,6607.0,1
4464,140000.0,1,29,2,2,0,0,0,0,0,0,91029.0,74254.0,79962.0,80794.0,71468.0,77694.0,1450.0,16992.0,3570.0,5829.0,13870.0,4800.0,0
4465,140000.0,1,34,1,1,1,0,0,0,0,0,43333.0,29512.0,64650.0,45379.0,51890.0,37362.0,1509.0,3509.0,2111.0,3482.0,5854.0,5791.0,1
4466,60000.0,1,26,1,1,1,0,0,-2,2,0,34258.0,31814.0,18896.0,0.0,35482.0,29416.0,2043.0,218.0,0.0,566.0,365.0,1123.0,0
4467,100000.0,1,26,1,2,0,0,0,1,0,-2,58511.0,42194.0,65648.0,73721.0,64749.0,0.0,5452.0,23791.0,5695.0,1782.0,0.0,0.0,0
4468,180000.0,2,66,1,1,0,0,-1,0,0,0,38051.0,34965.0,56976.0,54359.0,44818.0,31573.0,12358.0,23640.0,54359.0,2431.0,1349.0,1481.0,0
4469,140000.0,2,35,1,1,0,0,0,0,0,0,88336.0,73753.0,106394.0,96758.0,107271.0,82682.0,6717.0,2799.0,1803.0,11224.0,1427.0,4323.0,1
4470,140000.0,2,35,2,1,0,2,0,4,3,2,102307.0,102009.0,117445.0,110461.0,88559.0,90407.0,10887.0,1305.0,2446.0,1150.0,1379.0,2459.0,0
4471,240000.0,1,48,1,2,0,0,0,0,0,1,145955.0,147066.0,136731.0,100103.0,135859.0,167587.0,31519.0,18061.0,7208.0,2459.0,11702.0,1262.0,0
4472,190000.0,1,36,3,1,-1,-2,0,0,-1,0,40081.0,0.0,46956.0,74885.0,61952.0,60163.0,0.0,33799.0,21140.0,34829.0,60163.0,12945.0,0
4473,370000.0,2,40,3,2,0,-1,-1,0,-1,-1,82314.0,6742.0,47729.0,36693.0,36472.0,23546.0,2300.0,47729.0,36693.0,11429.0,23546.0,23546.0,0
4474,40000.0,1,33,3,2,-2,0,0,0,0,0,0.0,22105.0,27246.0,24192.0,22144.0,20137.0,642.0,3209.0,925.0,2036.0,2929.0,3310.0,0
4475,200000.0,1,39,1,1,2,1,0,-2,2,1,171387.0,179510.0,164661.0,0.0,189775.0,194743.0,1431.0,2231.0,0.0,3941.0,314.0,3687.0,1
4476,150000.0,2,26,2,2,0,0,0,0,0,2,1671.0,21726.0,46674.0,8535.0,32268.0,1001.0,15911.0,5220.0,5399.0,4782.0,352.0,48.0,0
4477,100000.0,1,33,2,2,0,0,0,-1,0,0,29930.0,30117.0,20975.0,27140.0,36728.0,36185.0,9697.0,5852.0,4491.0,36728.0,6646.0,5479.0,0
4478,150000.0,1,38,3,3,0,0,0,-2,-1,0,27161.0,30681.0,18749.0,0.0,23395.0,12833.0,19755.0,5302.0,0.0,6247.0,12833.0,5411.0,0
4479,40000.0,2,39,1,1,2,0,0,0,-1,0,15146.0,14199.0,12200.0,11575.0,11279.0,18063.0,506.0,2114.0,3284.0,2028.0,18063.0,2389.0,1
4480,190000.0,2,31,2,1,2,-2,0,0,0,0,81827.0,0.0,87725.0,75875.0,96469.0,104701.0,0.0,7018.0,1898.0,7548.0,2729.0,41508.0,1
4481,120000.0,1,41,2,1,-1,0,0,0,-1,-2,45270.0,46310.0,38879.0,68509.0,57224.0,0.0,46310.0,3710.0,5034.0,6320.0,0.0,0.0,0
4482,40000.0,2,24,1,2,0,2,0,0,0,0,25060.0,34187.0,33736.0,28879.0,29667.0,28759.0,793.0,465.0,3274.0,4424.0,1184.0,3068.0,1
4483,100000.0,2,30,2,1,0,0,-2,0,0,0,36876.0,18500.0,0.0,35834.0,38446.0,39818.0,6155.0,0.0,8669.0,15753.0,12350.0,20295.0,0
4484,540000.0,2,49,2,1,-1,-1,0,-1,-1,-1,-2798.0,-10800.0,53949.0,53213.0,-10800.0,60679.0,0.0,53949.0,12466.0,0.0,60679.0,60679.0,0
4485,100000.0,1,24,2,2,0,0,-1,0,0,0,32058.0,55800.0,61298.0,51903.0,47074.0,61057.0,2885.0,10009.0,51903.0,22646.0,4339.0,11688.0,1
4486,410000.0,1,43,3,2,0,0,-2,1,2,1,84442.0,50002.0,0.0,177680.0,122074.0,116636.0,8869.0,0.0,25438.0,5022.0,2177.0,2135.0,0
4487,750000.0,2,30,1,2,-2,-1,-2,0,0,0,0.0,244870.0,0.0,123684.0,181545.0,159048.0,132993.0,0.0,98411.0,35277.0,97154.0,73272.0,0
4488,150000.0,1,35,2,2,0,0,-1,0,0,1,47652.0,30215.0,39276.0,60980.0,44345.0,52814.0,1253.0,8633.0,60980.0,4530.0,6723.0,1996.0,0
4489,160000.0,2,46,1,1,-1,0,0,0,0,0,22527.0,29117.0,46480.0,32898.0,46613.0,48544.0,29117.0,4015.0,15407.0,17298.0,5552.0,953.0,0
4490,300000.0,2,68,2,2,-1,0,0,0,0,0,164432.0,153532.0,168399.0,186438.0,169545.0,168758.0,153532.0,13850.0,9615.0,18930.0,39182.0,27807.0,1
4491,500000.0,1,38,1,1,-1,0,0,0,0,0,71414.0,136949.0,99919.0,88291.0,141930.0,73308.0,136949.0,66075.0,8378.0,20850.0,25937.0,14986.0,0
4492,400000.0,2,30,2,2,-2,-2,0,-1,1,0,0.0,0.0,162046.0,99343.0,110223.0,152054.0,0.0,47413.0,20750.0,110223.0,4398.0,43001.0,0
4493,140000.0,1,26,2,2,3,4,3,2,1,0,78516.0,70195.0,87833.0,69232.0,84897.0,74393.0,656.0,2041.0,1157.0,285.0,392.0,1558.0,0
4494,70000.0,2,33,2,1,-1,-1,-1,0,0,-1,18213.0,25756.0,19261.0,19209.0,10737.0,19701.0,25756.0,19261.0,19209.0,2340.0,6230.0,19701.0,0
4495,380000.0,1,41,2,2,-1,0,0,-1,-2,-1,73012.0,158518.0,15393.0,62979.0,0.0,52001.0,158518.0,4187.0,11855.0,0.0,14527.0,52001.0,0
4496,40000.0,1,35,2,2,-2,-1,0,0,0,0,0.0,4956.0,2654.0,9681.0,7836.0,4323.0,302.0,2654.0,749.0,1441.0,1239.0,356.0,0
4497,150000.0,1,32,1,2,2,0,2,1,-1,-2,22426.0,49490.0,64432.0,48428.0,48713.0,0.0,258.0,2983.0,1136.0,387.0,0.0,0.0,0
4498,210000.0,2,45,1,2,0,-2,-1,1,0,-1,41459.0,0.0,55419.0,34377.0,45811.0,63007.0,0.0,14119.0,34377.0,2119.0,31195.0,63007.0,0
4499,170000.0,1,32,2,2,-1,-1,-1,1,0,-2,42556.0,34716.0,32049.0,43920.0,38585.0,0.0,34716.0,32049.0,43920.0,1046.0,0.0,0.0,0
4500,120000.0,2,39,1,1,0,0,-1,0,0,0,48215.0,61662.0,33666.0,51684.0,38103.0,65150.0,12942.0,10540.0,51684.0,930.0,34435.0,16639.0,0
4501,100000.0,2,34,3,2,-1,-1,0,-1,0,0,35674.0,7713.0,20446.0,13303.0,15286.0,10023.0,7713.0,20446.0,943.0,15286.0,3486.0,1694.0,0
4502,320000.0,2,31,1,2,0,-2,0,0,-1,0,160942.0,0.0,149891.0,162218.0,151229.0,139020.0,0.0,13493.0,6841.0,5654.0,139020.0,11694.0,0
4503,130000.0,2,32,2,2,2,1,0,0,0,0,93269.0,92667.0,95041.0,96872.0,90059.0,114821.0,2355.0,278.0,2291.0,3402.0,3867.0,718.0,1
4504,110000.0,2,44,1,2,0,0,-2,0,0,0,36833.0,52845.0,0.0,50302.0,66259.0,33298.0,6194.0,0.0,2803.0,1895.0,2790.0,3262.0,0
4505,170000.0,2,41,3,3,0,0,0,0,0,0,112569.0,124295.0,116306.0,115772.0,135401.0,96953.0,41068.0,4687.0,12414.0,2160.0,4425.0,47377.0,0
4506,210000.0,2,40,1,2,0,0,-1,0,0,-1,78116.0,85699.0,94369.0,72163.0,74524.0,80204.0,3952.0,11571.0,72163.0,6042.0,2922.0,80204.0,0
4507,60000.0,2,35,2,1,0,0,0,-2,0,0,6966.0,5754.0,11112.0,0.0,12548.0,9131.0,579.0,474.0,0.0,3485.0,664.0,1496.0,0
4508,70000.0,1,29,2,2,-1,0,0,-1,0,0,13891.0,8029.0,25431.0,13983.0,3563.0,5561.0,8029.0,9681.0,2864.0,3563.0,3626.0,1897.0,0
4509,670000.0,1,38,1,1,-1,0,-1,-1,-1,-1,146898.0,151633.0,131414.0,214125.0,77094.0,160500.0,151633.0,58086.0,214125.0,77094.0,160500.0,160500.0,0
4510,150000.0,1,59,2,1,1,0,0,0,0,0,94417.0,105140.0,108556.0,118047.0,95418.0,103648.0,503.0,7220.0,15917.0,11283.0,8062.0,24093.0,0
4511,180000.0,1,35,2,2,0,0,-1,-1,-1,-1,3588.0,2400.0,24915.0,-3600.0,8665.0,27118.0,657.0,23387.0,0.0,8665.0,27118.0,27118.0,0
4512,80000.0,1,28,2,2,1,2,1,2,0,0,55753.0,53590.0,63413.0,60146.0,62803.0,61186.0,586.0,1357.0,1151.0,339.0,6154.0,3853.0,1
4513,90000.0,2,36,3,2,0,0,0,-1,-1,-1,10346.0,11874.0,26495.0,14544.0,10685.0,22409.0,2804.0,10512.0,4476.0,10685.0,22409.0,22409.0,0
4514,150000.0,1,53,2,1,0,0,0,-1,0,1,77218.0,49929.0,55578.0,70301.0,71885.0,58769.0,13032.0,15404.0,54445.0,71885.0,21121.0,4635.0,0
4515,80000.0,2,25,2,2,2,0,0,-1,0,0,26617.0,26768.0,28306.0,30207.0,26636.0,30692.0,1302.0,2794.0,7928.0,26636.0,16807.0,16672.0,0
4516,330000.0,1,43,1,2,0,-1,0,0,-1,-2,42388.0,39658.0,-6600.0,-6600.0,11716.0,0.0,28788.0,0.0,0.0,4036.0,0.0,0.0,0
4517,390000.0,2,39,1,2,0,-1,1,0,0,1,60292.0,59391.0,61345.0,-7800.0,91995.0,24155.0,11006.0,61345.0,0.0,23471.0,2594.0,1701.0,0
4518,290000.0,2,28,1,2,0,-1,0,0,0,0,122047.0,161544.0,145101.0,145843.0,148059.0,117675.0,14529.0,145101.0,37472.0,46745.0,10555.0,38079.0,0
4519,150000.0,1,42,1,1,0,-1,-1,0,0,0,58451.0,83114.0,97040.0,91920.0,87512.0,73139.0,29546.0,97040.0,91920.0,8124.0,16373.0,10315.0,0
4520,70000.0,2,25,2,2,0,0,0,1,0,0,28947.0,33323.0,45409.0,29532.0,24410.0,34472.0,3666.0,22119.0,3100.0,658.0,7964.0,8013.0,0
4521,50000.0,1,42,1,2,0,-1,-1,0,0,0,23813.0,21331.0,24619.0,25092.0,22282.0,16232.0,3315.0,24619.0,25092.0,7162.0,2835.0,1999.0,0
4522,400000.0,1,40,1,1,0,0,-1,2,1,0,301222.0,264357.0,251005.0,223091.0,290838.0,305252.0,7371.0,1674.0,223091.0,3641.0,5009.0,53229.0,0
4523,90000.0,2,23,2,2,0,0,0,0,0,0,14991.0,24256.0,21988.0,40857.0,21719.0,15878.0,10501.0,2594.0,7296.0,8145.0,3768.0,411.0,0
4524,70000.0,1,27,1,2,0,0,0,0,0,0,17193.0,20393.0,24444.0,13180.0,17629.0,9963.0,2111.0,3993.0,924.0,2116.0,4082.0,1608.0,0
4525,70000.0,2,26,1,2,0,0,3,2,0,-1,13282.0,20647.0,14260.0,18181.0,22020.0,16550.0,7379.0,1855.0,1017.0,2476.0,2628.0,16550.0,0
4526,310000.0,1,34,1,3,0,0,-1,-1,0,0,149129.0,135574.0,116391.0,103894.0,122357.0,90481.0,63538.0,19421.0,103894.0,122357.0,16264.0,20363.0,0
4527,90000.0,1,26,2,2,-2,0,2,1,0,0,0.0,29688.0,44564.0,47730.0,45253.0,44705.0,2159.0,8183.0,766.0,151.0,4665.0,2090.0,0
4528,320000.0,2,41,1,2,0,0,-1,0,-2,0,149015.0,132414.0,96749.0,120915.0,0.0,109406.0,55050.0,11534.0,120915.0,0.0,6876.0,5115.0,0
4529,230000.0,2,46,1,2,0,0,-1,-1,0,0,66708.0,38300.0,76786.0,64288.0,80410.0,63837.0,9970.0,18822.0,64288.0,80410.0,8722.0,6613.0,0
4530,200000.0,2,43,3,2,0,-1,0,-1,0,-1,55878.0,66530.0,60155.0,34488.0,43596.0,56675.0,18711.0,60155.0,16845.0,43596.0,10214.0,56675.0,0
4531,140000.0,1,28,2,2,0,0,-1,-1,-1,0,33386.0,33792.0,46599.0,31466.0,28620.0,22535.0,12940.0,10103.0,31466.0,28620.0,22535.0,7950.0,0
4532,20000.0,2,44,2,1,3,4,3,2,1,2,4906.0,3737.0,2834.0,6365.0,2754.0,4523.0,336.0,98.0,147.0,98.0,117.0,66.0,0
4533,410000.0,2,27,1,1,0,0,0,0,0,0,86089.0,128960.0,136831.0,136207.0,117095.0,102174.0,42333.0,18864.0,11102.0,32401.0,29833.0,7592.0,0
4534,40000.0,2,35,3,2,2,0,0,0,-1,0,15363.0,16989.0,12939.0,13779.0,16129.0,20303.0,1271.0,667.0,3347.0,9750.0,20303.0,3167.0,0
4535,250000.0,1,32,3,2,0,0,0,0,0,0,95865.0,90375.0,108837.0,119166.0,68876.0,115411.0,7047.0,5379.0,9525.0,6566.0,14417.0,7160.0,0
4536,160000.0,2,47,2,1,-1,0,0,0,-2,-1,31968.0,11002.0,21590.0,3502.0,0.0,34605.0,11002.0,17818.0,1470.0,0.0,23938.0,34605.0,0
4537,100000.0,2,34,1,2,0,0,-1,0,-1,0,11872.0,29887.0,28108.0,25274.0,18246.0,11090.0,14006.0,9869.0,25274.0,7437.0,11090.0,3240.0,0
4538,90000.0,1,35,2,2,-1,-1,-1,0,-1,0,31364.0,11084.0,26772.0,15557.0,24260.0,12813.0,11084.0,26772.0,15557.0,3113.0,12813.0,3173.0,1
4539,100000.0,1,32,1,2,0,0,0,0,-2,-2,58036.0,37739.0,36412.0,28812.0,0.0,0.0,1588.0,772.0,3646.0,0.0,0.0,0.0,0
4540,150000.0,1,26,2,2,0,0,-1,0,-1,-1,15718.0,39851.0,8672.0,4353.0,10765.0,31176.0,22511.0,5768.0,4353.0,4097.0,31176.0,31176.0,0
4541,130000.0,2,31,3,2,4,3,2,-2,0,0,108844.0,114101.0,116631.0,0.0,116217.0,120551.0,390.0,2033.0,0.0,890.0,7177.0,2125.0,0
4542,30000.0,2,28,3,1,0,-1,0,-2,-2,0,15154.0,13928.0,13348.0,0.0,0.0,14206.0,3980.0,13348.0,0.0,0.0,2110.0,6880.0,0
4543,30000.0,2,35,3,1,-2,2,1,0,-2,0,0.0,26049.0,24604.0,23907.0,0.0,25345.0,2725.0,242.0,218.0,0.0,1537.0,773.0,0
4544,310000.0,2,36,2,2,0,0,0,0,0,0,147697.0,117738.0,152628.0,172316.0,138603.0,166336.0,18231.0,17854.0,18051.0,15836.0,1581.0,7867.0,0
4545,250000.0,1,42,1,1,0,0,0,1,2,1,150926.0,161261.0,143868.0,136965.0,141640.0,171458.0,6196.0,29388.0,48274.0,1106.0,3182.0,4798.0,0
4546,80000.0,2,41,1,2,5,4,3,2,1,0,34455.0,32396.0,35810.0,44069.0,48967.0,32883.0,633.0,716.0,3737.0,1810.0,966.0,2890.0,1
4547,340000.0,1,31,1,2,-1,0,0,0,0,-1,19058.0,60382.0,32979.0,42027.0,-6800.0,25553.0,60382.0,13998.0,16637.0,0.0,13871.0,25553.0,0
4548,280000.0,1,32,2,2,1,2,1,0,-2,0,210679.0,211499.0,201207.0,222414.0,0.0,182686.0,1509.0,758.0,957.0,0.0,6670.0,5745.0,0
4549,170000.0,1,34,2,2,-1,0,0,0,0,-1,90306.0,82399.0,92246.0,81544.0,91446.0,86484.0,82399.0,2962.0,2628.0,5963.0,2834.0,86484.0,0
4550,190000.0,2,38,4,1,0,-1,0,0,-2,-1,-1818.0,25304.0,47492.0,14921.0,0.0,14770.0,12351.0,47492.0,8529.0,0.0,2871.0,14770.0,0
4551,130000.0,1,42,1,1,3,2,0,0,0,0,111881.0,106288.0,105531.0,122314.0,98737.0,109994.0,926.0,1226.0,4815.0,3766.0,8834.0,2167.0,1
4552,20000.0,2,27,2,2,0,2,-2,3,2,0,13432.0,11033.0,0.0,14198.0,13346.0,13375.0,330.0,0.0,627.0,141.0,137.0,658.0,0
4553,320000.0,2,41,1,1,-2,-2,-1,0,0,0,0.0,0.0,16873.0,46948.0,17717.0,33937.0,0.0,10994.0,46948.0,3450.0,5881.0,4356.0,0
4554,60000.0,2,38,3,2,0,0,2,0,0,0,33507.0,23942.0,26255.0,27281.0,36085.0,36959.0,2356.0,869.0,184.0,2961.0,2982.0,424.0,0
4555,540000.0,1,41,2,1,0,0,-1,0,0,-2,280458.0,221301.0,182623.0,89918.0,304955.0,0.0,45709.0,45954.0,89918.0,173709.0,0.0,0.0,1
4556,120000.0,2,28,1,3,0,-1,0,0,-1,0,51152.0,44700.0,39452.0,40080.0,34963.0,25684.0,8112.0,39452.0,4848.0,1732.0,25684.0,5894.0,0
4557,170000.0,2,28,2,2,0,0,0,0,0,-1,52397.0,68755.0,60234.0,25544.0,70115.0,66552.0,11084.0,4741.0,7089.0,13472.0,15274.0,66552.0,0
4558,70000.0,1,31,2,2,0,0,-2,1,-2,0,39809.0,48216.0,0.0,47047.0,0.0,39168.0,2059.0,0.0,4014.0,0.0,1154.0,1013.0,1
4559,30000.0,2,33,3,2,0,1,2,1,0,0,17725.0,20053.0,22055.0,23795.0,28573.0,24488.0,490.0,328.0,1720.0,1634.0,3317.0,1966.0,0
4560,140000.0,2,43,1,1,0,1,-1,0,0,0,63365.0,40111.0,32655.0,93160.0,36704.0,57615.0,6334.0,873.0,93160.0,7888.0,19683.0,14519.0,0
4561,530000.0,2,34,2,2,0,0,-2,0,0,-1,107941.0,53008.0,0.0,123229.0,83876.0,63906.0,11790.0,0.0,11050.0,7825.0,23252.0,63906.0,0
4562,120000.0,1,33,2,2,1,0,2,0,0,-2,77126.0,90324.0,79634.0,79173.0,94281.0,0.0,814.0,12394.0,1885.0,16972.0,0.0,0.0,1
4563,60000.0,1,55,1,1,0,-1,2,0,1,0,44678.0,46878.0,37039.0,40234.0,46498.0,37768.0,3488.0,37039.0,2272.0,3998.0,618.0,1690.0,0
4564,370000.0,2,36,1,1,0,2,-2,0,-1,0,109066.0,48401.0,0.0,99174.0,82717.0,103970.0,16454.0,0.0,19876.0,13127.0,103970.0,87959.0,0
4565,400000.0,2,34,1,2,0,-1,0,-1,0,-2,112980.0,146386.0,134718.0,150446.0,143395.0,0.0,26482.0,134718.0,23581.0,143395.0,0.0,0.0,0
4566,70000.0,2,39,2,1,2,1,0,0,0,0,53485.0,46057.0,54024.0,54390.0,59300.0,55377.0,998.0,596.0,10141.0,13408.0,1418.0,2428.0,0
4567,130000.0,2,34,2,2,0,0,0,0,0,0,67645.0,84402.0,71272.0,84554.0,82764.0,78102.0,17019.0,1861.0,2996.0,7662.0,6071.0,7214.0,0
4568,120000.0,1,32,2,2,0,0,0,-1,-1,0,5628.0,-2400.0,7575.0,2478.0,3429.0,24129.0,0.0,1901.0,997.0,3429.0,24129.0,10864.0,0
4569,50000.0,2,33,3,2,0,-1,-1,0,0,0,11692.0,17707.0,8803.0,10500.0,8930.0,17126.0,1736.0,8803.0,10500.0,4688.0,3178.0,3761.0,0
4570,200000.0,2,40,1,1,0,-2,-2,0,0,-1,95825.0,0.0,0.0,85621.0,96330.0,106514.0,0.0,0.0,24404.0,26469.0,16561.0,106514.0,0
4571,30000.0,2,37,3,2,1,0,3,2,1,0,23112.0,26299.0,21476.0,24367.0,27288.0,24574.0,1602.0,442.0,1017.0,84.0,328.0,1177.0,1
4572,150000.0,2,31,2,1,-1,0,-1,0,0,0,88322.0,68121.0,92494.0,67178.0,80089.0,78543.0,68121.0,7591.0,67178.0,36228.0,5434.0,1992.0,1
4573,240000.0,2,30,2,1,0,0,0,0,0,0,223073.0,193621.0,190851.0,185392.0,199642.0,194709.0,42923.0,2704.0,8195.0,2123.0,10465.0,15832.0,1
4574,100000.0,2,34,1,1,2,1,0,0,0,0,82289.0,95318.0,90469.0,93392.0,86954.0,90521.0,242.0,1406.0,11397.0,2977.0,4853.0,2209.0,0
4575,210000.0,1,40,2,1,1,0,0,0,0,0,131540.0,134192.0,124318.0,117754.0,95938.0,140204.0,6273.0,2116.0,6933.0,1841.0,20662.0,18864.0,1
4576,240000.0,1,45,2,2,-1,0,0,0,1,0,121069.0,67500.0,106157.0,83478.0,97066.0,99580.0,67500.0,24148.0,24731.0,7060.0,4211.0,3875.0,0
4577,260000.0,2,34,1,1,0,0,0,0,0,-2,55238.0,27169.0,32539.0,31582.0,37015.0,0.0,5093.0,3850.0,5164.0,7540.0,0.0,0.0,0
4578,230000.0,2,28,3,2,0,-1,-1,-1,0,0,62474.0,77724.0,48930.0,68487.0,79360.0,46646.0,32766.0,48930.0,68487.0,79360.0,7199.0,14590.0,0
4579,200000.0,2,46,1,1,1,0,0,-1,-1,0,24813.0,38378.0,50367.0,82218.0,33657.0,44777.0,2910.0,13311.0,5611.0,33657.0,44777.0,2009.0,1
4580,80000.0,2,37,2,2,0,-2,-1,-1,0,0,17128.0,0.0,15246.0,8754.0,13893.0,2588.0,0.0,2289.0,8754.0,13893.0,849.0,288.0,0
4581,270000.0,2,23,1,2,0,0,3,2,0,0,105439.0,120817.0,117381.0,119705.0,86057.0,128609.0,8830.0,3437.0,1297.0,3343.0,5520.0,3568.0,0
4582,170000.0,2,29,2,2,0,-1,-1,0,-1,-1,13938.0,15984.0,-1531.0,-1430.0,-1917.0,-3400.0,2671.0,0.0,0.0,0.0,0.0,0.0,0
4583,40000.0,2,31,1,2,2,1,2,3,2,1,20283.0,13243.0,23196.0,24972.0,15732.0,15306.0,51.0,612.0,60.0,263.0,30.0,32.0,1
4584,120000.0,2,28,2,2,0,-1,0,0,0,0,47459.0,38306.0,43268.0,36996.0,47833.0,40510.0,11473.0,43268.0,3843.0,2022.0,13797.0,13342.0,0
4585,80000.0,2,38,2,3,0,-2,1,0,0,-1,53303.0,0.0,38633.0,47664.0,46699.0,40712.0,0.0,2310.0,389.0,3005.0,10742.0,40712.0,0
4586,90000.0,2,32,2,2,0,0,-1,0,0,0,33994.0,36362.0,39667.0,40069.0,33080.0,28027.0,3204.0,2597.0,40069.0,928.0,2087.0,3105.0,1
4587,110000.0,1,41,3,1,0,0,0,0,0,0,32172.0,35855.0,23309.0,29612.0,61234.0,26345.0,2516.0,5473.0,3677.0,1569.0,2631.0,7066.0,1
4588,340000.0,1,30,2,2,0,-2,0,1,-1,0,148147.0,0.0,65292.0,50537.0,97340.0,50968.0,0.0,21112.0,1907.0,8615.0,50968.0,3045.0,0
4589,170000.0,2,39,2,2,0,-1,-1,-2,-1,-1,73824.0,56737.0,30195.0,0.0,64685.0,83595.0,15631.0,30195.0,0.0,17434.0,83595.0,83595.0,0
4590,80000.0,1,34,2,1,0,0,-1,-1,-1,-1,8105.0,14970.0,15970.0,17815.0,13780.0,11779.0,10555.0,8048.0,17815.0,13780.0,11779.0,11779.0,0
4591,60000.0,2,39,3,1,2,0,2,3,2,1,31223.0,41713.0,28298.0,33961.0,42175.0,34242.0,728.0,852.0,164.0,287.0,1810.0,395.0,1
4592,260000.0,1,54,1,1,-1,-1,0,-2,0,0,101176.0,107597.0,81234.0,0.0,125027.0,118669.0,107597.0,81234.0,0.0,16079.0,28802.0,15731.0,0
4593,110000.0,2,29,3,1,-1,0,2,0,0,0,39227.0,31061.0,48754.0,66669.0,47710.0,63087.0,31061.0,7366.0,2716.0,4176.0,14766.0,9055.0,1
4594,1000000.0,1,28,1,2,-1,-1,-1,-1,-1,-1,-20000.0,-20000.0,207952.0,12735.0,37965.0,-14585.0,0.0,207952.0,12735.0,37965.0,0.0,0.0,0
4595,50000.0,2,47,3,1,0,0,2,1,0,0,11424.0,13353.0,13125.0,13958.0,11294.0,16042.0,1522.0,1545.0,133.0,520.0,6376.0,1571.0,0
4596,100000.0,2,24,1,2,0,-1,-1,-1,-2,0,12644.0,27207.0,21985.0,16143.0,0.0,21988.0,9872.0,21985.0,16143.0,0.0,5961.0,2536.0,0
4597,260000.0,2,40,2,1,0,0,0,0,0,-1,179653.0,205946.0,154586.0,191700.0,196828.0,199232.0,30683.0,44364.0,27646.0,60953.0,61599.0,199232.0,0
4598,120000.0,1,25,1,2,0,2,0,2,3,2,54899.0,60229.0,59675.0,61385.0,49629.0,64638.0,981.0,828.0,2308.0,807.0,1721.0,475.0,0
4599,130000.0,2,29,2,2,2,1,0,0,0,0,38691.0,27172.0,1832.0,13696.0,47577.0,22745.0,3107.0,135.0,7124.0,20526.0,3581.0,11794.0,0
4600,50000.0,2,26,1,2,2,1,0,0,0,-1,45558.0,38233.0,39311.0,41917.0,37499.0,41308.0,191.0,745.0,7087.0,1127.0,1974.0,41308.0,0
4601,50000.0,1,27,1,1,2,1,0,0,0,-2,25293.0,23259.0,37708.0,35492.0,33408.0,0.0,139.0,524.0,2481.0,4305.0,0.0,0.0,0
4602,170000.0,2,47,3,1,-1,-1,-1,0,0,-1,-3400.0,24528.0,-3400.0,3493.0,3290.0,29899.0,24528.0,0.0,3493.0,1734.0,18095.0,29899.0,0
4603,60000.0,2,29,2,2,0,1,-1,0,0,-1,25063.0,35080.0,19842.0,27996.0,21964.0,28849.0,1232.0,493.0,27996.0,1373.0,14846.0,28849.0,1
4604,150000.0,2,34,3,2,-2,0,0,-1,0,-2,0.0,65819.0,76558.0,63203.0,43909.0,0.0,4034.0,11870.0,21926.0,43909.0,0.0,0.0,0
4605,90000.0,1,35,2,2,0,0,0,0,0,0,33220.0,33455.0,52630.0,21872.0,52783.0,39284.0,12700.0,7666.0,2038.0,13139.0,1682.0,12827.0,0
4606,230000.0,2,38,1,1,-1,1,0,1,0,0,147630.0,180891.0,150263.0,182023.0,164764.0,155234.0,180891.0,1359.0,6322.0,5518.0,10882.0,6922.0,0
4607,440000.0,2,43,1,2,0,1,-1,-1,0,0,304964.0,314393.0,317800.0,301245.0,367700.0,338369.0,23363.0,3342.0,301245.0,367700.0,47922.0,29208.0,0
4608,80000.0,1,41,2,2,0,3,2,3,2,0,71121.0,74048.0,58619.0,66945.0,64684.0,67534.0,1993.0,2163.0,519.0,1982.0,1427.0,1006.0,0
4609,50000.0,2,23,3,2,0,0,0,4,3,2,29267.0,34841.0,28168.0,32440.0,29996.0,38461.0,1333.0,1585.0,1279.0,480.0,208.0,315.0,0
4610,390000.0,2,34,1,2,2,0,2,0,0,0,201445.0,173962.0,169043.0,223654.0,220491.0,180149.0,2226.0,34042.0,1818.0,13618.0,3484.0,51073.0,0
4611,80000.0,2,27,3,2,0,4,3,2,0,0,13176.0,7726.0,16364.0,20928.0,30084.0,13584.0,2955.0,489.0,546.0,1560.0,297.0,3138.0,0
4612,140000.0,1,26,1,2,0,1,0,-1,-1,-2,40028.0,44685.0,31869.0,60466.0,35880.0,0.0,6104.0,767.0,30300.0,35880.0,0.0,0.0,0
4613,220000.0,2,32,2,2,0,0,0,-1,-1,-1,40512.0,64221.0,90555.0,68579.0,67477.0,62321.0,27930.0,57371.0,26929.0,67477.0,62321.0,62321.0,0
4614,60000.0,2,35,2,2,-1,-1,-2,-1,-1,-1,1817.0,1692.0,0.0,-881.0,912.0,5878.0,1692.0,0.0,0.0,912.0,5878.0,5878.0,0
4615,120000.0,1,32,2,2,0,0,1,0,0,0,17892.0,18065.0,38962.0,26513.0,17785.0,26306.0,1641.0,16835.0,873.0,11832.0,3491.0,11640.0,0
4616,60000.0,2,48,2,2,0,-1,4,3,2,0,34408.0,34985.0,31315.0,31502.0,33828.0,32932.0,2548.0,31315.0,533.0,392.0,822.0,863.0,0
4617,80000.0,1,44,1,1,0,-1,0,0,2,-1,52918.0,57142.0,51526.0,62851.0,57823.0,58240.0,1832.0,51526.0,571.0,2856.0,280.0,58240.0,0
4618,240000.0,2,54,2,1,0,0,0,0,-2,-1,67700.0,51546.0,62774.0,48628.0,0.0,46873.0,10122.0,8521.0,5146.0,0.0,5758.0,46873.0,0
4619,260000.0,2,28,2,2,-1,0,0,0,2,1,119027.0,103123.0,145594.0,92465.0,121437.0,120442.0,103123.0,7631.0,6244.0,15203.0,2719.0,3915.0,0
4620,200000.0,2,35,1,2,0,0,-1,0,1,0,137333.0,165775.0,154049.0,131544.0,146440.0,96318.0,9002.0,5895.0,131544.0,19496.0,2658.0,3148.0,0
4621,70000.0,2,39,1,1,-1,-1,-2,2,1,-1,24047.0,17920.0,0.0,23107.0,15111.0,22038.0,17920.0,0.0,6408.0,618.0,3069.0,22038.0,1
4622,110000.0,1,36,2,2,-2,-2,0,0,-1,0,0.0,0.0,12710.0,42774.0,38579.0,42753.0,0.0,4741.0,3330.0,2852.0,42753.0,9477.0,0
4623,220000.0,1,36,1,2,-1,0,-1,-2,-2,-1,56159.0,58511.0,38784.0,0.0,0.0,35892.0,58511.0,32961.0,0.0,0.0,25509.0,35892.0,0
4624,160000.0,2,27,1,1,0,0,1,-1,0,0,115595.0,90781.0,105820.0,123018.0,97576.0,111875.0,7393.0,4879.0,840.0,97576.0,4436.0,8987.0,0
4625,380000.0,1,32,1,2,0,-1,0,-2,-2,0,53640.0,53855.0,69928.0,0.0,0.0,49380.0,3637.0,69928.0,0.0,0.0,4917.0,8357.0,0
4626,90000.0,1,29,1,2,-1,-1,-1,-1,-1,0,2501.0,10025.0,17136.0,4109.0,10657.0,20805.0,10025.0,17136.0,4109.0,10657.0,20805.0,10438.0,0
4627,100000.0,1,28,3,2,-1,0,-2,0,0,0,37851.0,32862.0,0.0,37610.0,50062.0,24689.0,32862.0,0.0,4579.0,20479.0,650.0,7388.0,0
4628,140000.0,2,38,1,2,-1,-1,0,0,0,0,100091.0,76129.0,87445.0,104018.0,66311.0,87645.0,76129.0,87445.0,25910.0,19341.0,5649.0,18796.0,1
4629,110000.0,2,29,2,1,0,0,0,0,-2,-1,51059.0,68857.0,66686.0,67786.0,0.0,69810.0,2214.0,3485.0,11207.0,0.0,4699.0,69810.0,0
4630,130000.0,2,30,1,1,-1,0,-2,-2,0,-1,14383.0,36795.0,0.0,0.0,2413.0,18700.0,36795.0,0.0,0.0,677.0,2410.0,18700.0,0
4631,180000.0,2,37,2,2,3,2,1,0,0,0,116681.0,106693.0,103532.0,110403.0,116057.0,123138.0,1708.0,730.0,403.0,8736.0,10787.0,3004.0,0
4632,40000.0,2,32,3,2,0,0,0,0,0,0,26363.0,19053.0,18711.0,17419.0,22619.0,24888.0,1847.0,3247.0,4250.0,1955.0,14332.0,8943.0,0
4633,100000.0,2,33,2,1,2,1,-1,0,0,-1,75772.0,72413.0,63603.0,64106.0,78826.0,73030.0,367.0,906.0,64106.0,11088.0,8219.0,73030.0,0
4634,150000.0,2,33,2,1,0,0,0,0,0,-1,10449.0,6093.0,24830.0,10037.0,29087.0,23368.0,809.0,9122.0,2182.0,4012.0,2953.0,23368.0,0
4635,210000.0,1,31,2,2,0,-1,0,0,-1,-1,103730.0,94786.0,89550.0,106195.0,83106.0,40367.0,28542.0,89550.0,16012.0,19279.0,40367.0,40367.0,0
4636,260000.0,1,36,2,2,-1,0,0,1,-1,0,27574.0,68271.0,56963.0,41166.0,71153.0,19454.0,68271.0,14272.0,6872.0,1871.0,19454.0,7282.0,0
4637,130000.0,2,55,3,1,1,0,-1,0,0,0,31841.0,16031.0,23198.0,32035.0,42451.0,29951.0,483.0,3785.0,32035.0,2213.0,17603.0,12925.0,0
4638,350000.0,2,26,1,2,0,0,-1,-2,0,0,179208.0,259120.0,222801.0,0.0,188760.0,228409.0,61285.0,57735.0,0.0,26059.0,91433.0,28811.0,1
4639,270000.0,2,26,2,2,0,0,0,0,0,-1,107484.0,80749.0,74701.0,99536.0,62850.0,100393.0,4264.0,3442.0,8715.0,14567.0,15742.0,100393.0,0
4640,100000.0,2,29,2,1,0,-2,0,-1,0,-1,56193.0,0.0,51194.0,53815.0,55215.0,51135.0,0.0,16137.0,12770.0,55215.0,17477.0,51135.0,0
4641,720000.0,1,39,1,1,0,0,0,0,0,1,159523.0,288969.0,214194.0,301137.0,307457.0,258996.0,34683.0,33297.0,76622.0,39821.0,30319.0,8149.0,0
4642,330000.0,1,29,2,1,0,0,0,1,0,0,178080.0,121704.0,176484.0,210559.0,125989.0,196340.0,12817.0,6461.0,50390.0,6489.0,58895.0,14904.0,0
4643,130000.0,2,27,1,1,0,1,0,-1,0,0,72822.0,77195.0,87781.0,101093.0,72118.0,93933.0,2623.0,4788.0,8007.0,72118.0,3871.0,2306.0,0
4644,110000.0,2,31,2,2,0,-1,0,0,0,-2,35819.0,45854.0,40127.0,50748.0,43891.0,0.0,12687.0,40127.0,25453.0,12656.0,0.0,0.0,0
4645,150000.0,1,51,1,1,0,-1,0,0,-1,0,41867.0,35412.0,66097.0,63714.0,63403.0,50209.0,7855.0,66097.0,6122.0,10269.0,50209.0,8520.0,0
4646,160000.0,1,36,1,2,0,2,0,0,0,0,55977.0,73447.0,47352.0,51780.0,58056.0,54645.0,17715.0,2889.0,12221.0,10753.0,7751.0,11949.0,0
4647,230000.0,1,38,1,1,0,1,-2,1,0,0,54336.0,80159.0,0.0,91725.0,75419.0,64308.0,9642.0,0.0,8063.0,12663.0,17427.0,6181.0,0
4648,140000.0,1,30,2,2,0,-2,0,0,0,0,55086.0,0.0,57608.0,47936.0,61112.0,46471.0,0.0,4178.0,3217.0,3891.0,5655.0,8087.0,0
4649,90000.0,1,33,2,2,0,0,0,-1,0,-1,52687.0,52500.0,52996.0,48920.0,52566.0,52449.0,14975.0,9108.0,1179.0,52566.0,11102.0,52449.0,0
4650,160000.0,1,31,6,2,0,-1,0,-2,0,0,28813.0,28403.0,23309.0,0.0,16301.0,36574.0,10494.0,23309.0,0.0,4372.0,17724.0,11910.0,0
4651,270000.0,1,32,2,2,-1,0,0,0,0,-1,104890.0,142993.0,102037.0,127611.0,105636.0,150870.0,142993.0,11807.0,24709.0,10191.0,28968.0,150870.0,1
4652,180000.0,1,38,3,2,0,0,2,1,2,1,51596.0,69411.0,81707.0,88453.0,74843.0,50118.0,711.0,10522.0,4544.0,1122.0,368.0,231.0,0
4653,180000.0,1,30,2,2,2,0,0,0,-1,-2,83667.0,126003.0,98721.0,107061.0,105915.0,0.0,1388.0,14335.0,6100.0,24118.0,0.0,0.0,0
4654,130000.0,1,31,1,1,-1,1,-1,0,-1,-1,282.0,1314.0,13983.0,12613.0,16605.0,18366.0,1314.0,1488.0,12613.0,8005.0,18366.0,18366.0,0
4655,150000.0,1,40,1,2,0,0,0,-1,0,0,69841.0,49898.0,45238.0,18677.0,27876.0,58113.0,13367.0,1481.0,1743.0,27876.0,12643.0,17795.0,0
4656,410000.0,2,39,2,1,0,0,0,-1,2,1,100629.0,175061.0,221659.0,146191.0,163738.0,180264.0,20166.0,12352.0,27099.0,163738.0,7076.0,3373.0,0
4657,250000.0,2,63,1,1,0,0,-1,0,0,-1,8320.0,16340.0,24480.0,19718.0,-5000.0,37427.0,3296.0,6746.0,19718.0,0.0,9854.0,37427.0,0
4658,80000.0,2,41,2,1,0,0,0,0,0,0,61858.0,52808.0,62584.0,51684.0,60516.0,52533.0,3260.0,18015.0,6744.0,1900.0,10854.0,1575.0,0
4659,260000.0,2,44,2,1,0,4,3,2,0,0,193596.0,220795.0,250021.0,236544.0,189718.0,210646.0,62808.0,2509.0,3499.0,664.0,24357.0,17118.0,0
4660,380000.0,1,35,2,1,0,-2,0,0,-2,0,270483.0,0.0,216390.0,286664.0,0.0,247917.0,0.0,33374.0,26233.0,0.0,50436.0,20182.0,0
4661,60000.0,1,29,1,1,0,0,0,-1,-2,0,4367.0,13375.0,12795.0,-934.0,0.0,11793.0,5203.0,7043.0,0.0,0.0,1279.0,3310.0,0
4662,410000.0,2,40,2,1,0,-1,0,1,2,0,106928.0,124941.0,127627.0,61859.0,153388.0,152551.0,14148.0,127627.0,2069.0,19318.0,2058.0,23177.0,0
4663,40000.0,2,24,3,2,-1,0,0,0,0,0,9822.0,5006.0,6636.0,3769.0,6313.0,2295.0,5006.0,1488.0,1171.0,2248.0,1242.0,1147.0,0
4664,200000.0,2,24,2,2,0,-2,0,0,0,0,24496.0,0.0,55385.0,44633.0,41034.0,56460.0,0.0,12549.0,2957.0,12889.0,2010.0,991.0,0
4665,170000.0,2,29,1,2,0,-1,-1,-1,-1,-1,34532.0,29103.0,3232.0,32182.0,32022.0,41962.0,15490.0,3232.0,32182.0,32022.0,41962.0,41962.0,0
4666,100000.0,2,53,2,1,-1,0,0,-1,0,-2,39327.0,39708.0,23821.0,46050.0,30723.0,0.0,39708.0,2817.0,18657.0,30723.0,0.0,0.0,0
4667,60000.0,2,32,2,1,-1,0,0,-1,-1,-1,12013.0,8603.0,-1200.0,13465.0,13484.0,8684.0,8603.0,0.0,3343.0,13484.0,8684.0,8684.0,0
4668,60000.0,1,37,2,1,-1,0,0,0,0,0,26979.0,25294.0,31834.0,31334.0,27078.0,25045.0,25294.0,8308.0,6025.0,4899.0,914.0,1667.0,0
4669,50000.0,1,27,2,2,-2,2,1,0,0,0,0.0,17089.0,13273.0,13999.0,17483.0,17018.0,1288.0,969.0,157.0,4498.0,991.0,1434.0,0
4670,70000.0,1,34,3,1,3,4,3,2,-2,1,38776.0,33890.0,44727.0,45452.0,0.0,43566.0,562.0,1187.0,979.0,0.0,6041.0,1088.0,1
4671,310000.0,2,26,1,2,0,0,0,2,-2,0,104440.0,119097.0,145036.0,133292.0,0.0,124076.0,48765.0,37704.0,32443.0,0.0,6766.0,14291.0,0
4672,90000.0,2,26,2,2,4,3,2,1,0,1,80263.0,76128.0,72858.0,73027.0,80125.0,73870.0,266.0,107.0,80.0,993.0,2415.0,367.0,1
4673,460000.0,1,33,2,1,1,0,0,0,0,0,184637.0,220786.0,144052.0,137267.0,144130.0,194817.0,3292.0,18559.0,13773.0,4787.0,26442.0,7138.0,0
4674,110000.0,1,39,2,2,1,0,-1,0,0,0,32825.0,41120.0,36434.0,44712.0,49058.0,33277.0,1482.0,6658.0,44712.0,4201.0,4465.0,2421.0,0
4675,100000.0,2,26,1,2,0,0,2,1,0,0,62807.0,70812.0,66169.0,72669.0,74846.0,73487.0,4111.0,5050.0,1668.0,1333.0,3361.0,12349.0,0
4676,110000.0,1,28,2,2,-1,-1,-1,0,-2,-1,59675.0,51105.0,43520.0,41994.0,0.0,33840.0,51105.0,43520.0,41994.0,0.0,16449.0,33840.0,0
4677,610000.0,1,45,1,2,0,0,0,0,0,-1,-161.0,8521.0,133410.0,126028.0,146487.0,72765.0,2676.0,12166.0,52854.0,55118.0,14690.0,72765.0,0
4678,70000.0,1,32,2,1,0,-1,-1,0,0,0,27664.0,29822.0,23448.0,24510.0,31848.0,21317.0,1317.0,23448.0,24510.0,7329.0,2863.0,3022.0,1
4679,170000.0,2,33,1,1,-1,0,0,-1,-2,-1,26277.0,-3400.0,25006.0,37582.0,0.0,9126.0,0.0,4967.0,21586.0,0.0,5658.0,9126.0,0
4680,370000.0,1,41,1,1,0,0,0,0,0,-1,105289.0,82444.0,97552.0,102247.0,114735.0,171734.0,8461.0,28898.0,8011.0,7671.0,20318.0,171734.0,0
4681,60000.0,2,28,3,2,0,0,0,0,0,-1,16087.0,19924.0,18289.0,22267.0,14822.0,27616.0,2946.0,9167.0,10213.0,1768.0,5358.0,27616.0,1
4682,170000.0,1,35,2,1,-1,-2,0,0,0,0,63128.0,0.0,88632.0,36162.0,64021.0,58291.0,0.0,10681.0,3793.0,3535.0,3087.0,9247.0,0
4683,150000.0,2,35,1,2,0,0,-2,0,0,0,88136.0,70419.0,0.0,85740.0,68661.0,68039.0,8914.0,0.0,14108.0,17694.0,33165.0,21028.0,0
4684,150000.0,1,35,1,2,0,0,0,0,0,0,59486.0,60514.0,53797.0,47542.0,53642.0,43245.0,4930.0,6562.0,2080.0,8712.0,2929.0,1781.0,0
4685,130000.0,1,48,2,1,0,0,0,-2,0,0,74731.0,82373.0,67481.0,0.0,91379.0,75485.0,7183.0,13126.0,0.0,16208.0,3124.0,18624.0,1
4686,150000.0,2,38,1,2,-1,-1,0,0,0,-1,6452.0,-3000.0,9541.0,-3000.0,10077.0,-757.0,0.0,9541.0,0.0,3420.0,0.0,0.0,0
4687,290000.0,2,34,1,1,0,0,0,2,-2,0,168857.0,162226.0,152671.0,117250.0,0.0,161101.0,95631.0,12986.0,20461.0,0.0,8307.0,4630.0,0
4688,30000.0,1,29,3,2,5,4,5,4,3,2,28806.0,27669.0,25746.0,29320.0,30349.0,33281.0,16.0,11.0,73.0,37.0,66.0,66.0,1
4689,70000.0,2,31,1,1,0,0,0,0,0,0,36832.0,52428.0,46711.0,39989.0,53913.0,50201.0,5112.0,7434.0,552.0,6808.0,2667.0,309.0,1
4690,90000.0,2,33,2,2,0,0,0,0,0,0,76743.0,92969.0,83144.0,70902.0,78989.0,64719.0,6215.0,2195.0,1418.0,1890.0,679.0,3731.0,0
4691,40000.0,1,32,2,2,0,0,0,0,0,1,25713.0,28586.0,32861.0,34696.0,35826.0,32716.0,5333.0,707.0,2702.0,1400.0,1397.0,177.0,1
4692,60000.0,2,34,2,2,2,1,2,1,2,0,40736.0,52354.0,39077.0,49152.0,44198.0,26470.0,911.0,485.0,219.0,860.0,225.0,1820.0,0
4693,70000.0,2,30,1,1,0,0,0,0,2,-2,38555.0,33115.0,39242.0,36416.0,33578.0,0.0,11709.0,20349.0,3547.0,20648.0,0.0,0.0,0
4694,180000.0,1,45,1,1,-1,0,0,-2,0,0,20369.0,27621.0,27968.0,0.0,48848.0,29316.0,27621.0,10036.0,0.0,8564.0,4614.0,8554.0,0
4695,40000.0,2,47,2,1,0,0,0,0,0,-1,22798.0,22675.0,19357.0,20480.0,22876.0,25153.0,985.0,1670.0,6731.0,8718.0,6297.0,25153.0,0
4696,90000.0,1,25,0,2,-2,0,0,0,0,-1,0.0,25059.0,11115.0,17932.0,9581.0,8706.0,4192.0,1446.0,3309.0,7183.0,1138.0,8706.0,0
4697,80000.0,2,36,2,1,0,0,-1,-1,0,0,28684.0,38321.0,27280.0,39126.0,28640.0,27612.0,11082.0,4260.0,39126.0,28640.0,4589.0,1626.0,0
4698,330000.0,1,31,1,1,-2,0,-2,0,-2,0,0.0,257716.0,0.0,236241.0,0.0,217042.0,40793.0,0.0,11068.0,0.0,36572.0,18573.0,1
4699,50000.0,2,55,2,2,0,-1,-1,0,0,0,18105.0,19467.0,20471.0,11694.0,20287.0,25270.0,978.0,20471.0,11694.0,8258.0,7617.0,9517.0,0
4700,60000.0,1,49,1,2,0,0,0,0,0,-1,17074.0,5867.0,4733.0,12733.0,9995.0,10174.0,645.0,482.0,4269.0,1508.0,1537.0,10174.0,0
4701,60000.0,1,34,1,2,2,0,0,0,0,-2,41325.0,43255.0,52997.0,50597.0,47547.0,0.0,548.0,1250.0,1499.0,2129.0,0.0,0.0,0
4702,60000.0,1,40,2,2,0,0,-1,0,0,0,31476.0,39978.0,32941.0,34294.0,42763.0,34224.0,10302.0,3216.0,34294.0,5416.0,4253.0,5899.0,0
4703,90000.0,2,32,1,1,-1,0,2,1,-2,0,17796.0,17525.0,23737.0,25449.0,0.0,24731.0,17525.0,6802.0,2277.0,0.0,9360.0,5761.0,0
4704,160000.0,2,25,2,2,-1,-1,-1,-1,-1,0,67386.0,61129.0,64559.0,71735.0,47624.0,58707.0,61129.0,64559.0,71735.0,47624.0,58707.0,4418.0,0
4705,70000.0,1,40,2,2,0,0,0,0,-2,-1,23635.0,35340.0,32395.0,24273.0,0.0,33921.0,5778.0,3539.0,7387.0,0.0,5869.0,33921.0,1
4706,150000.0,2,41,1,1,2,1,0,2,1,0,38362.0,71228.0,42266.0,68357.0,55162.0,68375.0,3013.0,2315.0,5743.0,1152.0,1081.0,6192.0,0
4707,140000.0,1,27,1,2,0,0,0,2,0,0,85865.0,105799.0,84379.0,116034.0,87011.0,94931.0,2228.0,2274.0,5656.0,1415.0,13557.0,15492.0,1
4708,120000.0,2,31,3,1,0,0,0,0,0,0,38912.0,42068.0,58494.0,37276.0,63463.0,51565.0,2050.0,1839.0,6203.0,1980.0,5940.0,6323.0,0
4709,30000.0,1,26,3,2,-1,0,-1,0,0,-1,2327.0,12991.0,4693.0,7069.0,8336.0,7293.0,12991.0,1372.0,7069.0,195.0,1021.0,7293.0,0
4710,40000.0,2,23,3,2,-2,0,0,-1,0,0,0.0,22092.0,18441.0,23678.0,12993.0,21633.0,4024.0,1790.0,6636.0,12993.0,7253.0,3380.0,0
4711,110000.0,1,32,2,1,-1,-1,-1,-1,-1,0,46478.0,27704.0,32756.0,35355.0,41401.0,56445.0,27704.0,32756.0,35355.0,41401.0,56445.0,34545.0,0
4712,370000.0,2,54,2,1,0,0,-2,-1,-1,-2,141621.0,58171.0,0.0,73313.0,143394.0,0.0,10509.0,0.0,17588.0,143394.0,0.0,0.0,0
4713,110000.0,1,42,1,2,0,0,-2,0,-2,1,78766.0,75254.0,0.0,80836.0,0.0,80342.0,1017.0,0.0,7828.0,0.0,8377.0,295.0,0
4714,100000.0,2,34,1,2,0,-1,0,0,2,-1,40507.0,19308.0,23556.0,32549.0,31049.0,24773.0,4700.0,23556.0,16750.0,9904.0,2271.0,24773.0,0
4715,320000.0,2,49,1,1,0,-1,0,-1,0,0,92047.0,114460.0,142227.0,113061.0,97432.0,139314.0,27568.0,142227.0,17537.0,97432.0,37316.0,21281.0,0
4716,120000.0,2,31,2,2,0,0,0,-1,-2,0,68557.0,65360.0,56168.0,66522.0,0.0,86154.0,31996.0,4644.0,3773.0,0.0,7439.0,6021.0,0
4717,120000.0,2,37,2,1,0,0,0,-2,0,0,80667.0,76067.0,75160.0,0.0,86891.0,80730.0,1643.0,33550.0,0.0,17058.0,12446.0,12444.0,0
4718,590000.0,2,38,1,2,-1,0,0,0,-1,0,196312.0,221639.0,95869.0,144344.0,102331.0,127757.0,221639.0,40174.0,42249.0,4124.0,127757.0,36590.0,0
4719,100000.0,1,35,1,1,0,0,-2,0,0,-1,62960.0,60524.0,0.0,57059.0,59580.0,53554.0,22582.0,0.0,8083.0,11208.0,10596.0,53554.0,0
4720,190000.0,1,34,2,1,1,0,0,0,0,-2,57607.0,23027.0,17083.0,43142.0,43367.0,0.0,3719.0,5005.0,14119.0,8348.0,0.0,0.0,1
4721,580000.0,2,31,1,1,-2,-1,1,-2,0,0,0.0,276297.0,284142.0,0.0,315641.0,335558.0,20861.0,284142.0,0.0,4752.0,31069.0,39537.0,1
4722,130000.0,1,39,1,1,0,-1,0,0,0,0,80442.0,78573.0,83322.0,72464.0,64191.0,48571.0,24118.0,83322.0,12657.0,13782.0,7540.0,16936.0,0
4723,740000.0,1,30,1,2,0,0,0,0,-1,1,82034.0,94613.0,234820.0,234011.0,140234.0,69262.0,24619.0,9545.0,49544.0,21260.0,69262.0,2607.0,0
4724,190000.0,1,35,2,1,-1,0,2,0,-2,0,82644.0,111743.0,96620.0,115496.0,0.0,90465.0,111743.0,30556.0,801.0,0.0,19102.0,15817.0,0
4725,150000.0,2,35,2,2,-1,-1,0,0,0,0,24599.0,43905.0,6540.0,12743.0,21629.0,8754.0,43905.0,6540.0,9979.0,4946.0,2199.0,2520.0,0
4726,350000.0,2,42,2,1,-1,0,-1,-1,-1,-1,45961.0,51797.0,44218.0,52571.0,105.0,46321.0,51797.0,33981.0,52571.0,105.0,46321.0,46321.0,0
4727,200000.0,2,37,1,1,0,0,0,0,0,0,67657.0,110151.0,81347.0,86305.0,90917.0,88446.0,5387.0,5994.0,13585.0,24158.0,3095.0,5130.0,0
4728,30000.0,1,72,2,1,4,3,4,3,2,1,22759.0,22340.0,24266.0,25373.0,24941.0,23747.0,470.0,91.0,96.0,181.0,220.0,229.0,0
4729,190000.0,1,31,1,2,0,0,-2,0,-1,0,58646.0,36133.0,0.0,58918.0,58175.0,60030.0,1254.0,0.0,10754.0,21700.0,60030.0,7038.0,0
4730,150000.0,1,33,1,2,0,-1,0,0,0,0,86440.0,113590.0,76186.0,61945.0,61463.0,96363.0,1934.0,76186.0,3116.0,3163.0,5965.0,11065.0,0
4731,40000.0,1,33,2,1,0,0,-1,0,0,0,12433.0,7973.0,9923.0,11209.0,5907.0,8375.0,1309.0,3500.0,11209.0,771.0,2029.0,1149.0,0
4732,270000.0,1,35,1,1,-1,-1,-1,0,0,0,128807.0,71408.0,101901.0,130007.0,136952.0,90421.0,71408.0,101901.0,130007.0,25153.0,15253.0,9446.0,0
4733,100000.0,1,53,2,1,0,-1,-1,0,-1,0,27953.0,34454.0,4476.0,38134.0,25081.0,18740.0,6817.0,4476.0,38134.0,6948.0,18740.0,1733.0,0
4734,60000.0,2,30,2,2,0,0,0,0,0,0,34902.0,21273.0,24542.0,33412.0,24140.0,22556.0,9168.0,4390.0,10533.0,5085.0,2427.0,2513.0,1
4735,830000.0,1,42,1,1,0,0,0,0,0,0,338722.0,390943.0,375066.0,340093.0,407583.0,375480.0,70559.0,167002.0,108043.0,27298.0,19325.0,25451.0,0
4736,350000.0,2,29,1,2,-1,-1,-1,-1,-1,-1,-7000.0,49671.0,-7000.0,33219.0,3288.0,54878.0,49671.0,0.0,33219.0,3288.0,54878.0,54878.0,0
4737,340000.0,1,35,2,2,0,0,0,0,0,-1,142834.0,115198.0,108842.0,138133.0,96433.0,93697.0,49850.0,48659.0,70935.0,20939.0,16705.0,93697.0,1
4738,300000.0,1,35,3,1,2,0,-2,1,0,0,223974.0,205112.0,0.0,234340.0,192715.0,198960.0,11000.0,0.0,13530.0,5809.0,30465.0,18920.0,0
4739,70000.0,2,33,1,1,-1,0,0,0,0,0,31376.0,34878.0,29121.0,35422.0,33539.0,27650.0,34878.0,4600.0,7100.0,7605.0,3360.0,2815.0,0
4740,420000.0,1,32,2,2,-2,-1,-1,-1,-1,0,0.0,61971.0,73794.0,107010.0,42139.0,67498.0,14098.0,73794.0,107010.0,42139.0,67498.0,16617.0,0
4741,110000.0,1,54,1,1,0,0,0,0,0,0,40293.0,56357.0,49395.0,32873.0,39287.0,49897.0,6434.0,12874.0,8263.0,7140.0,14593.0,1128.0,1
4742,60000.0,2,41,2,1,0,-1,-1,1,-2,0,18806.0,10939.0,13592.0,9024.0,0.0,18989.0,1588.0,13592.0,9024.0,0.0,9458.0,2516.0,0
4743,130000.0,1,44,3,3,0,0,0,0,1,0,52395.0,74330.0,61923.0,68001.0,42508.0,66168.0,1873.0,456.0,1732.0,3783.0,1358.0,1085.0,0
4744,110000.0,1,45,2,2,0,-1,0,0,0,0,31517.0,46874.0,28753.0,27635.0,44555.0,34763.0,6360.0,28753.0,3142.0,10560.0,1091.0,5368.0,0
4745,530000.0,2,32,1,2,0,4,3,2,0,0,312370.0,283504.0,247801.0,295298.0,294706.0,262540.0,10076.0,1217.0,6538.0,559.0,34825.0,11859.0,0
4746,100000.0,1,37,2,1,0,0,-1,0,0,0,65618.0,90042.0,80028.0,59660.0,66438.0,58303.0,5095.0,5130.0,59660.0,4135.0,5468.0,10482.0,1
4747,180000.0,2,32,5,2,-1,-1,0,0,0,0,30514.0,35935.0,68553.0,63950.0,43921.0,43310.0,35935.0,68553.0,29731.0,11761.0,9733.0,12929.0,0
4748,80000.0,1,26,3,2,0,0,0,0,0,0,22715.0,32126.0,31169.0,16661.0,9704.0,32172.0,2580.0,3784.0,2085.0,816.0,3456.0,2031.0,0
4749,70000.0,2,28,2,2,0,0,-1,0,-2,0,5710.0,24060.0,14026.0,9959.0,0.0,6530.0,2171.0,2156.0,9959.0,0.0,334.0,617.0,0
4750,110000.0,1,41,2,2,0,-1,-2,0,0,0,57061.0,37277.0,0.0,37400.0,57947.0,57047.0,2474.0,0.0,2631.0,6895.0,4405.0,550.0,1
4751,100000.0,1,43,2,2,-1,-1,-1,-2,0,0,16796.0,30963.0,5807.0,0.0,9998.0,6213.0,30963.0,5807.0,0.0,1837.0,4403.0,3291.0,0
4752,200000.0,2,37,1,2,2,1,0,0,0,0,85430.0,75157.0,84284.0,56965.0,71652.0,67700.0,2449.0,2221.0,2563.0,1350.0,4176.0,10522.0,1
4753,80000.0,2,36,3,2,-1,0,-1,0,-1,1,29135.0,41542.0,36946.0,43601.0,34914.0,25280.0,41542.0,6500.0,43601.0,13230.0,25280.0,2518.0,0
4754,270000.0,1,25,1,1,-1,-1,-1,-2,-2,-1,22396.0,32799.0,35075.0,0.0,0.0,9197.0,32799.0,35075.0,0.0,0.0,1319.0,9197.0,0
4755,130000.0,2,27,1,2,-1,0,-2,0,-1,-1,42438.0,60208.0,0.0,57322.0,38658.0,50200.0,60208.0,0.0,8317.0,6554.0,50200.0,50200.0,0
4756,180000.0,1,25,1,2,0,0,-1,-1,-1,-1,23194.0,11772.0,29168.0,13543.0,19563.0,32258.0,9849.0,11837.0,13543.0,19563.0,32258.0,32258.0,0
4757,260000.0,1,30,3,2,0,0,0,-1,0,-1,154596.0,147893.0,171382.0,189880.0,200144.0,162985.0,15475.0,40007.0,15692.0,200144.0,38981.0,162985.0,0
4758,120000.0,1,30,3,2,2,0,0,2,1,0,87832.0,89235.0,93275.0,88933.0,88671.0,77069.0,641.0,4500.0,6300.0,994.0,511.0,987.0,1
4759,870000.0,2,40,2,2,0,0,-1,-1,0,0,199501.0,193678.0,105923.0,279680.0,245327.0,250542.0,137012.0,71074.0,279680.0,245327.0,153562.0,97564.0,0
4760,150000.0,2,44,2,2,3,2,0,0,-1,0,149982.0,112365.0,129452.0,140259.0,102461.0,153810.0,872.0,879.0,1399.0,5653.0,153810.0,1588.0,1
4761,140000.0,2,30,2,2,4,3,2,1,2,0,130832.0,129385.0,122398.0,115801.0,110082.0,124336.0,819.0,1227.0,1385.0,1767.0,703.0,16333.0,1
4762,190000.0,2,38,2,1,5,4,3,2,1,0,140459.0,202772.0,188751.0,145597.0,152492.0,167603.0,1382.0,787.0,85.0,1413.0,4035.0,1069.0,0
4763,180000.0,1,28,3,1,0,0,0,-1,3,2,67832.0,100643.0,53126.0,59506.0,62935.0,76728.0,18766.0,10578.0,5219.0,62935.0,6004.0,1204.0,0
4764,220000.0,1,39,2,2,0,0,1,0,0,0,133638.0,144170.0,159762.0,149440.0,146510.0,140057.0,18113.0,3208.0,1210.0,9937.0,2067.0,8739.0,0
4765,120000.0,1,58,3,1,4,3,2,0,0,0,116207.0,114401.0,110399.0,106955.0,100433.0,113273.0,759.0,669.0,4779.0,1279.0,3368.0,1330.0,1
4766,120000.0,2,46,2,1,0,1,0,0,0,0,84636.0,67967.0,82172.0,89744.0,92224.0,89717.0,1906.0,1754.0,1670.0,2618.0,4683.0,3293.0,1
4767,100000.0,2,41,2,1,-1,0,-1,0,0,0,81119.0,57777.0,54572.0,61583.0,66723.0,59581.0,57777.0,8119.0,61583.0,31916.0,1817.0,12449.0,0
4768,140000.0,2,47,2,1,0,-1,0,-2,1,0,102380.0,77631.0,86854.0,0.0,101736.0,74838.0,2000.0,86854.0,0.0,4254.0,1239.0,5087.0,0
4769,40000.0,2,33,2,1,2,1,0,0,2,1,33972.0,37085.0,37627.0,33464.0,35725.0,39205.0,428.0,355.0,1407.0,3088.0,195.0,1611.0,1
4770,50000.0,2,35,2,1,0,0,-2,0,0,0,21557.0,25606.0,0.0,21724.0,30132.0,26109.0,3492.0,0.0,973.0,5264.0,568.0,1072.0,1
4771,60000.0,2,38,2,1,3,2,0,0,-1,0,-906.0,3429.0,-1200.0,11260.0,6682.0,17960.0,77.0,0.0,4595.0,3638.0,17960.0,2624.0,0
4772,450000.0,2,33,1,1,1,-1,0,0,0,0,254024.0,269225.0,209243.0,248641.0,247288.0,225564.0,15171.0,209243.0,24857.0,9206.0,25896.0,42664.0,0
4773,180000.0,2,24,1,2,0,0,2,1,-1,-1,105878.0,97719.0,84982.0,92957.0,59033.0,97537.0,11097.0,8432.0,2806.0,832.0,97537.0,97537.0,0
4774,350000.0,1,36,1,2,0,-1,0,-1,-1,-1,55854.0,98764.0,70247.0,78039.0,55499.0,71579.0,53895.0,70247.0,17983.0,55499.0,71579.0,71579.0,1
4775,70000.0,2,26,3,2,0,-1,-1,0,0,-1,28478.0,48398.0,44713.0,39390.0,32925.0,42872.0,10993.0,44713.0,39390.0,14349.0,13236.0,42872.0,0
4776,130000.0,2,22,2,2,0,0,0,1,0,0,114420.0,108357.0,82292.0,99904.0,108879.0,102020.0,11552.0,4543.0,4755.0,800.0,4942.0,8327.0,1
4777,110000.0,2,45,1,1,0,-1,-1,0,0,-1,27870.0,22762.0,23582.0,37826.0,28278.0,39043.0,2593.0,23582.0,37826.0,5202.0,2859.0,39043.0,0
4778,30000.0,1,41,2,2,-1,0,0,0,0,0,22908.0,20930.0,17990.0,20187.0,19614.0,19996.0,20930.0,401.0,237.0,358.0,198.0,602.0,0
4779,80000.0,2,44,3,1,0,0,0,-2,0,0,14204.0,24978.0,29993.0,0.0,21597.0,27095.0,420.0,4081.0,0.0,1558.0,4365.0,2630.0,0
4780,60000.0,1,32,3,2,-1,-1,-1,0,-1,0,10795.0,7378.0,8248.0,10541.0,9210.0,11864.0,7378.0,8248.0,10541.0,4491.0,11864.0,718.0,0
4781,50000.0,2,28,3,1,0,0,-1,0,0,0,21936.0,18133.0,18846.0,25945.0,13920.0,18825.0,1502.0,1055.0,25945.0,1903.0,3462.0,5488.0,0
4782,40000.0,2,42,3,2,-1,0,-2,0,-1,-1,9484.0,3364.0,0.0,6325.0,716.0,2536.0,3364.0,0.0,3723.0,118.0,2536.0,2536.0,0
4783,230000.0,1,27,1,2,0,0,0,0,0,1,137870.0,131179.0,110420.0,159966.0,120038.0,153863.0,6521.0,12318.0,12516.0,12571.0,38108.0,4948.0,0
4784,180000.0,2,23,2,2,0,-1,-1,0,-1,-1,4600.0,-1041.0,8080.0,-495.0,23067.0,32489.0,0.0,8080.0,0.0,12411.0,32489.0,32489.0,0
4785,180000.0,2,39,2,1,4,3,2,1,0,0,180289.0,149685.0,168073.0,155978.0,136750.0,147412.0,1543.0,2157.0,4259.0,502.0,12720.0,806.0,1
4786,300000.0,2,49,2,1,-1,-1,0,0,-1,-1,26441.0,53985.0,38006.0,61514.0,58676.0,73844.0,53985.0,38006.0,15369.0,29172.0,73844.0,73844.0,1
4787,70000.0,1,40,2,2,0,-1,1,-1,0,0,40579.0,45407.0,34787.0,43162.0,51540.0,45124.0,2571.0,34787.0,525.0,51540.0,17415.0,2925.0,0
4788,240000.0,1,30,1,2,-1,-1,0,0,-1,-1,95353.0,58117.0,104533.0,96166.0,36675.0,89419.0,58117.0,104533.0,37294.0,2653.0,89419.0,89419.0,0
4789,80000.0,1,25,3,2,0,0,-1,-2,-1,-2,32424.0,20544.0,20437.0,0.0,9098.0,0.0,14694.0,9747.0,0.0,940.0,0.0,0.0,0
4790,90000.0,2,34,2,1,0,0,0,-1,-1,-1,19087.0,2621.0,18585.0,10494.0,11999.0,9406.0,222.0,2051.0,716.0,11999.0,9406.0,9406.0,0
4791,80000.0,2,29,3,2,0,-1,-1,0,0,-2,8288.0,9223.0,12089.0,22489.0,16287.0,0.0,2096.0,12089.0,22489.0,7792.0,0.0,0.0,0
4792,70000.0,2,41,2,2,1,2,1,0,2,1,62699.0,56815.0,68356.0,65013.0,57378.0,61133.0,132.0,494.0,302.0,2345.0,97.0,542.0,1
4793,140000.0,2,40,1,1,0,0,-1,0,0,-1,33641.0,38966.0,23963.0,44610.0,23784.0,13879.0,4803.0,9212.0,44610.0,3717.0,3630.0,13879.0,0
4794,90000.0,1,35,3,2,-1,0,-1,-1,-2,-1,8664.0,14302.0,20126.0,2954.0,0.0,15887.0,14302.0,9591.0,2954.0,0.0,8115.0,15887.0,0
4795,40000.0,1,38,2,2,0,0,0,-1,0,1,25506.0,25712.0,27865.0,25464.0,26483.0,23402.0,830.0,2127.0,648.0,26483.0,2422.0,1907.0,1
4796,370000.0,2,42,2,1,-1,-1,0,-2,0,-1,33144.0,33481.0,97775.0,0.0,49546.0,53881.0,33481.0,97775.0,0.0,32449.0,8717.0,53881.0,0
4797,350000.0,2,39,1,2,1,-2,0,-2,-1,0,62622.0,0.0,76078.0,0.0,96735.0,129019.0,0.0,5147.0,0.0,55718.0,129019.0,12950.0,1
4798,270000.0,1,28,1,2,0,-1,-1,2,-2,0,66159.0,31362.0,40441.0,32385.0,0.0,77102.0,3415.0,40441.0,32385.0,0.0,38839.0,29488.0,0
4799,410000.0,2,39,2,1,-1,-1,-2,-1,0,-2,94893.0,94903.0,0.0,113592.0,43464.0,0.0,94903.0,0.0,92765.0,43464.0,0.0,0.0,0
4800,130000.0,1,31,3,1,-1,0,-1,-1,0,0,43874.0,25045.0,33605.0,25823.0,38180.0,35968.0,25045.0,26839.0,25823.0,38180.0,13031.0,3867.0,0
4801,190000.0,2,38,2,1,0,0,0,0,0,2,73960.0,35808.0,89630.0,86502.0,75201.0,47104.0,10934.0,15144.0,6403.0,13558.0,1308.0,1608.0,0
4802,270000.0,1,32,3,3,-1,0,0,0,0,-1,126012.0,152594.0,161214.0,133021.0,159833.0,165131.0,152594.0,4629.0,18661.0,95595.0,31003.0,165131.0,0
4803,110000.0,2,23,1,2,0,0,-1,-2,0,0,49254.0,41626.0,37293.0,0.0,54990.0,55794.0,1679.0,1584.0,0.0,3588.0,21946.0,21402.0,0
4804,50000.0,2,44,2,2,-1,0,0,2,-1,-1,35687.0,34736.0,37573.0,36694.0,38562.0,39249.0,34736.0,6489.0,2011.0,3020.0,39249.0,39249.0,0
4805,330000.0,1,35,1,1,0,-1,0,0,0,0,205067.0,183705.0,224113.0,223322.0,174023.0,199232.0,11371.0,224113.0,5938.0,6926.0,13882.0,16358.0,1
4806,100000.0,2,29,2,2,2,0,1,-1,0,0,4008.0,12841.0,14427.0,16746.0,3009.0,5069.0,241.0,4369.0,1950.0,3009.0,2761.0,1280.0,0
4807,340000.0,1,33,1,2,0,-1,0,-1,-1,0,29425.0,57548.0,43355.0,71559.0,-1567.0,49256.0,20002.0,43355.0,13529.0,0.0,49256.0,10753.0,0
4808,170000.0,2,28,2,2,7,6,5,4,3,2,134881.0,143188.0,134973.0,159710.0,121020.0,151632.0,1192.0,1209.0,2392.0,2429.0,3634.0,3785.0,1
4809,70000.0,2,33,2,2,1,0,0,0,2,0,24362.0,18063.0,17602.0,22828.0,20540.0,20172.0,1098.0,541.0,2361.0,2649.0,399.0,1467.0,0
4810,110000.0,2,28,2,2,0,0,0,-1,-2,-1,34697.0,30804.0,47088.0,43725.0,0.0,39213.0,17028.0,25395.0,6950.0,0.0,2917.0,39213.0,0
4811,90000.0,2,43,1,1,0,-2,-2,0,0,2,35344.0,0.0,0.0,38005.0,32702.0,37020.0,0.0,0.0,8141.0,12312.0,6906.0,4779.0,0
4812,130000.0,2,41,2,1,0,-1,0,-2,-1,-1,49287.0,52574.0,49784.0,0.0,45699.0,43458.0,24772.0,49784.0,0.0,3826.0,43458.0,43458.0,0
4813,150000.0,2,33,1,1,0,0,0,0,-1,0,17543.0,24065.0,26185.0,20941.0,26293.0,19775.0,5819.0,6817.0,3274.0,3404.0,19775.0,8441.0,0
4814,220000.0,1,39,4,2,-1,2,0,0,1,-1,50340.0,98218.0,81680.0,116196.0,58517.0,64169.0,98218.0,4248.0,16396.0,18353.0,1362.0,64169.0,0
4815,600000.0,2,32,1,2,1,0,0,0,-2,0,375263.0,396475.0,381613.0,429119.0,0.0,384627.0,8527.0,70574.0,6517.0,0.0,10246.0,45661.0,1
4816,200000.0,1,32,1,2,0,-2,-1,-1,-1,0,51155.0,0.0,36636.0,42490.0,18857.0,6308.0,0.0,10487.0,42490.0,18857.0,6308.0,2284.0,0
4817,140000.0,2,32,1,1,0,-2,0,2,0,1,88796.0,0.0,77660.0,79778.0,90954.0,92115.0,0.0,1922.0,3421.0,471.0,11578.0,6526.0,0
4818,150000.0,2,47,2,2,0,0,-2,0,2,0,112330.0,84849.0,0.0,116789.0,101505.0,96399.0,3257.0,0.0,7235.0,12929.0,2787.0,2329.0,0
4819,100000.0,2,25,2,0,3,2,1,2,0,0,101523.0,99561.0,81299.0,91797.0,86692.0,83262.0,4197.0,970.0,6614.0,845.0,27239.0,650.0,1
4820,90000.0,2,40,2,2,0,0,0,0,0,0,30281.0,21244.0,32017.0,22302.0,28437.0,28560.0,1574.0,6685.0,10128.0,2970.0,11308.0,3059.0,0
4821,200000.0,2,32,1,2,0,0,-1,0,0,-1,33559.0,18588.0,20219.0,10040.0,20520.0,13202.0,8686.0,8821.0,10040.0,8502.0,5655.0,13202.0,0
4822,50000.0,2,25,2,2,0,0,0,0,0,0,42154.0,46356.0,42329.0,39875.0,42877.0,37505.0,1594.0,1418.0,4920.0,3076.0,6972.0,1370.0,0
4823,70000.0,2,32,2,2,2,1,0,0,0,2,28408.0,36838.0,18918.0,27079.0,25727.0,26121.0,1043.0,365.0,5372.0,848.0,2859.0,76.0,1
4824,120000.0,2,43,3,1,0,0,0,0,0,0,55518.0,24848.0,37943.0,36663.0,49517.0,53197.0,6640.0,8186.0,3679.0,19806.0,13999.0,10036.0,0
4825,160000.0,2,28,3,2,-1,-1,0,-1,0,1,73175.0,70458.0,68165.0,44319.0,77043.0,75536.0,70458.0,68165.0,10048.0,77043.0,28344.0,4064.0,0
4826,180000.0,2,38,2,2,0,0,-1,0,0,0,107946.0,122857.0,135167.0,125941.0,146771.0,108357.0,2275.0,1752.0,125941.0,3459.0,3983.0,5377.0,1
4827,150000.0,2,38,1,1,0,-1,-1,0,0,0,29875.0,60006.0,72272.0,49862.0,61486.0,58094.0,6701.0,72272.0,49862.0,11007.0,5905.0,18567.0,0
4828,390000.0,2,39,1,1,0,0,0,0,-1,-1,31632.0,95724.0,68161.0,56153.0,91643.0,108895.0,12552.0,17750.0,22813.0,10949.0,108895.0,108895.0,0
4829,170000.0,1,44,2,1,0,1,0,-1,-2,0,84106.0,129104.0,121611.0,114557.0,0.0,106129.0,32672.0,229.0,19164.0,0.0,2131.0,8822.0,0
4830,400000.0,1,36,2,2,0,-2,-2,1,0,-1,158252.0,0.0,0.0,90067.0,132618.0,94918.0,0.0,0.0,31743.0,6701.0,19740.0,94918.0,0
4831,200000.0,1,47,2,1,3,2,-1,-2,0,0,49315.0,49670.0,66390.0,0.0,93095.0,90522.0,4409.0,4494.0,0.0,20622.0,13253.0,9501.0,1
4832,110000.0,2,28,2,2,0,0,0,-1,-1,0,44529.0,43103.0,38202.0,32383.0,40374.0,36467.0,4017.0,4747.0,4701.0,40374.0,36467.0,3587.0,0
4833,50000.0,1,33,2,1,5,4,3,2,1,0,40035.0,41659.0,33798.0,38476.0,39334.0,39258.0,367.0,153.0,303.0,1192.0,71.0,688.0,1
4834,260000.0,2,25,2,2,0,-1,-2,0,-1,0,78368.0,68745.0,0.0,54945.0,74858.0,38676.0,2821.0,0.0,8845.0,34813.0,38676.0,11478.0,0
4835,310000.0,1,28,1,2,2,-1,0,-1,1,0,147820.0,157564.0,157404.0,164075.0,131676.0,178544.0,1938.0,157404.0,12582.0,131676.0,3605.0,17734.0,0
4836,420000.0,1,30,1,2,0,-1,0,0,0,-1,270234.0,247327.0,185225.0,237177.0,170619.0,196573.0,20970.0,185225.0,15651.0,11279.0,72285.0,196573.0,0
4837,70000.0,2,47,3,1,1,2,0,-1,0,0,23740.0,25617.0,32612.0,28674.0,17617.0,14588.0,738.0,728.0,2655.0,17617.0,2755.0,1359.0,0
4838,50000.0,2,26,2,2,3,2,1,0,0,0,41219.0,55058.0,49607.0,40543.0,46612.0,42724.0,361.0,672.0,28.0,1618.0,828.0,1719.0,1
4839,230000.0,1,35,3,1,0,0,-1,0,-2,0,39527.0,20669.0,26520.0,4010.0,0.0,41478.0,10288.0,6750.0,4010.0,0.0,17427.0,17927.0,0
4840,220000.0,2,56,1,1,2,0,2,3,2,1,127702.0,143306.0,148184.0,145229.0,140284.0,134390.0,603.0,4736.0,212.0,720.0,1350.0,591.0,0
4841,20000.0,1,34,3,1,0,-2,0,-2,0,0,7299.0,0.0,7633.0,0.0,5466.0,7220.0,0.0,3297.0,0.0,453.0,1200.0,1169.0,0
4842,270000.0,2,36,1,1,-1,2,0,0,0,0,36033.0,35324.0,73207.0,89097.0,104292.0,46377.0,35324.0,1043.0,25457.0,8696.0,5922.0,2098.0,0
4843,50000.0,1,27,2,2,0,2,0,0,0,0,35148.0,35804.0,40350.0,27002.0,41771.0,38953.0,1064.0,333.0,2945.0,2616.0,934.0,1213.0,0
4844,360000.0,2,44,2,2,0,0,0,0,-1,0,153074.0,126083.0,64642.0,69254.0,112420.0,161842.0,23113.0,7854.0,6076.0,24818.0,161842.0,6327.0,0
4845,400000.0,2,42,1,1,-2,-1,2,-2,1,-2,0.0,263031.0,249804.0,0.0,283910.0,0.0,11081.0,249804.0,0.0,28042.0,0.0,0.0,0
4846,40000.0,2,30,1,1,2,1,0,0,3,2,33873.0,36322.0,32021.0,29672.0,38088.0,34717.0,259.0,818.0,1232.0,767.0,274.0,59.0,0
4847,210000.0,1,60,2,1,-1,0,-1,0,-1,0,60572.0,70546.0,41116.0,37838.0,78804.0,52504.0,70546.0,16863.0,37838.0,27686.0,52504.0,28984.0,0
4848,120000.0,2,35,2,2,0,0,-1,0,-1,0,35063.0,34950.0,29523.0,43234.0,26679.0,30931.0,5978.0,1272.0,43234.0,7453.0,30931.0,2331.0,0
4849,180000.0,1,31,2,1,0,1,0,0,-1,0,93774.0,126706.0,130069.0,101748.0,113486.0,99524.0,3961.0,7268.0,21847.0,8879.0,99524.0,12247.0,0
4850,80000.0,2,35,1,1,1,0,0,0,-1,0,31894.0,32384.0,17096.0,28605.0,21818.0,15828.0,627.0,3713.0,1523.0,4784.0,15828.0,533.0,1
4851,50000.0,2,37,6,2,0,-1,0,0,0,0,10911.0,17844.0,13323.0,11530.0,11742.0,18601.0,3327.0,13323.0,4444.0,241.0,404.0,9999.0,0
4852,220000.0,2,33,2,2,1,0,0,0,-1,0,137823.0,130040.0,101299.0,133386.0,102413.0,122196.0,9763.0,34175.0,19167.0,46071.0,122196.0,12213.0,1
4853,30000.0,2,42,2,1,-2,0,0,2,0,-2,0.0,3028.0,7378.0,8441.0,10227.0,0.0,1069.0,5323.0,1170.0,441.0,0.0,0.0,0
4854,70000.0,2,25,3,2,-1,0,0,-1,0,2,13350.0,18644.0,14728.0,16222.0,12014.0,19422.0,18644.0,3694.0,3489.0,12014.0,7601.0,617.0,0
4855,110000.0,1,27,3,1,0,0,0,0,0,0,76131.0,92269.0,84795.0,68775.0,78230.0,81916.0,6368.0,3597.0,2050.0,1998.0,2708.0,9797.0,1
4856,320000.0,1,45,1,2,0,0,-2,1,0,-1,196984.0,161398.0,0.0,191308.0,180303.0,213924.0,6553.0,0.0,108836.0,1969.0,69937.0,213924.0,0
4857,110000.0,2,35,3,2,0,1,0,0,0,0,84674.0,84008.0,68592.0,81799.0,96872.0,67471.0,1944.0,532.0,32586.0,5619.0,622.0,1444.0,1
4858,640000.0,2,42,2,2,-1,0,-1,-1,-1,0,95871.0,79498.0,73018.0,125078.0,106534.0,120783.0,79498.0,29581.0,125078.0,106534.0,120783.0,68418.0,1
4859,260000.0,2,31,2,1,0,-2,0,-1,-1,0,80764.0,0.0,81732.0,85573.0,49927.0,71367.0,0.0,28083.0,33455.0,49927.0,71367.0,8735.0,0
4860,140000.0,2,29,1,1,-1,-2,0,-1,0,-1,40624.0,0.0,21142.0,17473.0,1828.0,8440.0,0.0,8201.0,3716.0,1828.0,6296.0,8440.0,0
4861,150000.0,2,34,1,2,3,2,3,2,1,0,65999.0,82312.0,71717.0,52418.0,69380.0,78872.0,1393.0,2411.0,3072.0,1333.0,3330.0,19358.0,1
4862,80000.0,1,39,2,2,0,4,3,2,1,0,31152.0,26852.0,27876.0,25068.0,35809.0,36372.0,2066.0,301.0,92.0,137.0,91.0,665.0,1
4863,90000.0,2,25,3,2,-1,0,-1,-1,-1,-1,14575.0,20920.0,8980.0,5536.0,5019.0,-1800.0,20920.0,1122.0,5536.0,5019.0,0.0,0.0,0
4864,500000.0,1,31,2,1,2,1,-2,-1,0,-1,166149.0,108425.0,0.0,181648.0,73784.0,158771.0,7596.0,0.0,65395.0,73784.0,21205.0,158771.0,0
4865,180000.0,2,52,3,1,0,2,1,0,1,-1,148128.0,155767.0,146310.0,174193.0,169947.0,120983.0,6009.0,854.0,240.0,8049.0,884.0,120983.0,0
4866,130000.0,2,44,2,2,0,0,-1,-1,-2,-1,24226.0,43216.0,18602.0,62274.0,0.0,50654.0,20680.0,7059.0,62274.0,0.0,4061.0,50654.0,0
4867,70000.0,1,26,1,2,3,2,1,0,0,0,64532.0,59240.0,55897.0,42971.0,65842.0,69883.0,69.0,84.0,47.0,903.0,2391.0,2269.0,1
4868,20000.0,2,29,3,2,0,-2,-1,-2,-1,2,8583.0,0.0,6736.0,0.0,6019.0,6924.0,0.0,1108.0,0.0,736.0,6924.0,430.0,0
4869,160000.0,1,34,1,1,0,0,0,0,0,-1,30328.0,37807.0,46147.0,38706.0,39562.0,49208.0,14594.0,26621.0,13850.0,16064.0,24045.0,49208.0,0
4870,100000.0,1,34,1,2,-1,0,-1,-1,0,-2,17307.0,22412.0,13260.0,-2000.0,4902.0,0.0,22412.0,9505.0,0.0,4902.0,0.0,0.0,0
4871,150000.0,2,32,2,1,0,2,0,0,0,0,86896.0,95075.0,62471.0,76863.0,80198.0,92372.0,24289.0,1301.0,5591.0,7334.0,13798.0,1346.0,0
4872,40000.0,2,27,3,2,0,0,-1,-1,0,-1,9708.0,4871.0,9310.0,8114.0,7221.0,10182.0,1283.0,1374.0,8114.0,7221.0,3678.0,10182.0,0
4873,300000.0,1,38,1,2,-1,0,3,2,1,-1,107332.0,72527.0,91591.0,89626.0,101109.0,84313.0,72527.0,15696.0,2797.0,7088.0,1240.0,84313.0,0
4874,160000.0,2,44,1,2,-1,-1,0,0,0,0,59754.0,33895.0,60051.0,31247.0,32104.0,32184.0,33895.0,60051.0,3701.0,2431.0,1010.0,934.0,0
4875,120000.0,1,37,1,2,-1,-1,0,2,-1,0,43738.0,46782.0,30227.0,60981.0,48767.0,51160.0,46782.0,30227.0,32391.0,5979.0,51160.0,1281.0,0
4876,190000.0,1,27,1,2,0,-1,0,-1,0,-1,67068.0,52372.0,44603.0,33844.0,49888.0,44792.0,12334.0,44603.0,8802.0,49888.0,17053.0,44792.0,0
4877,80000.0,1,29,2,2,0,-2,0,0,2,0,15241.0,0.0,29750.0,25795.0,25126.0,29725.0,0.0,2199.0,5774.0,5716.0,1383.0,2359.0,1
4878,110000.0,1,31,2,1,0,0,0,0,0,0,51614.0,50635.0,42403.0,33899.0,56110.0,45826.0,3940.0,2400.0,1920.0,5210.0,5593.0,2142.0,0
4879,80000.0,1,43,2,2,0,0,-1,-1,0,0,5201.0,10803.0,16703.0,19739.0,9451.0,5515.0,2304.0,2440.0,19739.0,9451.0,798.0,1769.0,0
4880,210000.0,1,27,1,1,-1,-1,-2,0,-2,0,38001.0,37542.0,0.0,53005.0,0.0,20239.0,37542.0,0.0,26004.0,0.0,7537.0,8707.0,0
4881,40000.0,1,35,2,1,0,0,-1,0,-1,-1,7844.0,10778.0,10176.0,13006.0,9131.0,7980.0,1871.0,1366.0,13006.0,5874.0,7980.0,7980.0,0
4882,150000.0,1,60,2,1,0,0,1,0,1,2,90749.0,117126.0,75569.0,101348.0,92671.0,98500.0,15490.0,2946.0,6391.0,1271.0,779.0,502.0,0
4883,170000.0,2,54,3,1,0,-1,2,0,0,0,124000.0,128632.0,126243.0,134107.0,116131.0,94166.0,11025.0,126243.0,901.0,6574.0,10719.0,6495.0,1
4884,340000.0,1,43,1,1,0,-1,0,0,0,0,186935.0,154496.0,193393.0,139977.0,159644.0,243903.0,16124.0,193393.0,18801.0,20930.0,139397.0,52655.0,0
4885,180000.0,2,36,2,1,0,-1,-1,0,0,-1,30845.0,-3600.0,18616.0,30410.0,4906.0,39313.0,0.0,18616.0,30410.0,1576.0,27518.0,39313.0,0
4886,310000.0,2,38,2,1,0,-2,0,0,-1,-1,59961.0,0.0,101634.0,90337.0,55694.0,85254.0,0.0,24183.0,9903.0,13081.0,85254.0,85254.0,1
4887,160000.0,1,45,2,1,0,0,-2,0,-1,-1,35359.0,60295.0,0.0,36081.0,49275.0,52018.0,3375.0,0.0,2119.0,790.0,52018.0,52018.0,0
4888,860000.0,1,51,2,1,-1,0,0,0,-2,0,518297.0,348935.0,432471.0,539453.0,0.0,457319.0,348935.0,36228.0,45344.0,0.0,29795.0,14726.0,1
4889,90000.0,1,38,6,1,0,0,0,0,2,0,18979.0,19608.0,21785.0,28710.0,21960.0,24694.0,1408.0,968.0,712.0,5470.0,543.0,10017.0,0
4890,30000.0,2,28,2,2,-2,0,-1,0,0,0,0.0,8250.0,12710.0,13224.0,9883.0,7970.0,687.0,1412.0,13224.0,2036.0,1591.0,1413.0,0
4891,40000.0,2,43,1,2,4,3,4,3,2,1,31553.0,29388.0,25292.0,27821.0,33166.0,35003.0,159.0,112.0,77.0,164.0,214.0,26.0,1
4892,30000.0,1,31,2,1,2,1,-2,2,1,-2,17703.0,18405.0,0.0,19012.0,17395.0,0.0,837.0,0.0,916.0,510.0,0.0,0.0,1
4893,90000.0,1,38,3,1,0,0,0,-1,0,2,502.0,10127.0,3503.0,791.0,1857.0,10580.0,1332.0,472.0,408.0,1857.0,3111.0,1043.0,0
4894,30000.0,2,24,2,2,0,-1,3,2,1,0,22467.0,21599.0,20132.0,22268.0,18625.0,20050.0,2040.0,20132.0,193.0,28.0,222.0,3128.0,0
4895,30000.0,2,31,3,1,6,5,4,3,2,1,26613.0,24561.0,20568.0,24850.0,25838.0,26109.0,57.0,32.0,458.0,336.0,366.0,33.0,1
4896,200000.0,2,36,2,1,0,-1,-1,0,-2,0,48478.0,28045.0,81871.0,38536.0,0.0,48234.0,12214.0,81871.0,38536.0,0.0,6025.0,15384.0,0
4897,20000.0,2,31,3,1,0,0,0,0,2,0,16157.0,16908.0,17065.0,16854.0,13216.0,12616.0,482.0,434.0,341.0,567.0,61.0,600.0,0
4898,170000.0,1,29,1,2,-1,1,0,0,-1,0,61304.0,50363.0,55677.0,47756.0,62674.0,46493.0,50363.0,403.0,10844.0,1377.0,46493.0,7118.0,0
4899,210000.0,2,31,2,2,-1,1,0,0,0,0,79020.0,64249.0,70484.0,77610.0,70249.0,64875.0,64249.0,743.0,20646.0,16013.0,11858.0,25993.0,0
4900,270000.0,1,35,2,2,0,-1,0,0,0,-1,91044.0,127886.0,87254.0,92989.0,86024.0,97697.0,40793.0,87254.0,4937.0,30642.0,40515.0,97697.0,0
4901,190000.0,2,30,1,2,0,2,1,-1,0,0,90930.0,115150.0,110406.0,85616.0,100392.0,108754.0,8526.0,1321.0,5289.0,100392.0,8359.0,34848.0,0
4902,40000.0,1,25,2,2,-1,-1,-1,-1,-1,-2,-800.0,2574.0,-800.0,-785.0,3072.0,0.0,2574.0,0.0,0.0,3072.0,0.0,0.0,1
4903,80000.0,2,33,1,1,-1,0,0,0,-2,0,25604.0,18250.0,15285.0,27369.0,0.0,25049.0,18250.0,1223.0,8886.0,0.0,816.0,5349.0,0
4904,530000.0,1,48,1,1,-1,-1,-1,-1,-1,0,184865.0,99378.0,8386.0,34812.0,73722.0,113964.0,99378.0,8386.0,34812.0,73722.0,113964.0,48087.0,0
4905,250000.0,1,29,3,2,0,-1,0,-1,0,-2,11180.0,46650.0,20649.0,4513.0,17254.0,0.0,13797.0,20649.0,797.0,17254.0,0.0,0.0,0
4906,80000.0,2,29,2,2,-1,0,0,0,0,0,52932.0,55635.0,60171.0,58215.0,62411.0,71588.0,55635.0,5171.0,17023.0,10783.0,3226.0,8908.0,0
4907,300000.0,2,33,1,2,-2,0,-2,-1,-1,-2,0.0,33754.0,0.0,37454.0,55346.0,0.0,21750.0,0.0,18373.0,55346.0,0.0,0.0,0
4908,350000.0,1,52,1,3,0,0,-1,1,0,-1,25218.0,57637.0,92742.0,62490.0,76034.0,54366.0,23876.0,20240.0,62490.0,4152.0,8456.0,54366.0,0
4909,130000.0,1,33,1,2,0,-1,0,2,0,0,30714.0,9633.0,11554.0,23661.0,24173.0,25097.0,2404.0,11554.0,7583.0,969.0,2792.0,3314.0,0
4910,350000.0,1,35,1,2,0,1,0,-1,-1,-1,70228.0,67344.0,43022.0,20645.0,36963.0,45455.0,32024.0,4124.0,10498.0,36963.0,45455.0,45455.0,0
4911,80000.0,2,50,2,2,-1,-1,-2,0,-2,-1,8946.0,17412.0,0.0,6052.0,0.0,7017.0,17412.0,0.0,1822.0,0.0,5453.0,7017.0,0
4912,260000.0,2,37,1,1,0,0,1,-2,-2,0,163309.0,151771.0,132809.0,0.0,0.0,137598.0,993.0,12106.0,0.0,0.0,6526.0,5839.0,1
4913,280000.0,1,41,1,2,-1,-1,0,-1,0,-1,33092.0,32703.0,34108.0,47470.0,7693.0,26611.0,32703.0,34108.0,36115.0,7693.0,13399.0,26611.0,0
4914,110000.0,1,38,2,2,0,-1,0,0,-2,-2,32890.0,24162.0,38609.0,38539.0,0.0,0.0,3037.0,38609.0,2734.0,0.0,0.0,0.0,0
4915,60000.0,1,33,3,2,0,0,3,2,1,0,29306.0,30685.0,24797.0,28391.0,34573.0,25708.0,1833.0,2644.0,1525.0,1084.0,325.0,1098.0,0
4916,250000.0,2,33,3,1,0,-1,-2,0,0,-2,88818.0,68383.0,0.0,71980.0,45557.0,0.0,11492.0,0.0,10508.0,6965.0,0.0,0.0,0
4917,60000.0,1,50,3,2,4,3,2,1,0,0,25238.0,37386.0,40594.0,37947.0,24508.0,33263.0,4027.0,764.0,345.0,1659.0,5277.0,4861.0,0
4918,100000.0,1,39,1,2,-1,-1,-1,-1,0,-1,11062.0,14100.0,25761.0,24710.0,19924.0,22327.0,14100.0,25761.0,24710.0,19924.0,18861.0,22327.0,0
4919,80000.0,2,51,1,2,0,-1,0,0,0,0,10012.0,23661.0,14821.0,28119.0,23297.0,23694.0,2606.0,14821.0,4375.0,5901.0,11343.0,6066.0,0
4920,70000.0,2,28,3,2,0,0,-1,-2,0,0,39095.0,28738.0,18530.0,0.0,22209.0,24853.0,1685.0,2061.0,0.0,284.0,5007.0,6210.0,0
4921,100000.0,2,30,2,2,0,-2,-2,0,0,0,27333.0,0.0,0.0,20212.0,29004.0,41033.0,0.0,0.0,1572.0,4675.0,5359.0,3404.0,0
4922,80000.0,1,24,1,2,0,0,0,0,0,-2,62618.0,57210.0,56103.0,59324.0,57299.0,0.0,1385.0,5237.0,9690.0,781.0,0.0,0.0,0
4923,290000.0,2,44,2,2,0,0,0,0,0,0,157783.0,151690.0,102531.0,109713.0,141455.0,108321.0,54219.0,21802.0,8408.0,6166.0,30465.0,6748.0,0
4924,90000.0,2,28,3,1,-2,0,0,-1,0,0,0.0,27463.0,31682.0,47440.0,28341.0,32648.0,5329.0,12896.0,1332.0,28341.0,10293.0,2572.0,0
4925,120000.0,2,28,3,2,0,-2,3,2,1,0,16400.0,0.0,1312.0,16228.0,16863.0,10159.0,0.0,303.0,256.0,1348.0,411.0,498.0,0
4926,40000.0,2,47,3,2,-1,0,-1,0,0,0,19339.0,19212.0,22459.0,16573.0,19933.0,20330.0,19212.0,3477.0,16573.0,2690.0,4161.0,2294.0,1
4927,90000.0,1,33,2,2,2,1,0,-2,0,0,62813.0,66593.0,51940.0,0.0,51698.0,53129.0,837.0,2816.0,0.0,1567.0,2175.0,7191.0,1
4928,620000.0,2,52,1,1,-1,-1,-1,-2,-1,0,102224.0,110536.0,109502.0,0.0,98767.0,50461.0,110536.0,109502.0,0.0,33667.0,50461.0,15584.0,0
4929,230000.0,2,26,2,2,0,2,0,0,0,0,51944.0,67524.0,62148.0,71712.0,50743.0,51507.0,4454.0,2951.0,26468.0,4183.0,2052.0,11331.0,0
4930,220000.0,2,30,1,1,0,0,0,0,-2,0,74076.0,97320.0,70367.0,36997.0,0.0,45012.0,17782.0,6291.0,2942.0,0.0,8007.0,9557.0,1
4931,420000.0,2,43,1,2,4,3,4,3,2,1,343248.0,354814.0,324639.0,350969.0,320197.0,376243.0,9054.0,11454.0,4920.0,17136.0,14018.0,9141.0,1
4932,280000.0,2,32,1,3,-1,0,0,-2,-1,0,49224.0,45127.0,68767.0,0.0,29081.0,63901.0,45127.0,27021.0,0.0,4079.0,63901.0,25313.0,0
4933,220000.0,2,36,1,2,-1,0,-1,0,0,0,125402.0,116868.0,148948.0,91135.0,121985.0,119738.0,116868.0,13605.0,91135.0,18854.0,32466.0,13735.0,0
4934,220000.0,2,32,1,2,0,0,-1,-1,0,0,37228.0,8274.0,61804.0,54167.0,31234.0,35166.0,1525.0,9830.0,54167.0,31234.0,21346.0,10107.0,0
4935,220000.0,2,27,1,2,2,1,0,0,-1,0,159331.0,167440.0,150518.0,123701.0,103054.0,129442.0,2303.0,3457.0,41729.0,16734.0,129442.0,9473.0,1
4936,100000.0,1,37,2,1,0,0,0,0,0,0,17623.0,15622.0,15256.0,17170.0,20055.0,10136.0,2494.0,2258.0,3592.0,1646.0,577.0,2367.0,0
4937,450000.0,1,42,2,2,0,-2,0,0,0,-1,52383.0,0.0,62274.0,99323.0,89053.0,70445.0,0.0,27531.0,15650.0,39847.0,42833.0,70445.0,0
4938,830000.0,1,25,1,2,0,0,-1,0,0,0,81385.0,106490.0,110908.0,154436.0,111337.0,85150.0,56331.0,45106.0,154436.0,67594.0,31229.0,50638.0,0
4939,100000.0,2,36,3,2,-1,0,0,0,-1,0,10166.0,20156.0,19249.0,16841.0,29034.0,14954.0,20156.0,1765.0,1877.0,1513.0,14954.0,4027.0,0
4940,100000.0,2,47,3,1,0,1,0,0,-2,0,90903.0,70173.0,67600.0,62678.0,0.0,61934.0,7469.0,4566.0,4768.0,0.0,17631.0,17927.0,0
4941,510000.0,2,41,3,1,0,-1,-1,-1,-1,-1,270080.0,210261.0,260109.0,236866.0,220486.0,225439.0,42991.0,260109.0,236866.0,220486.0,225439.0,225439.0,0
4942,240000.0,2,33,1,2,3,2,1,0,0,0,77073.0,123061.0,96303.0,95590.0,65427.0,104560.0,1729.0,1562.0,3444.0,2405.0,434.0,7342.0,1
4943,170000.0,1,28,2,1,-2,-1,0,-1,0,0,0.0,102761.0,87071.0,102871.0,99185.0,108962.0,15135.0,87071.0,22977.0,99185.0,30027.0,30475.0,0
4944,180000.0,1,37,2,2,0,0,-1,-1,-1,-1,39096.0,34624.0,68454.0,27618.0,52336.0,71114.0,5280.0,5959.0,27618.0,52336.0,71114.0,71114.0,0
4945,140000.0,1,37,2,1,0,-1,-1,-1,-1,-1,25256.0,5563.0,12286.0,-2800.0,23183.0,6067.0,2886.0,12286.0,0.0,23183.0,6067.0,6067.0,0
4946,70000.0,2,29,3,1,2,0,0,0,0,-1,10208.0,9616.0,11037.0,20303.0,12782.0,14156.0,378.0,3674.0,3908.0,2272.0,522.0,14156.0,0
4947,340000.0,2,42,1,1,0,-1,1,0,0,-2,190177.0,173842.0,223166.0,182167.0,177083.0,0.0,12165.0,223166.0,1232.0,5452.0,0.0,0.0,0
4948,40000.0,2,38,3,1,0,0,4,3,2,0,29583.0,29345.0,36361.0,32742.0,36086.0,28258.0,717.0,382.0,76.0,143.0,142.0,660.0,0
4949,200000.0,2,35,3,2,-1,0,0,-1,0,-1,28519.0,2832.0,7136.0,22394.0,-4000.0,14014.0,2832.0,3909.0,11209.0,0.0,3246.0,14014.0,0
4950,320000.0,1,25,2,2,-1,0,2,1,0,0,159312.0,187454.0,136239.0,155631.0,139475.0,172137.0,187454.0,6777.0,1863.0,2113.0,3409.0,9579.0,0
4951,120000.0,2,42,2,2,0,-1,-1,0,0,0,52817.0,42008.0,47459.0,52067.0,46770.0,30891.0,4032.0,47459.0,52067.0,10755.0,9253.0,5482.0,0
4952,110000.0,2,44,2,1,-1,0,0,0,0,0,25230.0,18898.0,29794.0,25252.0,24545.0,21300.0,18898.0,7850.0,1497.0,11686.0,10204.0,9677.0,0
4953,680000.0,2,32,1,2,0,0,0,0,0,-1,326237.0,290404.0,189833.0,315452.0,274382.0,359463.0,8378.0,64282.0,33195.0,65935.0,22682.0,359463.0,0
4954,100000.0,1,28,2,2,1,0,0,2,0,-1,46510.0,22261.0,27023.0,33503.0,34885.0,25228.0,238.0,656.0,3831.0,593.0,2756.0,25228.0,1
4955,90000.0,1,39,2,2,2,1,0,0,0,0,80859.0,68107.0,72242.0,77745.0,69934.0,65599.0,1040.0,1359.0,3211.0,3613.0,5793.0,5382.0,0
4956,220000.0,2,26,2,2,0,0,0,0,0,2,73123.0,47357.0,43837.0,91043.0,70514.0,37536.0,9920.0,1519.0,23979.0,2899.0,4572.0,380.0,0
4957,60000.0,2,39,2,2,2,0,0,0,0,0,37878.0,50770.0,38705.0,40391.0,41829.0,46561.0,527.0,2554.0,2595.0,823.0,587.0,2939.0,1
4958,40000.0,1,28,1,2,2,1,0,1,2,1,26959.0,20276.0,22385.0,22863.0,30394.0,22900.0,314.0,686.0,2321.0,485.0,1916.0,515.0,1
4959,210000.0,2,46,1,1,2,0,0,0,3,2,66316.0,88944.0,66330.0,62656.0,82475.0,95851.0,966.0,3377.0,11592.0,13146.0,3162.0,4122.0,1
4960,120000.0,1,28,1,2,2,1,2,3,2,1,100950.0,96713.0,75196.0,98092.0,103976.0,95350.0,246.0,176.0,325.0,107.0,1528.0,361.0,1
4961,100000.0,1,33,1,1,-1,0,0,0,0,0,37714.0,42624.0,47227.0,38794.0,43818.0,33742.0,42624.0,4441.0,8920.0,4305.0,5060.0,7687.0,0
4962,70000.0,1,33,2,2,-1,-2,-1,0,0,0,24676.0,0.0,24292.0,22442.0,22010.0,11383.0,0.0,8266.0,22442.0,3831.0,5251.0,8182.0,0
4963,130000.0,2,42,1,2,-2,0,1,0,1,0,0.0,75596.0,111562.0,111187.0,91568.0,112981.0,10423.0,3388.0,439.0,4444.0,865.0,7025.0,1
4964,90000.0,2,27,2,1,0,0,0,0,0,0,55135.0,32912.0,51253.0,52377.0,54974.0,51428.0,2893.0,5364.0,18774.0,1431.0,10287.0,3339.0,0
4965,30000.0,2,52,2,1,0,0,0,0,0,0,13970.0,7986.0,9416.0,6806.0,9265.0,11407.0,1885.0,305.0,398.0,3453.0,7184.0,4712.0,0
4966,330000.0,2,41,1,2,0,2,1,0,2,1,177609.0,189924.0,147097.0,181012.0,168865.0,189390.0,10314.0,1054.0,1435.0,6286.0,4106.0,4402.0,1
4967,70000.0,1,30,3,1,0,0,0,0,0,-2,38707.0,36872.0,32313.0,39853.0,44876.0,0.0,4477.0,300.0,1875.0,2647.0,0.0,0.0,1
4968,70000.0,2,30,3,1,-2,-2,0,0,-1,0,0.0,0.0,23472.0,33005.0,21159.0,20304.0,0.0,3970.0,7630.0,7302.0,20304.0,2570.0,0
4969,100000.0,2,36,2,2,2,1,0,0,3,2,27134.0,29556.0,33274.0,39162.0,21578.0,29673.0,506.0,677.0,2565.0,1358.0,632.0,3294.0,0
4970,210000.0,1,28,2,1,0,-1,-1,0,-1,-1,2768.0,-4200.0,7210.0,-171.0,9546.0,2447.0,0.0,7210.0,0.0,6532.0,2447.0,2447.0,0
4971,150000.0,2,33,2,2,-1,0,0,-2,-1,0,87509.0,115940.0,118073.0,0.0,103492.0,104225.0,115940.0,65292.0,0.0,14376.0,104225.0,7723.0,0
4972,650000.0,2,43,5,2,-1,-1,-1,0,-1,-1,-13000.0,29320.0,9155.0,29057.0,-12439.0,31180.0,29320.0,9155.0,29057.0,0.0,31180.0,31180.0,0
4973,30000.0,1,40,2,1,0,0,-1,0,-1,0,11205.0,11454.0,6964.0,13213.0,10665.0,6410.0,534.0,2266.0,13213.0,2345.0,6410.0,2880.0,0
4974,200000.0,2,27,2,2,-2,0,2,0,0,0,0.0,130251.0,152805.0,156479.0,143176.0,146222.0,444.0,6208.0,532.0,6532.0,31400.0,18802.0,0
4975,350000.0,1,34,1,2,-1,0,0,-2,0,0,78298.0,49805.0,95156.0,0.0,96866.0,99406.0,49805.0,6536.0,0.0,36495.0,29289.0,28383.0,0
4976,20000.0,1,30,2,2,-1,0,-1,-2,-2,-2,4253.0,8325.0,3895.0,0.0,0.0,0.0,8325.0,2036.0,0.0,0.0,0.0,0.0,0
4977,210000.0,2,43,2,1,0,-2,-1,0,0,0,54257.0,0.0,83599.0,47460.0,75135.0,40250.0,0.0,21399.0,47460.0,26368.0,24467.0,3261.0,0
4978,130000.0,2,47,2,1,0,0,0,0,0,1,61682.0,72839.0,87901.0,82089.0,72940.0,61925.0,14281.0,1999.0,19209.0,6085.0,8184.0,1302.0,1
4979,160000.0,1,33,1,1,0,0,0,-1,0,0,19501.0,20851.0,23605.0,2181.0,17354.0,27148.0,6948.0,6023.0,455.0,17354.0,7650.0,2379.0,0
4980,100000.0,2,42,3,2,0,0,-1,4,3,2,26138.0,48476.0,30709.0,48155.0,33495.0,49932.0,2575.0,1302.0,48155.0,3288.0,941.0,2730.0,0
4981,160000.0,2,33,2,2,-1,0,-1,-1,-2,0,63725.0,72263.0,75971.0,66141.0,0.0,68048.0,72263.0,21256.0,66141.0,0.0,16580.0,4204.0,1
4982,90000.0,1,32,2,2,0,-2,0,0,-1,0,13224.0,0.0,18705.0,23070.0,18492.0,2652.0,0.0,7855.0,10391.0,2290.0,2652.0,755.0,0
4983,100000.0,2,27,1,2,3,2,1,0,1,0,75290.0,66306.0,73729.0,66546.0,61367.0,63412.0,1634.0,428.0,470.0,1160.0,4018.0,5368.0,1
4984,340000.0,2,32,1,1,-2,-1,-1,-2,0,0,0.0,22576.0,37868.0,0.0,55494.0,17139.0,11508.0,37868.0,0.0,32421.0,5039.0,8244.0,0
4985,120000.0,1,31,2,1,0,-2,0,0,-2,0,31168.0,0.0,26328.0,27073.0,0.0,34535.0,0.0,4152.0,20166.0,0.0,12921.0,4951.0,0
4986,360000.0,2,45,1,1,-1,-1,-1,-1,-1,0,-7200.0,47799.0,17339.0,22233.0,66032.0,30861.0,47799.0,17339.0,22233.0,66032.0,30861.0,14999.0,0
4987,620000.0,2,38,3,1,0,-2,0,2,0,-1,135216.0,0.0,120177.0,135621.0,66584.0,197764.0,0.0,7845.0,18274.0,8018.0,40162.0,197764.0,0
4988,70000.0,2,32,1,2,0,4,3,2,0,-1,42141.0,27898.0,31611.0,30255.0,28239.0,27541.0,6359.0,472.0,1007.0,1119.0,4846.0,27541.0,1
4989,90000.0,2,33,1,2,0,0,0,2,1,0,53593.0,62714.0,54361.0,44014.0,60539.0,68935.0,7165.0,13966.0,2898.0,1829.0,4093.0,16994.0,0
4990,80000.0,2,40,2,2,1,0,4,3,2,0,31711.0,49981.0,42390.0,49820.0,49071.0,38505.0,505.0,7098.0,1127.0,627.0,477.0,1490.0,0
4991,150000.0,1,55,2,1,0,0,-2,0,3,2,88125.0,102895.0,0.0,145614.0,100908.0,114058.0,11096.0,0.0,7693.0,17771.0,2018.0,658.0,0
4992,440000.0,1,43,5,2,0,0,0,-1,-1,-1,-8800.0,2024.0,71816.0,103025.0,21731.0,20296.0,680.0,42182.0,59738.0,21731.0,20296.0,20296.0,0
4993,180000.0,1,41,2,1,-1,-1,-1,-1,-2,0,97824.0,116335.0,105053.0,77748.0,0.0,93913.0,116335.0,105053.0,77748.0,0.0,55368.0,14103.0,0
4994,210000.0,2,39,3,1,0,0,0,0,1,0,150428.0,173518.0,110619.0,168306.0,159694.0,156209.0,2876.0,3021.0,1790.0,9868.0,506.0,20419.0,0
4995,760000.0,2,46,1,1,1,2,1,2,1,0,516739.0,580893.0,485025.0,518895.0,622900.0,529004.0,4963.0,6403.0,25878.0,17208.0,7881.0,9059.0,1
4996,40000.0,2,36,1,1,2,1,0,2,1,0,15810.0,14319.0,19625.0,22896.0,11071.0,18849.0,204.0,150.0,922.0,366.0,23.0,154.0,1
4997,150000.0,2,43,1,1,-1,-1,0,0,0,0,28275.0,35081.0,47201.0,48769.0,48806.0,32880.0,35081.0,47201.0,12825.0,13638.0,11916.0,10370.0,0
4998,50000.0,1,30,3,2,0,0,0,0,-1,0,6046.0,6524.0,8708.0,4081.0,8015.0,2093.0,715.0,3998.0,750.0,386.0,2093.0,582.0,0
4999,150000.0,1,29,2,2,-2,0,0,0,0,1,0.0,93965.0,94566.0,112915.0,105122.0,65205.0,1912.0,4981.0,12386.0,2064.0,3808.0,3286.0,0
5000,70000.0,2,48,2,1,3,2,0,-2,0,0,42074.0,57804.0,46477.0,0.0,45041.0,56294.0,390.0,399.0,0.0,7630.0,422.0,1450.0,1
